{"metadata":{},"options":{"plugins":[{"key":"base$1$0","visitor":{"_exploded":{},"_verified":{},"JSXNamespacedName":{"enter":[null]},"JSXElement":{"exit":[null]},"JSXFragment":{"exit":[null]},"Program":{"enter":[null],"exit":[null]},"JSXAttribute":{"enter":[null]}},"options":{"pragma":"React.createElement","pragmaFrag":"React.Fragment","throwIfNamespace":true,"useBuiltIns":false}},{"key":"base$1$1","visitor":{"_exploded":true,"_verified":true},"options":{}},{"key":"base$1$2","visitor":{"ExportDefaultDeclaration":{"enter":[null]},"CallExpression":{"enter":[null]},"_exploded":true,"_verified":true},"options":{}},{"key":"base$0$0","visitor":{"Program":{"enter":[null]},"_exploded":true,"_verified":true},"options":{"generateLetDeclarations":true,"enforceStrictMode":false}},{"key":"base$0$1","visitor":{"_exploded":true,"_verified":true},"options":{}},{"key":"base$0$2","visitor":{"_exploded":{},"_verified":{},"Program":{"enter":[null]},"ImportDeclaration":{"enter":[null,null]},"ClassProperty":{"enter":[null]},"AssignmentPattern":{"enter":[null]},"TypeCastExpression":{"enter":[null,null]},"ImportSpecifier":{"enter":[null]},"ClassDeclaration":{"enter":[null]},"ClassExpression":{"enter":[null]},"FunctionDeclaration":{"enter":[null]},"FunctionExpression":{"enter":[null]},"ObjectMethod":{"enter":[null]},"ArrowFunctionExpression":{"enter":[null]},"ClassMethod":{"enter":[null]},"AnyTypeAnnotation":{"enter":[null]},"ArrayTypeAnnotation":{"enter":[null]},"BooleanTypeAnnotation":{"enter":[null]},"BooleanLiteralTypeAnnotation":{"enter":[null]},"NullLiteralTypeAnnotation":{"enter":[null]},"ClassImplements":{"enter":[null]},"DeclareClass":{"enter":[null]},"DeclareFunction":{"enter":[null]},"DeclareInterface":{"enter":[null]},"DeclareModule":{"enter":[null]},"DeclareModuleExports":{"enter":[null]},"DeclareTypeAlias":{"enter":[null]},"DeclareOpaqueType":{"enter":[null]},"DeclareVariable":{"enter":[null]},"DeclareExportDeclaration":{"enter":[null]},"DeclareExportAllDeclaration":{"enter":[null]},"DeclaredPredicate":{"enter":[null]},"ExistsTypeAnnotation":{"enter":[null]},"FunctionTypeAnnotation":{"enter":[null]},"FunctionTypeParam":{"enter":[null]},"GenericTypeAnnotation":{"enter":[null]},"InferredPredicate":{"enter":[null]},"InterfaceExtends":{"enter":[null]},"InterfaceDeclaration":{"enter":[null]},"IntersectionTypeAnnotation":{"enter":[null]},"MixedTypeAnnotation":{"enter":[null]},"EmptyTypeAnnotation":{"enter":[null]},"NullableTypeAnnotation":{"enter":[null]},"NumberLiteralTypeAnnotation":{"enter":[null]},"NumberTypeAnnotation":{"enter":[null]},"ObjectTypeAnnotation":{"enter":[null]},"ObjectTypeCallProperty":{"enter":[null]},"ObjectTypeIndexer":{"enter":[null]},"ObjectTypeProperty":{"enter":[null]},"ObjectTypeSpreadProperty":{"enter":[null]},"OpaqueType":{"enter":[null]},"QualifiedTypeIdentifier":{"enter":[null]},"StringLiteralTypeAnnotation":{"enter":[null]},"StringTypeAnnotation":{"enter":[null]},"ThisTypeAnnotation":{"enter":[null]},"TupleTypeAnnotation":{"enter":[null]},"TypeofTypeAnnotation":{"enter":[null]},"TypeAlias":{"enter":[null]},"TypeAnnotation":{"enter":[null]},"TypeParameter":{"enter":[null]},"TypeParameterDeclaration":{"enter":[null]},"TypeParameterInstantiation":{"enter":[null]},"UnionTypeAnnotation":{"enter":[null]},"Variance":{"enter":[null]},"VoidTypeAnnotation":{"enter":[null]},"ExportAllDeclaration":{"enter":[null]},"ExportDefaultDeclaration":{"enter":[null]},"ExportNamedDeclaration":{"enter":[null]}},"options":{}},{"key":"base$0$3","visitor":{"CallExpression":{"enter":[null]},"BinaryExpression":{"enter":[null]},"MemberExpression":{"enter":[null],"exit":[null]},"_exploded":true,"_verified":true,"Identifier":{"enter":[null]},"JSXIdentifier":{"enter":[null]}},"options":{"polyfill":false,"useBuiltIns":true}},{"key":"base$0$4","visitor":{"_exploded":true,"_verified":true},"options":{}},{"key":"base$0$5","visitor":{"_exploded":{},"_verified":{},"VariableDeclarator":{"enter":[null]},"ExportNamedDeclaration":{"enter":[null]},"CatchClause":{"enter":[null]},"AssignmentExpression":{"enter":[null]},"ObjectExpression":{"enter":[null]},"FunctionDeclaration":{"enter":[null]},"FunctionExpression":{"enter":[null]},"ObjectMethod":{"enter":[null]},"ArrowFunctionExpression":{"enter":[null]},"ClassMethod":{"enter":[null]},"ForInStatement":{"enter":[null]},"ForOfStatement":{"enter":[null]}},"options":{}},{"key":"transform-meteor-async-await","visitor":{"AwaitExpression":{"enter":[null]},"_exploded":true,"_verified":true,"FunctionDeclaration":{"exit":[null]},"FunctionExpression":{"exit":[null]},"ObjectMethod":{"exit":[null]},"ArrowFunctionExpression":{"exit":[null]},"ClassMethod":{"exit":[null]}},"options":{"useNativeAsyncAwait":false}},{"key":"transform-meteor-dynamic-import","visitor":{"_exploded":{},"_verified":{},"CallExpression":{"enter":[null]}},"options":{}},{"key":"base$0$8","visitor":{"_exploded":{},"_verified":{},"Program":{"enter":[null]}},"options":{}},{"key":"base$0$9","visitor":{"Program":{"exit":[null]},"_exploded":true,"_verified":true},"options":{"allowTopLevelThis":true,"strictMode":false,"loose":true}},{"key":"base$0$10","visitor":{"_exploded":{},"_verified":{},"ClassDeclaration":{"enter":[null]},"ClassExpression":{"enter":[null]}},"options":{"loose":true}}],"compact":false,"ast":true,"babelrc":false,"sourceFileName":"packages/webapp/webapp_server.js","filename":"packages/webapp/webapp_server.js","sourceMaps":true,"envName":"development","cwd":"/Users/linjoe/MEGA/7code/web/taxiapp/client/compatibility","passPerPreset":false,"presets":[],"parserOpts":{"sourceType":"module","sourceFileName":"packages/webapp/webapp_server.js","plugins":["jsx","jsx","flow","flow","objectRestSpread","objectRestSpread","dynamicImport","asyncGenerators","classProperties"]},"generatorOpts":{"filename":"packages/webapp/webapp_server.js","comments":true,"compact":false,"sourceMaps":true,"sourceFileName":"packages/webapp/webapp_server.js"}},"code":"const module1 = module;\nmodule1.export({\n  WebApp: () => WebApp,\n  WebAppInternals: () => WebAppInternals\n});\nlet assert;\nmodule1.watch(require(\"assert\"), {\n  default(v) {\n    assert = v;\n  }\n\n}, 0);\nlet readFile;\nmodule1.watch(require(\"fs\"), {\n  readFile(v) {\n    readFile = v;\n  }\n\n}, 1);\nlet createServer;\nmodule1.watch(require(\"http\"), {\n  createServer(v) {\n    createServer = v;\n  }\n\n}, 2);\nlet pathJoin, pathDirname;\nmodule1.watch(require(\"path\"), {\n  join(v) {\n    pathJoin = v;\n  },\n\n  dirname(v) {\n    pathDirname = v;\n  }\n\n}, 3);\nlet parseUrl;\nmodule1.watch(require(\"url\"), {\n  parse(v) {\n    parseUrl = v;\n  }\n\n}, 4);\nlet createHash;\nmodule1.watch(require(\"crypto\"), {\n  createHash(v) {\n    createHash = v;\n  }\n\n}, 5);\nlet connect;\nmodule1.watch(require(\"./connect.js\"), {\n  connect(v) {\n    connect = v;\n  }\n\n}, 6);\nlet compress;\nmodule1.watch(require(\"compression\"), {\n  default(v) {\n    compress = v;\n  }\n\n}, 7);\nlet cookieParser;\nmodule1.watch(require(\"cookie-parser\"), {\n  default(v) {\n    cookieParser = v;\n  }\n\n}, 8);\nlet query;\nmodule1.watch(require(\"qs-middleware\"), {\n  default(v) {\n    query = v;\n  }\n\n}, 9);\nlet parseRequest;\nmodule1.watch(require(\"parseurl\"), {\n  default(v) {\n    parseRequest = v;\n  }\n\n}, 10);\nlet basicAuth;\nmodule1.watch(require(\"basic-auth-connect\"), {\n  default(v) {\n    basicAuth = v;\n  }\n\n}, 11);\nlet lookupUserAgent;\nmodule1.watch(require(\"useragent\"), {\n  lookup(v) {\n    lookupUserAgent = v;\n  }\n\n}, 12);\nlet send;\nmodule1.watch(require(\"send\"), {\n  default(v) {\n    send = v;\n  }\n\n}, 13);\nlet removeExistingSocketFile, registerSocketFileCleanup;\nmodule1.watch(require(\"./socket_file.js\"), {\n  removeExistingSocketFile(v) {\n    removeExistingSocketFile = v;\n  },\n\n  registerSocketFileCleanup(v) {\n    registerSocketFileCleanup = v;\n  }\n\n}, 14);\nvar SHORT_SOCKET_TIMEOUT = 5 * 1000;\nvar LONG_SOCKET_TIMEOUT = 120 * 1000;\nconst WebApp = {};\nconst WebAppInternals = {};\n// backwards compat to 2.0 of connect\nconnect.basicAuth = basicAuth;\nWebAppInternals.NpmModules = {\n  connect: {\n    version: Npm.require('connect/package.json').version,\n    module: connect\n  }\n};\nWebApp.defaultArch = 'web.browser'; // XXX maps archs to manifests\n\nWebApp.clientPrograms = {}; // XXX maps archs to program path on filesystem\n\nvar archPath = {};\n\nvar bundledJsCssUrlRewriteHook = function (url) {\n  var bundledPrefix = __meteor_runtime_config__.ROOT_URL_PATH_PREFIX || '';\n  return bundledPrefix + url;\n};\n\nvar sha1 = function (contents) {\n  var hash = createHash('sha1');\n  hash.update(contents);\n  return hash.digest('hex');\n};\n\nvar readUtf8FileSync = function (filename) {\n  return Meteor.wrapAsync(readFile)(filename, 'utf8');\n}; // #BrowserIdentification\n//\n// We have multiple places that want to identify the browser: the\n// unsupported browser page, the appcache package, and, eventually\n// delivering browser polyfills only as needed.\n//\n// To avoid detecting the browser in multiple places ad-hoc, we create a\n// Meteor \"browser\" object. It uses but does not expose the npm\n// useragent module (we could choose a different mechanism to identify\n// the browser in the future if we wanted to).  The browser object\n// contains\n//\n// * `name`: the name of the browser in camel case\n// * `major`, `minor`, `patch`: integers describing the browser version\n//\n// Also here is an early version of a Meteor `request` object, intended\n// to be a high-level description of the request without exposing\n// details of connect's low-level `req`.  Currently it contains:\n//\n// * `browser`: browser identification object described above\n// * `url`: parsed url, including parsed query params\n//\n// As a temporary hack there is a `categorizeRequest` function on WebApp which\n// converts a connect `req` to a Meteor `request`. This can go away once smart\n// packages such as appcache are being passed a `request` object directly when\n// they serve content.\n//\n// This allows `request` to be used uniformly: it is passed to the html\n// attributes hook, and the appcache package can use it when deciding\n// whether to generate a 404 for the manifest.\n//\n// Real routing / server side rendering will probably refactor this\n// heavily.\n// e.g. \"Mobile Safari\" => \"mobileSafari\"\n\n\nvar camelCase = function (name) {\n  var parts = name.split(' ');\n  parts[0] = parts[0].toLowerCase();\n\n  for (var i = 1; i < parts.length; ++i) {\n    parts[i] = parts[i].charAt(0).toUpperCase() + parts[i].substr(1);\n  }\n\n  return parts.join('');\n};\n\nvar identifyBrowser = function (userAgentString) {\n  var userAgent = lookupUserAgent(userAgentString);\n  return {\n    name: camelCase(userAgent.family),\n    major: +userAgent.major,\n    minor: +userAgent.minor,\n    patch: +userAgent.patch\n  };\n}; // XXX Refactor as part of implementing real routing.\n\n\nWebAppInternals.identifyBrowser = identifyBrowser;\n\nWebApp.categorizeRequest = function (req) {\n  return _.extend({\n    browser: identifyBrowser(req.headers['user-agent']),\n    url: parseUrl(req.url, true)\n  }, _.pick(req, 'dynamicHead', 'dynamicBody', 'headers', 'cookies'));\n}; // HTML attribute hooks: functions to be called to determine any attributes to\n// be added to the '<html>' tag. Each function is passed a 'request' object (see\n// #BrowserIdentification) and should return null or object.\n\n\nvar htmlAttributeHooks = [];\n\nvar getHtmlAttributes = function (request) {\n  var combinedAttributes = {};\n\n  _.each(htmlAttributeHooks || [], function (hook) {\n    var attributes = hook(request);\n    if (attributes === null) return;\n    if (typeof attributes !== 'object') throw Error(\"HTML attribute hook must return null or object\");\n\n    _.extend(combinedAttributes, attributes);\n  });\n\n  return combinedAttributes;\n};\n\nWebApp.addHtmlAttributeHook = function (hook) {\n  htmlAttributeHooks.push(hook);\n}; // Serve app HTML for this URL?\n\n\nvar appUrl = function (url) {\n  if (url === '/favicon.ico' || url === '/robots.txt') return false; // NOTE: app.manifest is not a web standard like favicon.ico and\n  // robots.txt. It is a file name we have chosen to use for HTML5\n  // appcache URLs. It is included here to prevent using an appcache\n  // then removing it from poisoning an app permanently. Eventually,\n  // once we have server side routing, this won't be needed as\n  // unknown URLs with return a 404 automatically.\n\n  if (url === '/app.manifest') return false; // Avoid serving app HTML for declared routes such as /sockjs/.\n\n  if (RoutePolicy.classify(url)) return false; // we currently return app HTML on all URLs by default\n\n  return true;\n}; // We need to calculate the client hash after all packages have loaded\n// to give them a chance to populate __meteor_runtime_config__.\n//\n// Calculating the hash during startup means that packages can only\n// populate __meteor_runtime_config__ during load, not during startup.\n//\n// Calculating instead it at the beginning of main after all startup\n// hooks had run would allow packages to also populate\n// __meteor_runtime_config__ during startup, but that's too late for\n// autoupdate because it needs to have the client hash at startup to\n// insert the auto update version itself into\n// __meteor_runtime_config__ to get it to the client.\n//\n// An alternative would be to give autoupdate a \"post-start,\n// pre-listen\" hook to allow it to insert the auto update version at\n// the right moment.\n\n\nMeteor.startup(function () {\n  var calculateClientHash = WebAppHashing.calculateClientHash;\n\n  WebApp.clientHash = function (archName) {\n    archName = archName || WebApp.defaultArch;\n    return calculateClientHash(WebApp.clientPrograms[archName].manifest);\n  };\n\n  WebApp.calculateClientHashRefreshable = function (archName) {\n    archName = archName || WebApp.defaultArch;\n    return calculateClientHash(WebApp.clientPrograms[archName].manifest, function (name) {\n      return name === \"css\";\n    });\n  };\n\n  WebApp.calculateClientHashNonRefreshable = function (archName) {\n    archName = archName || WebApp.defaultArch;\n    return calculateClientHash(WebApp.clientPrograms[archName].manifest, function (name) {\n      return name !== \"css\";\n    });\n  };\n\n  WebApp.calculateClientHashCordova = function () {\n    var archName = 'web.cordova';\n    if (!WebApp.clientPrograms[archName]) return 'none';\n    return calculateClientHash(WebApp.clientPrograms[archName].manifest, null, _.pick(__meteor_runtime_config__, 'PUBLIC_SETTINGS'));\n  };\n}); // When we have a request pending, we want the socket timeout to be long, to\n// give ourselves a while to serve it, and to allow sockjs long polls to\n// complete.  On the other hand, we want to close idle sockets relatively\n// quickly, so that we can shut down relatively promptly but cleanly, without\n// cutting off anyone's response.\n\nWebApp._timeoutAdjustmentRequestCallback = function (req, res) {\n  // this is really just req.socket.setTimeout(LONG_SOCKET_TIMEOUT);\n  req.setTimeout(LONG_SOCKET_TIMEOUT); // Insert our new finish listener to run BEFORE the existing one which removes\n  // the response from the socket.\n\n  var finishListeners = res.listeners('finish'); // XXX Apparently in Node 0.12 this event was called 'prefinish'.\n  // https://github.com/joyent/node/commit/7c9b6070\n  // But it has switched back to 'finish' in Node v4:\n  // https://github.com/nodejs/node/pull/1411\n\n  res.removeAllListeners('finish');\n  res.on('finish', function () {\n    res.setTimeout(SHORT_SOCKET_TIMEOUT);\n  });\n\n  _.each(finishListeners, function (l) {\n    res.on('finish', l);\n  });\n}; // Will be updated by main before we listen.\n// Map from client arch to boilerplate object.\n// Boilerplate object has:\n//   - func: XXX\n//   - baseData: XXX\n\n\nvar boilerplateByArch = {}; // Register a callback function that can selectively modify boilerplate\n// data given arguments (request, data, arch). The key should be a unique\n// identifier, to prevent accumulating duplicate callbacks from the same\n// call site over time. Callbacks will be called in the order they were\n// registered. A callback should return false if it did not make any\n// changes affecting the boilerplate. Passing null deletes the callback.\n// Any previous callback registered for this key will be returned.\n\nconst boilerplateDataCallbacks = Object.create(null);\n\nWebAppInternals.registerBoilerplateDataCallback = function (key, callback) {\n  const previousCallback = boilerplateDataCallbacks[key];\n\n  if (typeof callback === \"function\") {\n    boilerplateDataCallbacks[key] = callback;\n  } else {\n    assert.strictEqual(callback, null);\n    delete boilerplateDataCallbacks[key];\n  } // Return the previous callback in case the new callback needs to call\n  // it; for example, when the new callback is a wrapper for the old.\n\n\n  return previousCallback || null;\n}; // Given a request (as returned from `categorizeRequest`), return the\n// boilerplate HTML to serve for that request.\n//\n// If a previous connect middleware has rendered content for the head or body,\n// returns the boilerplate with that content patched in otherwise\n// memoizes on HTML attributes (used by, eg, appcache) and whether inline\n// scripts are currently allowed.\n// XXX so far this function is always called with arch === 'web.browser'\n\n\nfunction getBoilerplate(request, arch) {\n  return getBoilerplateAsync(request, arch).await();\n}\n\nfunction getBoilerplateAsync(request, arch) {\n  const boilerplate = boilerplateByArch[arch];\n  const data = Object.assign({}, boilerplate.baseData, {\n    htmlAttributes: getHtmlAttributes(request)\n  }, _.pick(request, \"dynamicHead\", \"dynamicBody\"));\n  let madeChanges = false;\n  let promise = Promise.resolve();\n  Object.keys(boilerplateDataCallbacks).forEach(key => {\n    promise = promise.then(() => {\n      const callback = boilerplateDataCallbacks[key];\n      return callback(request, data, arch);\n    }).then(result => {\n      // Callbacks should return false if they did not make any changes.\n      if (result !== false) {\n        madeChanges = true;\n      }\n    });\n  });\n  return promise.then(() => ({\n    stream: boilerplate.toHTMLStream(data),\n    statusCode: data.statusCode,\n    headers: data.headers\n  }));\n}\n\nWebAppInternals.generateBoilerplateInstance = function (arch, manifest, additionalOptions) {\n  additionalOptions = additionalOptions || {};\n\n  var runtimeConfig = _.extend(_.clone(__meteor_runtime_config__), additionalOptions.runtimeConfigOverrides || {});\n\n  return new Boilerplate(arch, manifest, _.extend({\n    pathMapper: function (itemPath) {\n      return pathJoin(archPath[arch], itemPath);\n    },\n    baseDataExtension: {\n      additionalStaticJs: _.map(additionalStaticJs || [], function (contents, pathname) {\n        return {\n          pathname: pathname,\n          contents: contents\n        };\n      }),\n      // Convert to a JSON string, then get rid of most weird characters, then\n      // wrap in double quotes. (The outermost JSON.stringify really ought to\n      // just be \"wrap in double quotes\" but we use it to be safe.) This might\n      // end up inside a <script> tag so we need to be careful to not include\n      // \"</script>\", but normal {{spacebars}} escaping escapes too much! See\n      // https://github.com/meteor/meteor/issues/3730\n      meteorRuntimeConfig: JSON.stringify(encodeURIComponent(JSON.stringify(runtimeConfig))),\n      rootUrlPathPrefix: __meteor_runtime_config__.ROOT_URL_PATH_PREFIX || '',\n      bundledJsCssUrlRewriteHook: bundledJsCssUrlRewriteHook,\n      inlineScriptsAllowed: WebAppInternals.inlineScriptsAllowed(),\n      inline: additionalOptions.inline\n    }\n  }, additionalOptions));\n}; // A mapping from url path to \"info\". Where \"info\" has the following fields:\n// - type: the type of file to be served\n// - cacheable: optionally, whether the file should be cached or not\n// - sourceMapUrl: optionally, the url of the source map\n//\n// Info also contains one of the following:\n// - content: the stringified content that should be served at this path\n// - absolutePath: the absolute path on disk to the file\n\n\nvar staticFiles; // Serve static files from the manifest or added with\n// `addStaticJs`. Exported for tests.\n\nWebAppInternals.staticFilesMiddleware = function (staticFiles, req, res, next) {\n  if ('GET' != req.method && 'HEAD' != req.method && 'OPTIONS' != req.method) {\n    next();\n    return;\n  }\n\n  var pathname = parseRequest(req).pathname;\n\n  try {\n    pathname = decodeURIComponent(pathname);\n  } catch (e) {\n    next();\n    return;\n  }\n\n  var serveStaticJs = function (s) {\n    res.writeHead(200, {\n      'Content-type': 'application/javascript; charset=UTF-8'\n    });\n    res.write(s);\n    res.end();\n  };\n\n  if (pathname === \"/meteor_runtime_config.js\" && !WebAppInternals.inlineScriptsAllowed()) {\n    serveStaticJs(\"__meteor_runtime_config__ = \" + JSON.stringify(__meteor_runtime_config__) + \";\");\n    return;\n  } else if (_.has(additionalStaticJs, pathname) && !WebAppInternals.inlineScriptsAllowed()) {\n    serveStaticJs(additionalStaticJs[pathname]);\n    return;\n  }\n\n  if (!_.has(staticFiles, pathname)) {\n    next();\n    return;\n  } // We don't need to call pause because, unlike 'static', once we call into\n  // 'send' and yield to the event loop, we never call another handler with\n  // 'next'.\n\n\n  var info = staticFiles[pathname]; // Cacheable files are files that should never change. Typically\n  // named by their hash (eg meteor bundled js and css files).\n  // We cache them ~forever (1yr).\n\n  var maxAge = info.cacheable ? 1000 * 60 * 60 * 24 * 365 : 0; // Set the X-SourceMap header, which current Chrome, FireFox, and Safari\n  // understand.  (The SourceMap header is slightly more spec-correct but FF\n  // doesn't understand it.)\n  //\n  // You may also need to enable source maps in Chrome: open dev tools, click\n  // the gear in the bottom right corner, and select \"enable source maps\".\n\n  if (info.sourceMapUrl) {\n    res.setHeader('X-SourceMap', __meteor_runtime_config__.ROOT_URL_PATH_PREFIX + info.sourceMapUrl);\n  }\n\n  if (info.type === \"js\" || info.type === \"dynamic js\") {\n    res.setHeader(\"Content-Type\", \"application/javascript; charset=UTF-8\");\n  } else if (info.type === \"css\") {\n    res.setHeader(\"Content-Type\", \"text/css; charset=UTF-8\");\n  } else if (info.type === \"json\") {\n    res.setHeader(\"Content-Type\", \"application/json; charset=UTF-8\");\n  }\n\n  if (info.hash) {\n    res.setHeader('ETag', '\"' + info.hash + '\"');\n  }\n\n  if (info.content) {\n    res.write(info.content);\n    res.end();\n  } else {\n    send(req, info.absolutePath, {\n      maxage: maxAge,\n      dotfiles: 'allow',\n      // if we specified a dotfile in the manifest, serve it\n      lastModified: false // don't set last-modified based on the file date\n\n    }).on('error', function (err) {\n      Log.error(\"Error serving static file \" + err);\n      res.writeHead(500);\n      res.end();\n    }).on('directory', function () {\n      Log.error(\"Unexpected directory \" + info.absolutePath);\n      res.writeHead(500);\n      res.end();\n    }).pipe(res);\n  }\n};\n\nvar getUrlPrefixForArch = function (arch) {\n  // XXX we rely on the fact that arch names don't contain slashes\n  // in that case we would need to uri escape it\n  // We add '__' to the beginning of non-standard archs to \"scope\" the url\n  // to Meteor internals.\n  return arch === WebApp.defaultArch ? '' : '/' + '__' + arch.replace(/^web\\./, '');\n}; // Parse the passed in port value. Return the port as-is if it's a String\n// (e.g. a Windows Server style named pipe), otherwise return the port as an\n// integer.\n//\n// DEPRECATED: Direct use of this function is not recommended; it is no\n// longer used internally, and will be removed in a future release.\n\n\nWebAppInternals.parsePort = port => {\n  let parsedPort = parseInt(port);\n\n  if (Number.isNaN(parsedPort)) {\n    parsedPort = port;\n  }\n\n  return parsedPort;\n};\n\nfunction runWebAppServer() {\n  var shuttingDown = false;\n  var syncQueue = new Meteor._SynchronousQueue();\n\n  var getItemPathname = function (itemUrl) {\n    return decodeURIComponent(parseUrl(itemUrl).pathname);\n  };\n\n  WebAppInternals.reloadClientPrograms = function () {\n    syncQueue.runTask(function () {\n      staticFiles = {};\n\n      var generateClientProgram = function (clientPath, arch) {\n        // read the control for the client we'll be serving up\n        var clientJsonPath = pathJoin(__meteor_bootstrap__.serverDir, clientPath);\n        var clientDir = pathDirname(clientJsonPath);\n        var clientJson = JSON.parse(readUtf8FileSync(clientJsonPath));\n        if (clientJson.format !== \"web-program-pre1\") throw new Error(\"Unsupported format for client assets: \" + JSON.stringify(clientJson.format));\n        if (!clientJsonPath || !clientDir || !clientJson) throw new Error(\"Client config file not parsed.\");\n        var urlPrefix = getUrlPrefixForArch(arch);\n        var manifest = clientJson.manifest;\n\n        _.each(manifest, function (item) {\n          if (item.url && item.where === \"client\") {\n            staticFiles[urlPrefix + getItemPathname(item.url)] = {\n              absolutePath: pathJoin(clientDir, item.path),\n              cacheable: item.cacheable,\n              hash: item.hash,\n              // Link from source to its map\n              sourceMapUrl: item.sourceMapUrl,\n              type: item.type\n            };\n\n            if (item.sourceMap) {\n              // Serve the source map too, under the specified URL. We assume all\n              // source maps are cacheable.\n              staticFiles[urlPrefix + getItemPathname(item.sourceMapUrl)] = {\n                absolutePath: pathJoin(clientDir, item.sourceMap),\n                cacheable: true\n              };\n            }\n          }\n        });\n\n        var program = {\n          format: \"web-program-pre1\",\n          manifest: manifest,\n          version: process.env.AUTOUPDATE_VERSION || WebAppHashing.calculateClientHash(manifest, null, _.pick(__meteor_runtime_config__, \"PUBLIC_SETTINGS\")),\n          cordovaCompatibilityVersions: clientJson.cordovaCompatibilityVersions,\n          PUBLIC_SETTINGS: __meteor_runtime_config__.PUBLIC_SETTINGS\n        };\n        WebApp.clientPrograms[arch] = program; // Expose program details as a string reachable via the following\n        // URL.\n\n        const manifestUrlPrefix = \"/__\" + arch.replace(/^web\\./, \"\");\n        const manifestUrl = manifestUrlPrefix + getItemPathname(\"/manifest.json\");\n        staticFiles[manifestUrl] = {\n          content: JSON.stringify(program),\n          cacheable: false,\n          hash: program.version,\n          type: \"json\"\n        };\n      };\n\n      try {\n        var clientPaths = __meteor_bootstrap__.configJson.clientPaths;\n\n        _.each(clientPaths, function (clientPath, arch) {\n          archPath[arch] = pathDirname(clientPath);\n          generateClientProgram(clientPath, arch);\n        }); // Exported for tests.\n\n\n        WebAppInternals.staticFiles = staticFiles;\n      } catch (e) {\n        Log.error(\"Error reloading the client program: \" + e.stack);\n        process.exit(1);\n      }\n    });\n  };\n\n  WebAppInternals.generateBoilerplate = function () {\n    // This boilerplate will be served to the mobile devices when used with\n    // Meteor/Cordova for the Hot-Code Push and since the file will be served by\n    // the device's server, it is important to set the DDP url to the actual\n    // Meteor server accepting DDP connections and not the device's file server.\n    var defaultOptionsForArch = {\n      'web.cordova': {\n        runtimeConfigOverrides: {\n          // XXX We use absoluteUrl() here so that we serve https://\n          // URLs to cordova clients if force-ssl is in use. If we were\n          // to use __meteor_runtime_config__.ROOT_URL instead of\n          // absoluteUrl(), then Cordova clients would immediately get a\n          // HCP setting their DDP_DEFAULT_CONNECTION_URL to\n          // http://example.meteor.com. This breaks the app, because\n          // force-ssl doesn't serve CORS headers on 302\n          // redirects. (Plus it's undesirable to have clients\n          // connecting to http://example.meteor.com when force-ssl is\n          // in use.)\n          DDP_DEFAULT_CONNECTION_URL: process.env.MOBILE_DDP_URL || Meteor.absoluteUrl(),\n          ROOT_URL: process.env.MOBILE_ROOT_URL || Meteor.absoluteUrl()\n        }\n      }\n    };\n    syncQueue.runTask(function () {\n      _.each(WebApp.clientPrograms, function (program, archName) {\n        boilerplateByArch[archName] = WebAppInternals.generateBoilerplateInstance(archName, program.manifest, defaultOptionsForArch[archName]);\n      }); // Clear the memoized boilerplate cache.\n\n\n      memoizedBoilerplate = {}; // Configure CSS injection for the default arch\n      // XXX implement the CSS injection for all archs?\n\n      var cssFiles = boilerplateByArch[WebApp.defaultArch].baseData.css; // Rewrite all CSS files (which are written directly to <style> tags)\n      // by autoupdate_client to use the CDN prefix/etc\n\n      var allCss = _.map(cssFiles, function (cssFile) {\n        return {\n          url: bundledJsCssUrlRewriteHook(cssFile.url)\n        };\n      });\n\n      WebAppInternals.refreshableAssets = {\n        allCss\n      };\n    });\n  };\n\n  WebAppInternals.reloadClientPrograms(); // webserver\n\n  var app = connect(); // Packages and apps can add handlers that run before any other Meteor\n  // handlers via WebApp.rawConnectHandlers.\n\n  var rawConnectHandlers = connect();\n  app.use(rawConnectHandlers); // Auto-compress any json, javascript, or text.\n\n  app.use(compress()); // parse cookies into an object\n\n  app.use(cookieParser()); // We're not a proxy; reject (without crashing) attempts to treat us like\n  // one. (See #1212.)\n\n  app.use(function (req, res, next) {\n    if (RoutePolicy.isValidUrl(req.url)) {\n      next();\n      return;\n    }\n\n    res.writeHead(400);\n    res.write(\"Not a proxy\");\n    res.end();\n  }); // Strip off the path prefix, if it exists.\n\n  app.use(function (request, response, next) {\n    var pathPrefix = __meteor_runtime_config__.ROOT_URL_PATH_PREFIX;\n\n    var url = Npm.require('url').parse(request.url);\n\n    var pathname = url.pathname; // check if the path in the url starts with the path prefix (and the part\n    // after the path prefix must start with a / if it exists.)\n\n    if (pathPrefix && pathname.substring(0, pathPrefix.length) === pathPrefix && (pathname.length == pathPrefix.length || pathname.substring(pathPrefix.length, pathPrefix.length + 1) === \"/\")) {\n      request.url = request.url.substring(pathPrefix.length);\n      next();\n    } else if (pathname === \"/favicon.ico\" || pathname === \"/robots.txt\") {\n      next();\n    } else if (pathPrefix) {\n      response.writeHead(404);\n      response.write(\"Unknown path\");\n      response.end();\n    } else {\n      next();\n    }\n  }); // Parse the query string into res.query. Used by oauth_server, but it's\n  // generally pretty handy..\n\n  app.use(query()); // Serve static files from the manifest.\n  // This is inspired by the 'static' middleware.\n\n  app.use(function (req, res, next) {\n    WebAppInternals.staticFilesMiddleware(staticFiles, req, res, next);\n  }); // Core Meteor packages like dynamic-import can add handlers before\n  // other handlers added by package and application code.\n\n  app.use(WebAppInternals.meteorInternalHandlers = connect()); // Packages and apps can add handlers to this via WebApp.connectHandlers.\n  // They are inserted before our default handler.\n\n  var packageAndAppHandlers = connect();\n  app.use(packageAndAppHandlers);\n  var suppressConnectErrors = false; // connect knows it is an error handler because it has 4 arguments instead of\n  // 3. go figure.  (It is not smart enough to find such a thing if it's hidden\n  // inside packageAndAppHandlers.)\n\n  app.use(function (err, req, res, next) {\n    if (!err || !suppressConnectErrors || !req.headers['x-suppress-error']) {\n      next(err);\n      return;\n    }\n\n    res.writeHead(err.status, {\n      'Content-Type': 'text/plain'\n    });\n    res.end(\"An error message\");\n  });\n  app.use(function (req, res, next) {\n    if (!appUrl(req.url)) {\n      return next();\n    } else {\n      var headers = {\n        'Content-Type': 'text/html; charset=utf-8'\n      };\n\n      if (shuttingDown) {\n        headers['Connection'] = 'Close';\n      }\n\n      var request = WebApp.categorizeRequest(req);\n\n      if (request.url.query && request.url.query['meteor_css_resource']) {\n        // In this case, we're requesting a CSS resource in the meteor-specific\n        // way, but we don't have it.  Serve a static css file that indicates that\n        // we didn't have it, so we can detect that and refresh.  Make sure\n        // that any proxies or CDNs don't cache this error!  (Normally proxies\n        // or CDNs are smart enough not to cache error pages, but in order to\n        // make this hack work, we need to return the CSS file as a 200, which\n        // would otherwise be cached.)\n        headers['Content-Type'] = 'text/css; charset=utf-8';\n        headers['Cache-Control'] = 'no-cache';\n        res.writeHead(200, headers);\n        res.write(\".meteor-css-not-found-error { width: 0px;}\");\n        res.end();\n        return;\n      }\n\n      if (request.url.query && request.url.query['meteor_js_resource']) {\n        // Similarly, we're requesting a JS resource that we don't have.\n        // Serve an uncached 404. (We can't use the same hack we use for CSS,\n        // because actually acting on that hack requires us to have the JS\n        // already!)\n        headers['Cache-Control'] = 'no-cache';\n        res.writeHead(404, headers);\n        res.end(\"404 Not Found\");\n        return;\n      }\n\n      if (request.url.query && request.url.query['meteor_dont_serve_index']) {\n        // When downloading files during a Cordova hot code push, we need\n        // to detect if a file is not available instead of inadvertently\n        // downloading the default index page.\n        // So similar to the situation above, we serve an uncached 404.\n        headers['Cache-Control'] = 'no-cache';\n        res.writeHead(404, headers);\n        res.end(\"404 Not Found\");\n        return;\n      } // /packages/asdfsad ... /__cordova/dafsdf.js\n\n\n      var pathname = parseRequest(req).pathname;\n      var archKey = pathname.split('/')[1];\n      var archKeyCleaned = 'web.' + archKey.replace(/^__/, '');\n\n      if (!/^__/.test(archKey) || !_.has(archPath, archKeyCleaned)) {\n        archKey = WebApp.defaultArch;\n      } else {\n        archKey = archKeyCleaned;\n      }\n\n      return getBoilerplateAsync(request, archKey).then(({\n        stream,\n        statusCode,\n        headers: newHeaders\n      }) => {\n        if (!statusCode) {\n          statusCode = res.statusCode ? res.statusCode : 200;\n        }\n\n        if (newHeaders) {\n          Object.assign(headers, newHeaders);\n        }\n\n        res.writeHead(statusCode, headers);\n        stream.pipe(res, {\n          // End the response when the stream ends.\n          end: true\n        });\n      }).catch(error => {\n        Log.error(\"Error running template: \" + error.stack);\n        res.writeHead(500, headers);\n        res.end();\n      });\n    }\n  }); // Return 404 by default, if no other handlers serve this URL.\n\n  app.use(function (req, res) {\n    res.writeHead(404);\n    res.end();\n  });\n  var httpServer = createServer(app);\n  var onListeningCallbacks = []; // After 5 seconds w/o data on a socket, kill it.  On the other hand, if\n  // there's an outstanding request, give it a higher timeout instead (to avoid\n  // killing long-polling requests)\n\n  httpServer.setTimeout(SHORT_SOCKET_TIMEOUT); // Do this here, and then also in livedata/stream_server.js, because\n  // stream_server.js kills all the current request handlers when installing its\n  // own.\n\n  httpServer.on('request', WebApp._timeoutAdjustmentRequestCallback); // If the client gave us a bad request, tell it instead of just closing the\n  // socket. This lets load balancers in front of us differentiate between \"a\n  // server is randomly closing sockets for no reason\" and \"client sent a bad\n  // request\".\n  //\n  // This will only work on Node 6; Node 4 destroys the socket before calling\n  // this event. See https://github.com/nodejs/node/pull/4557/ for details.\n\n  httpServer.on('clientError', (err, socket) => {\n    // Pre-Node-6, do nothing.\n    if (socket.destroyed) {\n      return;\n    }\n\n    if (err.message === 'Parse Error') {\n      socket.end('HTTP/1.1 400 Bad Request\\r\\n\\r\\n');\n    } else {\n      // For other errors, use the default behavior as if we had no clientError\n      // handler.\n      socket.destroy(err);\n    }\n  }); // start up app\n\n  _.extend(WebApp, {\n    connectHandlers: packageAndAppHandlers,\n    rawConnectHandlers: rawConnectHandlers,\n    httpServer: httpServer,\n    connectApp: app,\n    // For testing.\n    suppressConnectErrors: function () {\n      suppressConnectErrors = true;\n    },\n    onListening: function (f) {\n      if (onListeningCallbacks) onListeningCallbacks.push(f);else f();\n    }\n  }); // Let the rest of the packages (and Meteor.startup hooks) insert connect\n  // middlewares and update __meteor_runtime_config__, then keep going to set up\n  // actually serving HTML.\n\n\n  exports.main = argv => {\n    WebAppInternals.generateBoilerplate();\n\n    const startHttpServer = listenOptions => {\n      httpServer.listen(listenOptions, Meteor.bindEnvironment(() => {\n        if (process.env.METEOR_PRINT_ON_LISTEN) {\n          console.log(\"LISTENING\");\n        }\n\n        const callbacks = onListeningCallbacks;\n        onListeningCallbacks = null;\n        callbacks.forEach(callback => {\n          callback();\n        });\n      }, e => {\n        console.error(\"Error listening:\", e);\n        console.error(e && e.stack);\n      }));\n    };\n\n    let localPort = process.env.PORT || 0;\n    const unixSocketPath = process.env.UNIX_SOCKET_PATH;\n\n    if (unixSocketPath) {\n      // Start the HTTP server using a socket file.\n      removeExistingSocketFile(unixSocketPath);\n      startHttpServer({\n        path: unixSocketPath\n      });\n      registerSocketFileCleanup(unixSocketPath);\n    } else {\n      localPort = isNaN(Number(localPort)) ? localPort : Number(localPort);\n\n      if (/\\\\\\\\?.+\\\\pipe\\\\?.+/.test(localPort)) {\n        // Start the HTTP server using Windows Server style named pipe.\n        startHttpServer({\n          path: localPort\n        });\n      } else if (typeof localPort === \"number\") {\n        // Start the HTTP server using TCP.\n        startHttpServer({\n          port: localPort,\n          host: process.env.BIND_IP || \"0.0.0.0\"\n        });\n      } else {\n        throw new Error(\"Invalid PORT specified\");\n      }\n    }\n\n    return \"DAEMON\";\n  };\n}\n\nrunWebAppServer();\nvar inlineScriptsAllowed = true;\n\nWebAppInternals.inlineScriptsAllowed = function () {\n  return inlineScriptsAllowed;\n};\n\nWebAppInternals.setInlineScriptsAllowed = function (value) {\n  inlineScriptsAllowed = value;\n  WebAppInternals.generateBoilerplate();\n};\n\nWebAppInternals.setBundledJsCssUrlRewriteHook = function (hookFn) {\n  bundledJsCssUrlRewriteHook = hookFn;\n  WebAppInternals.generateBoilerplate();\n};\n\nWebAppInternals.setBundledJsCssPrefix = function (prefix) {\n  var self = this;\n  self.setBundledJsCssUrlRewriteHook(function (url) {\n    return prefix + url;\n  });\n}; // Packages can call `WebAppInternals.addStaticJs` to specify static\n// JavaScript to be included in the app. This static JS will be inlined,\n// unless inline scripts have been disabled, in which case it will be\n// served under `/<sha1 of contents>`.\n\n\nvar additionalStaticJs = {};\n\nWebAppInternals.addStaticJs = function (contents) {\n  additionalStaticJs[\"/\" + sha1(contents) + \".js\"] = contents;\n}; // Exported for tests\n\n\nWebAppInternals.getBoilerplate = getBoilerplate;\nWebAppInternals.additionalStaticJs = additionalStaticJs;","map":{"version":3,"sources":["packages/webapp/webapp_server.js"],"names":["module1","module","export","WebApp","WebAppInternals","assert","watch","require","default","v","readFile","createServer","pathJoin","pathDirname","join","dirname","parseUrl","parse","createHash","connect","compress","cookieParser","query","parseRequest","basicAuth","lookupUserAgent","lookup","send","removeExistingSocketFile","registerSocketFileCleanup","SHORT_SOCKET_TIMEOUT","LONG_SOCKET_TIMEOUT","NpmModules","version","Npm","defaultArch","clientPrograms","archPath","bundledJsCssUrlRewriteHook","url","bundledPrefix","__meteor_runtime_config__","ROOT_URL_PATH_PREFIX","sha1","contents","hash","update","digest","readUtf8FileSync","filename","Meteor","wrapAsync","camelCase","name","parts","split","toLowerCase","i","length","charAt","toUpperCase","substr","identifyBrowser","userAgentString","userAgent","family","major","minor","patch","categorizeRequest","req","_","extend","browser","headers","pick","htmlAttributeHooks","getHtmlAttributes","request","combinedAttributes","each","hook","attributes","Error","addHtmlAttributeHook","push","appUrl","RoutePolicy","classify","startup","calculateClientHash","WebAppHashing","clientHash","archName","manifest","calculateClientHashRefreshable","calculateClientHashNonRefreshable","calculateClientHashCordova","_timeoutAdjustmentRequestCallback","res","setTimeout","finishListeners","listeners","removeAllListeners","on","l","boilerplateByArch","boilerplateDataCallbacks","Object","create","registerBoilerplateDataCallback","key","callback","previousCallback","strictEqual","getBoilerplate","arch","getBoilerplateAsync","await","boilerplate","data","assign","baseData","htmlAttributes","madeChanges","promise","Promise","resolve","keys","forEach","then","result","stream","toHTMLStream","statusCode","generateBoilerplateInstance","additionalOptions","runtimeConfig","clone","runtimeConfigOverrides","Boilerplate","pathMapper","itemPath","baseDataExtension","additionalStaticJs","map","pathname","meteorRuntimeConfig","JSON","stringify","encodeURIComponent","rootUrlPathPrefix","inlineScriptsAllowed","inline","staticFiles","staticFilesMiddleware","next","method","decodeURIComponent","e","serveStaticJs","s","writeHead","write","end","has","info","maxAge","cacheable","sourceMapUrl","setHeader","type","content","absolutePath","maxage","dotfiles","lastModified","err","Log","error","pipe","getUrlPrefixForArch","replace","parsePort","port","parsedPort","parseInt","Number","isNaN","runWebAppServer","shuttingDown","syncQueue","_SynchronousQueue","getItemPathname","itemUrl","reloadClientPrograms","runTask","generateClientProgram","clientPath","clientJsonPath","__meteor_bootstrap__","serverDir","clientDir","clientJson","format","urlPrefix","item","where","path","sourceMap","program","process","env","AUTOUPDATE_VERSION","cordovaCompatibilityVersions","PUBLIC_SETTINGS","manifestUrlPrefix","manifestUrl","clientPaths","configJson","stack","exit","generateBoilerplate","defaultOptionsForArch","DDP_DEFAULT_CONNECTION_URL","MOBILE_DDP_URL","absoluteUrl","ROOT_URL","MOBILE_ROOT_URL","memoizedBoilerplate","cssFiles","css","allCss","cssFile","refreshableAssets","app","rawConnectHandlers","use","isValidUrl","response","pathPrefix","substring","meteorInternalHandlers","packageAndAppHandlers","suppressConnectErrors","status","archKey","archKeyCleaned","test","newHeaders","catch","httpServer","onListeningCallbacks","socket","destroyed","message","destroy","connectHandlers","connectApp","onListening","f","exports","main","argv","startHttpServer","listenOptions","listen","bindEnvironment","METEOR_PRINT_ON_LISTEN","console","log","callbacks","localPort","PORT","unixSocketPath","UNIX_SOCKET_PATH","host","BIND_IP","setInlineScriptsAllowed","value","setBundledJsCssUrlRewriteHook","hookFn","setBundledJsCssPrefix","prefix","self","addStaticJs"],"mappings":"AAAA,MAAMA,UAAQC,MAAd;AAAqBD,QAAQE,MAAR,CAAe;AAACC,UAAO,MAAIA,MAAZ;AAAmBC,mBAAgB,MAAIA;AAAvC,CAAf;AAAwE,IAAIC,MAAJ;AAAWL,QAAQM,KAAR,CAAcC,QAAQ,QAAR,CAAd,EAAgC;AAACC,UAAQC,CAAR,EAAU;AAACJ,aAAOI,CAAP;AAAS;;AAArB,CAAhC,EAAuD,CAAvD;AAA0D,IAAIC,QAAJ;AAAaV,QAAQM,KAAR,CAAcC,QAAQ,IAAR,CAAd,EAA4B;AAACG,WAASD,CAAT,EAAW;AAACC,eAASD,CAAT;AAAW;;AAAxB,CAA5B,EAAsD,CAAtD;AAAyD,IAAIE,YAAJ;AAAiBX,QAAQM,KAAR,CAAcC,QAAQ,MAAR,CAAd,EAA8B;AAACI,eAAaF,CAAb,EAAe;AAACE,mBAAaF,CAAb;AAAe;;AAAhC,CAA9B,EAAgE,CAAhE;AAAmE,IAAIG,QAAJ,EAAaC,WAAb;AAAyBb,QAAQM,KAAR,CAAcC,QAAQ,MAAR,CAAd,EAA8B;AAACO,OAAKL,CAAL,EAAO;AAACG,eAASH,CAAT;AAAW,GAApB;;AAAqBM,UAAQN,CAAR,EAAU;AAACI,kBAAYJ,CAAZ;AAAc;;AAA9C,CAA9B,EAA8E,CAA9E;AAAiF,IAAIO,QAAJ;AAAahB,QAAQM,KAAR,CAAcC,QAAQ,KAAR,CAAd,EAA6B;AAACU,QAAMR,CAAN,EAAQ;AAACO,eAASP,CAAT;AAAW;;AAArB,CAA7B,EAAoD,CAApD;AAAuD,IAAIS,UAAJ;AAAelB,QAAQM,KAAR,CAAcC,QAAQ,QAAR,CAAd,EAAgC;AAACW,aAAWT,CAAX,EAAa;AAACS,iBAAWT,CAAX;AAAa;;AAA5B,CAAhC,EAA8D,CAA9D;AAAiE,IAAIU,OAAJ;AAAYnB,QAAQM,KAAR,CAAcC,QAAQ,cAAR,CAAd,EAAsC;AAACY,UAAQV,CAAR,EAAU;AAACU,cAAQV,CAAR;AAAU;;AAAtB,CAAtC,EAA8D,CAA9D;AAAiE,IAAIW,QAAJ;AAAapB,QAAQM,KAAR,CAAcC,QAAQ,aAAR,CAAd,EAAqC;AAACC,UAAQC,CAAR,EAAU;AAACW,eAASX,CAAT;AAAW;;AAAvB,CAArC,EAA8D,CAA9D;AAAiE,IAAIY,YAAJ;AAAiBrB,QAAQM,KAAR,CAAcC,QAAQ,eAAR,CAAd,EAAuC;AAACC,UAAQC,CAAR,EAAU;AAACY,mBAAaZ,CAAb;AAAe;;AAA3B,CAAvC,EAAoE,CAApE;AAAuE,IAAIa,KAAJ;AAAUtB,QAAQM,KAAR,CAAcC,QAAQ,eAAR,CAAd,EAAuC;AAACC,UAAQC,CAAR,EAAU;AAACa,YAAMb,CAAN;AAAQ;;AAApB,CAAvC,EAA6D,CAA7D;AAAgE,IAAIc,YAAJ;AAAiBvB,QAAQM,KAAR,CAAcC,QAAQ,UAAR,CAAd,EAAkC;AAACC,UAAQC,CAAR,EAAU;AAACc,mBAAad,CAAb;AAAe;;AAA3B,CAAlC,EAA+D,EAA/D;AAAmE,IAAIe,SAAJ;AAAcxB,QAAQM,KAAR,CAAcC,QAAQ,oBAAR,CAAd,EAA4C;AAACC,UAAQC,CAAR,EAAU;AAACe,gBAAUf,CAAV;AAAY;;AAAxB,CAA5C,EAAsE,EAAtE;AAA0E,IAAIgB,eAAJ;AAAoBzB,QAAQM,KAAR,CAAcC,QAAQ,WAAR,CAAd,EAAmC;AAACmB,SAAOjB,CAAP,EAAS;AAACgB,sBAAgBhB,CAAhB;AAAkB;;AAA7B,CAAnC,EAAkE,EAAlE;AAAsE,IAAIkB,IAAJ;AAAS3B,QAAQM,KAAR,CAAcC,QAAQ,MAAR,CAAd,EAA8B;AAACC,UAAQC,CAAR,EAAU;AAACkB,WAAKlB,CAAL;AAAO;;AAAnB,CAA9B,EAAmD,EAAnD;AAAuD,IAAImB,wBAAJ,EAA6BC,yBAA7B;AAAuD7B,QAAQM,KAAR,CAAcC,QAAQ,kBAAR,CAAd,EAA0C;AAACqB,2BAAyBnB,CAAzB,EAA2B;AAACmB,+BAAyBnB,CAAzB;AAA2B,GAAxD;;AAAyDoB,4BAA0BpB,CAA1B,EAA4B;AAACoB,gCAA0BpB,CAA1B;AAA4B;;AAAlH,CAA1C,EAA8J,EAA9J;AAsBpvC,IAAIqB,uBAAuB,IAAE,IAA7B;AACA,IAAIC,sBAAsB,MAAI,IAA9B;AAEO,MAAM5B,SAAS,EAAf;AACA,MAAMC,kBAAkB,EAAxB;AAEP;AACAe,QAAQK,SAAR,GAAoBA,SAApB;AAEApB,gBAAgB4B,UAAhB,GAA6B;AAC3Bb,WAAS;AACPc,aAASC,IAAI3B,OAAJ,CAAY,sBAAZ,EAAoC0B,OADtC;AAEPhC,YAAQkB;AAFD;AADkB,CAA7B;AAOAhB,OAAOgC,WAAP,GAAqB,aAArB,C,CAEA;;AACAhC,OAAOiC,cAAP,GAAwB,EAAxB,C,CAEA;;AACA,IAAIC,WAAW,EAAf;;AAEA,IAAIC,6BAA6B,UAAUC,GAAV,EAAe;AAC9C,MAAIC,gBACDC,0BAA0BC,oBAA1B,IAAkD,EADrD;AAEA,SAAOF,gBAAgBD,GAAvB;AACD,CAJD;;AAMA,IAAII,OAAO,UAAUC,QAAV,EAAoB;AAC7B,MAAIC,OAAO3B,WAAW,MAAX,CAAX;AACA2B,OAAKC,MAAL,CAAYF,QAAZ;AACA,SAAOC,KAAKE,MAAL,CAAY,KAAZ,CAAP;AACD,CAJD;;AAMA,IAAIC,mBAAmB,UAAUC,QAAV,EAAoB;AACzC,SAAOC,OAAOC,SAAP,CAAiBzC,QAAjB,EAA2BuC,QAA3B,EAAqC,MAArC,CAAP;AACD,CAFD,C,CAIA;AACA;AACA;AACA;AACA;AACA;AACA;AACA;AACA;AACA;AACA;AACA;AACA;AACA;AACA;AACA;AACA;AACA;AACA;AACA;AACA;AACA;AACA;AACA;AACA;AACA;AACA;AACA;AACA;AACA;AACA;AACA;AACA;AAGA;;;AACA,IAAIG,YAAY,UAAUC,IAAV,EAAgB;AAC9B,MAAIC,QAAQD,KAAKE,KAAL,CAAW,GAAX,CAAZ;AACAD,QAAM,CAAN,IAAWA,MAAM,CAAN,EAASE,WAAT,EAAX;;AACA,OAAK,IAAIC,IAAI,CAAb,EAAiBA,IAAIH,MAAMI,MAA3B,EAAoC,EAAED,CAAtC,EAAyC;AACvCH,UAAMG,CAAN,IAAWH,MAAMG,CAAN,EAASE,MAAT,CAAgB,CAAhB,EAAmBC,WAAnB,KAAmCN,MAAMG,CAAN,EAASI,MAAT,CAAgB,CAAhB,CAA9C;AACD;;AACD,SAAOP,MAAMxC,IAAN,CAAW,EAAX,CAAP;AACD,CAPD;;AASA,IAAIgD,kBAAkB,UAAUC,eAAV,EAA2B;AAC/C,MAAIC,YAAYvC,gBAAgBsC,eAAhB,CAAhB;AACA,SAAO;AACLV,UAAMD,UAAUY,UAAUC,MAApB,CADD;AAELC,WAAO,CAACF,UAAUE,KAFb;AAGLC,WAAO,CAACH,UAAUG,KAHb;AAILC,WAAO,CAACJ,UAAUI;AAJb,GAAP;AAMD,CARD,C,CAUA;;;AACAhE,gBAAgB0D,eAAhB,GAAkCA,eAAlC;;AAEA3D,OAAOkE,iBAAP,GAA2B,UAAUC,GAAV,EAAe;AACxC,SAAOC,EAAEC,MAAF,CAAS;AACdC,aAASX,gBAAgBQ,IAAII,OAAJ,CAAY,YAAZ,CAAhB,CADK;AAEdnC,SAAKvB,SAASsD,IAAI/B,GAAb,EAAkB,IAAlB;AAFS,GAAT,EAGJgC,EAAEI,IAAF,CAAOL,GAAP,EAAY,aAAZ,EAA2B,aAA3B,EAA0C,SAA1C,EAAqD,SAArD,CAHI,CAAP;AAID,CALD,C,CAOA;AACA;AACA;;;AACA,IAAIM,qBAAqB,EAAzB;;AACA,IAAIC,oBAAoB,UAAUC,OAAV,EAAmB;AACzC,MAAIC,qBAAsB,EAA1B;;AACAR,IAAES,IAAF,CAAOJ,sBAAsB,EAA7B,EAAiC,UAAUK,IAAV,EAAgB;AAC/C,QAAIC,aAAaD,KAAKH,OAAL,CAAjB;AACA,QAAII,eAAe,IAAnB,EACE;AACF,QAAI,OAAOA,UAAP,KAAsB,QAA1B,EACE,MAAMC,MAAM,gDAAN,CAAN;;AACFZ,MAAEC,MAAF,CAASO,kBAAT,EAA6BG,UAA7B;AACD,GAPD;;AAQA,SAAOH,kBAAP;AACD,CAXD;;AAYA5E,OAAOiF,oBAAP,GAA8B,UAAUH,IAAV,EAAgB;AAC5CL,qBAAmBS,IAAnB,CAAwBJ,IAAxB;AACD,CAFD,C,CAIA;;;AACA,IAAIK,SAAS,UAAU/C,GAAV,EAAe;AAC1B,MAAIA,QAAQ,cAAR,IAA0BA,QAAQ,aAAtC,EACE,OAAO,KAAP,CAFwB,CAI1B;AACA;AACA;AACA;AACA;AACA;;AACA,MAAIA,QAAQ,eAAZ,EACE,OAAO,KAAP,CAXwB,CAa1B;;AACA,MAAIgD,YAAYC,QAAZ,CAAqBjD,GAArB,CAAJ,EACE,OAAO,KAAP,CAfwB,CAiB1B;;AACA,SAAO,IAAP;AACD,CAnBD,C,CAsBA;AACA;AACA;AACA;AACA;AACA;AACA;AACA;AACA;AACA;AACA;AACA;AACA;AACA;AACA;AACA;;;AAEAW,OAAOuC,OAAP,CAAe,YAAY;AACzB,MAAIC,sBAAsBC,cAAcD,mBAAxC;;AACAvF,SAAOyF,UAAP,GAAoB,UAAUC,QAAV,EAAoB;AACtCA,eAAWA,YAAY1F,OAAOgC,WAA9B;AACA,WAAOuD,oBAAoBvF,OAAOiC,cAAP,CAAsByD,QAAtB,EAAgCC,QAApD,CAAP;AACD,GAHD;;AAKA3F,SAAO4F,8BAAP,GAAwC,UAAUF,QAAV,EAAoB;AAC1DA,eAAWA,YAAY1F,OAAOgC,WAA9B;AACA,WAAOuD,oBAAoBvF,OAAOiC,cAAP,CAAsByD,QAAtB,EAAgCC,QAApD,EACL,UAAUzC,IAAV,EAAgB;AACd,aAAOA,SAAS,KAAhB;AACD,KAHI,CAAP;AAID,GAND;;AAOAlD,SAAO6F,iCAAP,GAA2C,UAAUH,QAAV,EAAoB;AAC7DA,eAAWA,YAAY1F,OAAOgC,WAA9B;AACA,WAAOuD,oBAAoBvF,OAAOiC,cAAP,CAAsByD,QAAtB,EAAgCC,QAApD,EACL,UAAUzC,IAAV,EAAgB;AACd,aAAOA,SAAS,KAAhB;AACD,KAHI,CAAP;AAID,GAND;;AAOAlD,SAAO8F,0BAAP,GAAoC,YAAY;AAC9C,QAAIJ,WAAW,aAAf;AACA,QAAI,CAAE1F,OAAOiC,cAAP,CAAsByD,QAAtB,CAAN,EACE,OAAO,MAAP;AAEF,WAAOH,oBACLvF,OAAOiC,cAAP,CAAsByD,QAAtB,EAAgCC,QAD3B,EACqC,IADrC,EAC2CvB,EAAEI,IAAF,CAC9ClC,yBAD8C,EACnB,iBADmB,CAD3C,CAAP;AAGD,GARD;AASD,CA9BD,E,CAkCA;AACA;AACA;AACA;AACA;;AACAtC,OAAO+F,iCAAP,GAA2C,UAAU5B,GAAV,EAAe6B,GAAf,EAAoB;AAC7D;AACA7B,MAAI8B,UAAJ,CAAerE,mBAAf,EAF6D,CAG7D;AACA;;AACA,MAAIsE,kBAAkBF,IAAIG,SAAJ,CAAc,QAAd,CAAtB,CAL6D,CAM7D;AACA;AACA;AACA;;AACAH,MAAII,kBAAJ,CAAuB,QAAvB;AACAJ,MAAIK,EAAJ,CAAO,QAAP,EAAiB,YAAY;AAC3BL,QAAIC,UAAJ,CAAetE,oBAAf;AACD,GAFD;;AAGAyC,IAAES,IAAF,CAAOqB,eAAP,EAAwB,UAAUI,CAAV,EAAa;AAAEN,QAAIK,EAAJ,CAAO,QAAP,EAAiBC,CAAjB;AAAsB,GAA7D;AACD,CAfD,C,CAkBA;AACA;AACA;AACA;AACA;;;AACA,IAAIC,oBAAoB,EAAxB,C,CAEA;AACA;AACA;AACA;AACA;AACA;AACA;;AACA,MAAMC,2BAA2BC,OAAOC,MAAP,CAAc,IAAd,CAAjC;;AACAzG,gBAAgB0G,+BAAhB,GAAkD,UAAUC,GAAV,EAAeC,QAAf,EAAyB;AACzE,QAAMC,mBAAmBN,yBAAyBI,GAAzB,CAAzB;;AAEA,MAAI,OAAOC,QAAP,KAAoB,UAAxB,EAAoC;AAClCL,6BAAyBI,GAAzB,IAAgCC,QAAhC;AACD,GAFD,MAEO;AACL3G,WAAO6G,WAAP,CAAmBF,QAAnB,EAA6B,IAA7B;AACA,WAAOL,yBAAyBI,GAAzB,CAAP;AACD,GARwE,CAUzE;AACA;;;AACA,SAAOE,oBAAoB,IAA3B;AACD,CAbD,C,CAeA;AACA;AACA;AACA;AACA;AACA;AACA;AACA;;;AACA,SAASE,cAAT,CAAwBrC,OAAxB,EAAiCsC,IAAjC,EAAuC;AACrC,SAAOC,oBAAoBvC,OAApB,EAA6BsC,IAA7B,EAAmCE,KAAnC,EAAP;AACD;;AAED,SAASD,mBAAT,CAA6BvC,OAA7B,EAAsCsC,IAAtC,EAA4C;AAC1C,QAAMG,cAAcb,kBAAkBU,IAAlB,CAApB;AACA,QAAMI,OAAOZ,OAAOa,MAAP,CAAc,EAAd,EAAkBF,YAAYG,QAA9B,EAAwC;AACnDC,oBAAgB9C,kBAAkBC,OAAlB;AADmC,GAAxC,EAEVP,EAAEI,IAAF,CAAOG,OAAP,EAAgB,aAAhB,EAA+B,aAA/B,CAFU,CAAb;AAIA,MAAI8C,cAAc,KAAlB;AACA,MAAIC,UAAUC,QAAQC,OAAR,EAAd;AAEAnB,SAAOoB,IAAP,CAAYrB,wBAAZ,EAAsCsB,OAAtC,CAA8ClB,OAAO;AACnDc,cAAUA,QAAQK,IAAR,CAAa,MAAM;AAC3B,YAAMlB,WAAWL,yBAAyBI,GAAzB,CAAjB;AACA,aAAOC,SAASlC,OAAT,EAAkB0C,IAAlB,EAAwBJ,IAAxB,CAAP;AACD,KAHS,EAGPc,IAHO,CAGFC,UAAU;AAChB;AACA,UAAIA,WAAW,KAAf,EAAsB;AACpBP,sBAAc,IAAd;AACD;AACF,KARS,CAAV;AASD,GAVD;AAYA,SAAOC,QAAQK,IAAR,CAAa,OAAO;AACzBE,YAAQb,YAAYc,YAAZ,CAAyBb,IAAzB,CADiB;AAEzBc,gBAAYd,KAAKc,UAFQ;AAGzB5D,aAAS8C,KAAK9C;AAHW,GAAP,CAAb,CAAP;AAKD;;AAEDtE,gBAAgBmI,2BAAhB,GAA8C,UAAUnB,IAAV,EACUtB,QADV,EAEU0C,iBAFV,EAE6B;AACzEA,sBAAoBA,qBAAqB,EAAzC;;AAEA,MAAIC,gBAAgBlE,EAAEC,MAAF,CAClBD,EAAEmE,KAAF,CAAQjG,yBAAR,CADkB,EAElB+F,kBAAkBG,sBAAlB,IAA4C,EAF1B,CAApB;;AAIA,SAAO,IAAIC,WAAJ,CAAgBxB,IAAhB,EAAsBtB,QAAtB,EACLvB,EAAEC,MAAF,CAAS;AACPqE,gBAAY,UAAUC,QAAV,EAAoB;AAC9B,aAAOlI,SAASyB,SAAS+E,IAAT,CAAT,EAAyB0B,QAAzB,CAAP;AAA4C,KAFvC;AAGPC,uBAAmB;AACjBC,0BAAoBzE,EAAE0E,GAAF,CAClBD,sBAAsB,EADJ,EAElB,UAAUpG,QAAV,EAAoBsG,QAApB,EAA8B;AAC5B,eAAO;AACLA,oBAAUA,QADL;AAELtG,oBAAUA;AAFL,SAAP;AAID,OAPiB,CADH;AAUjB;AACA;AACA;AACA;AACA;AACA;AACAuG,2BAAqBC,KAAKC,SAAL,CACnBC,mBAAmBF,KAAKC,SAAL,CAAeZ,aAAf,CAAnB,CADmB,CAhBJ;AAkBjBc,yBAAmB9G,0BAA0BC,oBAA1B,IAAkD,EAlBpD;AAmBjBJ,kCAA4BA,0BAnBX;AAoBjBkH,4BAAsBpJ,gBAAgBoJ,oBAAhB,EApBL;AAqBjBC,cAAQjB,kBAAkBiB;AArBT;AAHZ,GAAT,EA0BGjB,iBA1BH,CADK,CAAP;AA6BD,CAtCD,C,CAwCA;AACA;AACA;AACA;AACA;AACA;AACA;AACA;;;AAEA,IAAIkB,WAAJ,C,CAEA;AACA;;AACAtJ,gBAAgBuJ,qBAAhB,GAAwC,UAAUD,WAAV,EAAuBpF,GAAvB,EAA4B6B,GAA5B,EAAiCyD,IAAjC,EAAuC;AAC7E,MAAI,SAAStF,IAAIuF,MAAb,IAAuB,UAAUvF,IAAIuF,MAArC,IAA+C,aAAavF,IAAIuF,MAApE,EAA4E;AAC1ED;AACA;AACD;;AACD,MAAIV,WAAW3H,aAAa+C,GAAb,EAAkB4E,QAAjC;;AACA,MAAI;AACFA,eAAWY,mBAAmBZ,QAAnB,CAAX;AACD,GAFD,CAEE,OAAOa,CAAP,EAAU;AACVH;AACA;AACD;;AAED,MAAII,gBAAgB,UAAUC,CAAV,EAAa;AAC/B9D,QAAI+D,SAAJ,CAAc,GAAd,EAAmB;AACjB,sBAAgB;AADC,KAAnB;AAGA/D,QAAIgE,KAAJ,CAAUF,CAAV;AACA9D,QAAIiE,GAAJ;AACD,GAND;;AAQA,MAAIlB,aAAa,2BAAb,IACA,CAAE9I,gBAAgBoJ,oBAAhB,EADN,EAC8C;AAC5CQ,kBAAc,iCACAZ,KAAKC,SAAL,CAAe5G,yBAAf,CADA,GAC4C,GAD1D;AAEA;AACD,GALD,MAKO,IAAI8B,EAAE8F,GAAF,CAAMrB,kBAAN,EAA0BE,QAA1B,KACC,CAAE9I,gBAAgBoJ,oBAAhB,EADP,EAC+C;AACpDQ,kBAAchB,mBAAmBE,QAAnB,CAAd;AACA;AACD;;AAED,MAAI,CAAC3E,EAAE8F,GAAF,CAAMX,WAAN,EAAmBR,QAAnB,CAAL,EAAmC;AACjCU;AACA;AACD,GAnC4E,CAqC7E;AACA;AACA;;;AAEA,MAAIU,OAAOZ,YAAYR,QAAZ,CAAX,CAzC6E,CA2C7E;AACA;AACA;;AACA,MAAIqB,SAASD,KAAKE,SAAL,GACL,OAAO,EAAP,GAAY,EAAZ,GAAiB,EAAjB,GAAsB,GADjB,GAEL,CAFR,CA9C6E,CAkD7E;AACA;AACA;AACA;AACA;AACA;;AACA,MAAIF,KAAKG,YAAT,EAAuB;AACrBtE,QAAIuE,SAAJ,CAAc,aAAd,EACcjI,0BAA0BC,oBAA1B,GACA4H,KAAKG,YAFnB;AAGD;;AAED,MAAIH,KAAKK,IAAL,KAAc,IAAd,IACAL,KAAKK,IAAL,KAAc,YADlB,EACgC;AAC9BxE,QAAIuE,SAAJ,CAAc,cAAd,EAA8B,uCAA9B;AACD,GAHD,MAGO,IAAIJ,KAAKK,IAAL,KAAc,KAAlB,EAAyB;AAC9BxE,QAAIuE,SAAJ,CAAc,cAAd,EAA8B,yBAA9B;AACD,GAFM,MAEA,IAAIJ,KAAKK,IAAL,KAAc,MAAlB,EAA0B;AAC/BxE,QAAIuE,SAAJ,CAAc,cAAd,EAA8B,iCAA9B;AACD;;AAED,MAAIJ,KAAKzH,IAAT,EAAe;AACbsD,QAAIuE,SAAJ,CAAc,MAAd,EAAsB,MAAMJ,KAAKzH,IAAX,GAAkB,GAAxC;AACD;;AAED,MAAIyH,KAAKM,OAAT,EAAkB;AAChBzE,QAAIgE,KAAJ,CAAUG,KAAKM,OAAf;AACAzE,QAAIiE,GAAJ;AACD,GAHD,MAGO;AACLzI,SAAK2C,GAAL,EAAUgG,KAAKO,YAAf,EAA6B;AACzBC,cAAQP,MADiB;AAEzBQ,gBAAU,OAFe;AAEN;AACnBC,oBAAc,KAHW,CAGL;;AAHK,KAA7B,EAIKxE,EAJL,CAIQ,OAJR,EAIiB,UAAUyE,GAAV,EAAe;AAC5BC,UAAIC,KAAJ,CAAU,+BAA+BF,GAAzC;AACA9E,UAAI+D,SAAJ,CAAc,GAAd;AACA/D,UAAIiE,GAAJ;AACD,KARH,EASG5D,EATH,CASM,WATN,EASmB,YAAY;AAC3B0E,UAAIC,KAAJ,CAAU,0BAA0Bb,KAAKO,YAAzC;AACA1E,UAAI+D,SAAJ,CAAc,GAAd;AACA/D,UAAIiE,GAAJ;AACD,KAbH,EAcGgB,IAdH,CAcQjF,GAdR;AAeD;AACF,CA/FD;;AAiGA,IAAIkF,sBAAsB,UAAUjE,IAAV,EAAgB;AACxC;AACA;AAEA;AACA;AACA,SAAOA,SAASjH,OAAOgC,WAAhB,GACL,EADK,GACA,MAAM,IAAN,GAAaiF,KAAKkE,OAAL,CAAa,QAAb,EAAuB,EAAvB,CADpB;AAED,CARD,C,CAUA;AACA;AACA;AACA;AACA;AACA;;;AACAlL,gBAAgBmL,SAAhB,GAA4BC,QAAQ;AAClC,MAAIC,aAAaC,SAASF,IAAT,CAAjB;;AACA,MAAIG,OAAOC,KAAP,CAAaH,UAAb,CAAJ,EAA8B;AAC5BA,iBAAaD,IAAb;AACD;;AACD,SAAOC,UAAP;AACD,CAND;;AAQA,SAASI,eAAT,GAA2B;AACzB,MAAIC,eAAe,KAAnB;AACA,MAAIC,YAAY,IAAI7I,OAAO8I,iBAAX,EAAhB;;AAEA,MAAIC,kBAAkB,UAAUC,OAAV,EAAmB;AACvC,WAAOpC,mBAAmB9I,SAASkL,OAAT,EAAkBhD,QAArC,CAAP;AACD,GAFD;;AAIA9I,kBAAgB+L,oBAAhB,GAAuC,YAAY;AACjDJ,cAAUK,OAAV,CAAkB,YAAW;AAC3B1C,oBAAc,EAAd;;AACA,UAAI2C,wBAAwB,UAAUC,UAAV,EAAsBlF,IAAtB,EAA4B;AACtD;AACA,YAAImF,iBAAiB3L,SAAS4L,qBAAqBC,SAA9B,EACMH,UADN,CAArB;AAEA,YAAII,YAAY7L,YAAY0L,cAAZ,CAAhB;AACA,YAAII,aAAavD,KAAKnI,KAAL,CAAW+B,iBAAiBuJ,cAAjB,CAAX,CAAjB;AACA,YAAII,WAAWC,MAAX,KAAsB,kBAA1B,EACE,MAAM,IAAIzH,KAAJ,CAAU,2CACAiE,KAAKC,SAAL,CAAesD,WAAWC,MAA1B,CADV,CAAN;AAGF,YAAI,CAAEL,cAAF,IAAoB,CAAEG,SAAtB,IAAmC,CAAEC,UAAzC,EACE,MAAM,IAAIxH,KAAJ,CAAU,gCAAV,CAAN;AAEF,YAAI0H,YAAYxB,oBAAoBjE,IAApB,CAAhB;AAEA,YAAItB,WAAW6G,WAAW7G,QAA1B;;AACAvB,UAAES,IAAF,CAAOc,QAAP,EAAiB,UAAUgH,IAAV,EAAgB;AAC/B,cAAIA,KAAKvK,GAAL,IAAYuK,KAAKC,KAAL,KAAe,QAA/B,EAAyC;AACvCrD,wBAAYmD,YAAYZ,gBAAgBa,KAAKvK,GAArB,CAAxB,IAAqD;AACnDsI,4BAAcjK,SAAS8L,SAAT,EAAoBI,KAAKE,IAAzB,CADqC;AAEnDxC,yBAAWsC,KAAKtC,SAFmC;AAGnD3H,oBAAMiK,KAAKjK,IAHwC;AAInD;AACA4H,4BAAcqC,KAAKrC,YALgC;AAMnDE,oBAAMmC,KAAKnC;AANwC,aAArD;;AASA,gBAAImC,KAAKG,SAAT,EAAoB;AAClB;AACA;AACAvD,0BAAYmD,YAAYZ,gBAAgBa,KAAKrC,YAArB,CAAxB,IAA8D;AAC5DI,8BAAcjK,SAAS8L,SAAT,EAAoBI,KAAKG,SAAzB,CAD8C;AAE5DzC,2BAAW;AAFiD,eAA9D;AAID;AACF;AACF,SApBD;;AAsBA,YAAI0C,UAAU;AACZN,kBAAQ,kBADI;AAEZ9G,oBAAUA,QAFE;AAGZ7D,mBAASkL,QAAQC,GAAR,CAAYC,kBAAZ,IACP1H,cAAcD,mBAAd,CACEI,QADF,EAEE,IAFF,EAGEvB,EAAEI,IAAF,CAAOlC,yBAAP,EAAkC,iBAAlC,CAHF,CAJU;AASZ6K,wCAA8BX,WAAWW,4BAT7B;AAUZC,2BAAiB9K,0BAA0B8K;AAV/B,SAAd;AAaApN,eAAOiC,cAAP,CAAsBgF,IAAtB,IAA8B8F,OAA9B,CAnDsD,CAqDtD;AACA;;AACA,cAAMM,oBAAoB,QAAQpG,KAAKkE,OAAL,CAAa,QAAb,EAAuB,EAAvB,CAAlC;AACA,cAAMmC,cAAcD,oBAClBvB,gBAAgB,gBAAhB,CADF;AAGAvC,oBAAY+D,WAAZ,IAA2B;AACzB7C,mBAASxB,KAAKC,SAAL,CAAe6D,OAAf,CADgB;AAEzB1C,qBAAW,KAFc;AAGzB3H,gBAAMqK,QAAQjL,OAHW;AAIzB0I,gBAAM;AAJmB,SAA3B;AAMD,OAjED;;AAmEA,UAAI;AACF,YAAI+C,cAAclB,qBAAqBmB,UAArB,CAAgCD,WAAlD;;AACAnJ,UAAES,IAAF,CAAO0I,WAAP,EAAoB,UAAUpB,UAAV,EAAsBlF,IAAtB,EAA4B;AAC9C/E,mBAAS+E,IAAT,IAAiBvG,YAAYyL,UAAZ,CAAjB;AACAD,gCAAsBC,UAAtB,EAAkClF,IAAlC;AACD,SAHD,EAFE,CAOF;;;AACAhH,wBAAgBsJ,WAAhB,GAA8BA,WAA9B;AACD,OATD,CASE,OAAOK,CAAP,EAAU;AACVmB,YAAIC,KAAJ,CAAU,yCAAyCpB,EAAE6D,KAArD;AACAT,gBAAQU,IAAR,CAAa,CAAb;AACD;AACF,KAlFD;AAmFD,GApFD;;AAsFAzN,kBAAgB0N,mBAAhB,GAAsC,YAAY;AAChD;AACA;AACA;AACA;AACA,QAAIC,wBAAwB;AAC1B,qBAAe;AACbpF,gCAAwB;AACtB;AACA;AACA;AACA;AACA;AACA;AACA;AACA;AACA;AACA;AACAqF,sCAA4Bb,QAAQC,GAAR,CAAYa,cAAZ,IAC1B/K,OAAOgL,WAAP,EAZoB;AAatBC,oBAAUhB,QAAQC,GAAR,CAAYgB,eAAZ,IACRlL,OAAOgL,WAAP;AAdoB;AADX;AADW,KAA5B;AAqBAnC,cAAUK,OAAV,CAAkB,YAAW;AAC3B7H,QAAES,IAAF,CAAO7E,OAAOiC,cAAd,EAA8B,UAAU8K,OAAV,EAAmBrH,QAAnB,EAA6B;AACzDa,0BAAkBb,QAAlB,IACEzF,gBAAgBmI,2BAAhB,CACE1C,QADF,EACYqH,QAAQpH,QADpB,EAEEiI,sBAAsBlI,QAAtB,CAFF,CADF;AAID,OALD,EAD2B,CAQ3B;;;AACAwI,4BAAsB,EAAtB,CAT2B,CAW3B;AACA;;AACA,UAAIC,WAAW5H,kBAAkBvG,OAAOgC,WAAzB,EAAsCuF,QAAtC,CAA+C6G,GAA9D,CAb2B,CAc3B;AACA;;AACA,UAAIC,SAASjK,EAAE0E,GAAF,CAAMqF,QAAN,EAAgB,UAASG,OAAT,EAAkB;AAC7C,eAAO;AAAElM,eAAKD,2BAA2BmM,QAAQlM,GAAnC;AAAP,SAAP;AACD,OAFY,CAAb;;AAGAnC,sBAAgBsO,iBAAhB,GAAoC;AAAEF;AAAF,OAApC;AACD,KApBD;AAqBD,GA/CD;;AAiDApO,kBAAgB+L,oBAAhB,GA/IyB,CAiJzB;;AACA,MAAIwC,MAAMxN,SAAV,CAlJyB,CAoJzB;AACA;;AACA,MAAIyN,qBAAqBzN,SAAzB;AACAwN,MAAIE,GAAJ,CAAQD,kBAAR,EAvJyB,CAyJzB;;AACAD,MAAIE,GAAJ,CAAQzN,UAAR,EA1JyB,CA4JzB;;AACAuN,MAAIE,GAAJ,CAAQxN,cAAR,EA7JyB,CA+JzB;AACA;;AACAsN,MAAIE,GAAJ,CAAQ,UAASvK,GAAT,EAAc6B,GAAd,EAAmByD,IAAnB,EAAyB;AAC/B,QAAIrE,YAAYuJ,UAAZ,CAAuBxK,IAAI/B,GAA3B,CAAJ,EAAqC;AACnCqH;AACA;AACD;;AACDzD,QAAI+D,SAAJ,CAAc,GAAd;AACA/D,QAAIgE,KAAJ,CAAU,aAAV;AACAhE,QAAIiE,GAAJ;AACD,GARD,EAjKyB,CA2KzB;;AACAuE,MAAIE,GAAJ,CAAQ,UAAU/J,OAAV,EAAmBiK,QAAnB,EAA6BnF,IAA7B,EAAmC;AACzC,QAAIoF,aAAavM,0BAA0BC,oBAA3C;;AACA,QAAIH,MAAML,IAAI3B,OAAJ,CAAY,KAAZ,EAAmBU,KAAnB,CAAyB6D,QAAQvC,GAAjC,CAAV;;AACA,QAAI2G,WAAW3G,IAAI2G,QAAnB,CAHyC,CAIzC;AACA;;AACA,QAAI8F,cAAc9F,SAAS+F,SAAT,CAAmB,CAAnB,EAAsBD,WAAWtL,MAAjC,MAA6CsL,UAA3D,KACA9F,SAASxF,MAAT,IAAmBsL,WAAWtL,MAA9B,IACGwF,SAAS+F,SAAT,CAAmBD,WAAWtL,MAA9B,EAAsCsL,WAAWtL,MAAX,GAAoB,CAA1D,MAAiE,GAFpE,CAAJ,EAE8E;AAC5EoB,cAAQvC,GAAR,GAAcuC,QAAQvC,GAAR,CAAY0M,SAAZ,CAAsBD,WAAWtL,MAAjC,CAAd;AACAkG;AACD,KALD,MAKO,IAAIV,aAAa,cAAb,IAA+BA,aAAa,aAAhD,EAA+D;AACpEU;AACD,KAFM,MAEA,IAAIoF,UAAJ,EAAgB;AACrBD,eAAS7E,SAAT,CAAmB,GAAnB;AACA6E,eAAS5E,KAAT,CAAe,cAAf;AACA4E,eAAS3E,GAAT;AACD,KAJM,MAIA;AACLR;AACD;AACF,GApBD,EA5KyB,CAkMzB;AACA;;AACA+E,MAAIE,GAAJ,CAAQvN,OAAR,EApMyB,CAsMzB;AACA;;AACAqN,MAAIE,GAAJ,CAAQ,UAAUvK,GAAV,EAAe6B,GAAf,EAAoByD,IAApB,EAA0B;AAChCxJ,oBAAgBuJ,qBAAhB,CAAsCD,WAAtC,EAAmDpF,GAAnD,EAAwD6B,GAAxD,EAA6DyD,IAA7D;AACD,GAFD,EAxMyB,CA4MzB;AACA;;AACA+E,MAAIE,GAAJ,CAAQzO,gBAAgB8O,sBAAhB,GAAyC/N,SAAjD,EA9MyB,CAgNzB;AACA;;AACA,MAAIgO,wBAAwBhO,SAA5B;AACAwN,MAAIE,GAAJ,CAAQM,qBAAR;AAEA,MAAIC,wBAAwB,KAA5B,CArNyB,CAsNzB;AACA;AACA;;AACAT,MAAIE,GAAJ,CAAQ,UAAU5D,GAAV,EAAe3G,GAAf,EAAoB6B,GAApB,EAAyByD,IAAzB,EAA+B;AACrC,QAAI,CAACqB,GAAD,IAAQ,CAACmE,qBAAT,IAAkC,CAAC9K,IAAII,OAAJ,CAAY,kBAAZ,CAAvC,EAAwE;AACtEkF,WAAKqB,GAAL;AACA;AACD;;AACD9E,QAAI+D,SAAJ,CAAce,IAAIoE,MAAlB,EAA0B;AAAE,sBAAgB;AAAlB,KAA1B;AACAlJ,QAAIiE,GAAJ,CAAQ,kBAAR;AACD,GAPD;AASAuE,MAAIE,GAAJ,CAAQ,UAAUvK,GAAV,EAAe6B,GAAf,EAAoByD,IAApB,EAA0B;AAChC,QAAI,CAAEtE,OAAOhB,IAAI/B,GAAX,CAAN,EAAuB;AACrB,aAAOqH,MAAP;AAED,KAHD,MAGO;AACL,UAAIlF,UAAU;AACZ,wBAAgB;AADJ,OAAd;;AAIA,UAAIoH,YAAJ,EAAkB;AAChBpH,gBAAQ,YAAR,IAAwB,OAAxB;AACD;;AAED,UAAII,UAAU3E,OAAOkE,iBAAP,CAAyBC,GAAzB,CAAd;;AAEA,UAAIQ,QAAQvC,GAAR,CAAYjB,KAAZ,IAAqBwD,QAAQvC,GAAR,CAAYjB,KAAZ,CAAkB,qBAAlB,CAAzB,EAAmE;AACjE;AACA;AACA;AACA;AACA;AACA;AACA;AACAoD,gBAAQ,cAAR,IAA0B,yBAA1B;AACAA,gBAAQ,eAAR,IAA2B,UAA3B;AACAyB,YAAI+D,SAAJ,CAAc,GAAd,EAAmBxF,OAAnB;AACAyB,YAAIgE,KAAJ,CAAU,4CAAV;AACAhE,YAAIiE,GAAJ;AACA;AACD;;AAED,UAAItF,QAAQvC,GAAR,CAAYjB,KAAZ,IAAqBwD,QAAQvC,GAAR,CAAYjB,KAAZ,CAAkB,oBAAlB,CAAzB,EAAkE;AAChE;AACA;AACA;AACA;AACAoD,gBAAQ,eAAR,IAA2B,UAA3B;AACAyB,YAAI+D,SAAJ,CAAc,GAAd,EAAmBxF,OAAnB;AACAyB,YAAIiE,GAAJ,CAAQ,eAAR;AACA;AACD;;AAED,UAAItF,QAAQvC,GAAR,CAAYjB,KAAZ,IAAqBwD,QAAQvC,GAAR,CAAYjB,KAAZ,CAAkB,yBAAlB,CAAzB,EAAuE;AACrE;AACA;AACA;AACA;AACAoD,gBAAQ,eAAR,IAA2B,UAA3B;AACAyB,YAAI+D,SAAJ,CAAc,GAAd,EAAmBxF,OAAnB;AACAyB,YAAIiE,GAAJ,CAAQ,eAAR;AACA;AACD,OA/CI,CAiDL;;;AACA,UAAIlB,WAAW3H,aAAa+C,GAAb,EAAkB4E,QAAjC;AACA,UAAIoG,UAAUpG,SAAS3F,KAAT,CAAe,GAAf,EAAoB,CAApB,CAAd;AACA,UAAIgM,iBAAiB,SAASD,QAAQhE,OAAR,CAAgB,KAAhB,EAAuB,EAAvB,CAA9B;;AAEA,UAAI,CAAC,MAAMkE,IAAN,CAAWF,OAAX,CAAD,IAAwB,CAAC/K,EAAE8F,GAAF,CAAMhI,QAAN,EAAgBkN,cAAhB,CAA7B,EAA8D;AAC5DD,kBAAUnP,OAAOgC,WAAjB;AACD,OAFD,MAEO;AACLmN,kBAAUC,cAAV;AACD;;AAED,aAAOlI,oBACLvC,OADK,EAELwK,OAFK,EAGLpH,IAHK,CAGA,CAAC;AAAEE,cAAF;AAAWE,kBAAX;AAAuB5D,iBAAS+K;AAAhC,OAAD,KAAkD;AACvD,YAAI,CAACnH,UAAL,EAAiB;AACfA,uBAAanC,IAAImC,UAAJ,GAAiBnC,IAAImC,UAArB,GAAkC,GAA/C;AACD;;AAED,YAAImH,UAAJ,EAAgB;AACd7I,iBAAOa,MAAP,CAAc/C,OAAd,EAAuB+K,UAAvB;AACD;;AAEDtJ,YAAI+D,SAAJ,CAAc5B,UAAd,EAA0B5D,OAA1B;AAEA0D,eAAOgD,IAAP,CAAYjF,GAAZ,EAAiB;AACf;AACAiE,eAAK;AAFU,SAAjB;AAKD,OAnBM,EAmBJsF,KAnBI,CAmBEvE,SAAS;AAChBD,YAAIC,KAAJ,CAAU,6BAA6BA,MAAMyC,KAA7C;AACAzH,YAAI+D,SAAJ,CAAc,GAAd,EAAmBxF,OAAnB;AACAyB,YAAIiE,GAAJ;AACD,OAvBM,CAAP;AAwBD;AACF,GAzFD,EAlOyB,CA6TzB;;AACAuE,MAAIE,GAAJ,CAAQ,UAAUvK,GAAV,EAAe6B,GAAf,EAAoB;AAC1BA,QAAI+D,SAAJ,CAAc,GAAd;AACA/D,QAAIiE,GAAJ;AACD,GAHD;AAMA,MAAIuF,aAAahP,aAAagO,GAAb,CAAjB;AACA,MAAIiB,uBAAuB,EAA3B,CArUyB,CAuUzB;AACA;AACA;;AACAD,aAAWvJ,UAAX,CAAsBtE,oBAAtB,EA1UyB,CA4UzB;AACA;AACA;;AACA6N,aAAWnJ,EAAX,CAAc,SAAd,EAAyBrG,OAAO+F,iCAAhC,EA/UyB,CAiVzB;AACA;AACA;AACA;AACA;AACA;AACA;;AACAyJ,aAAWnJ,EAAX,CAAc,aAAd,EAA6B,CAACyE,GAAD,EAAM4E,MAAN,KAAiB;AAC5C;AACA,QAAIA,OAAOC,SAAX,EAAsB;AACpB;AACD;;AAED,QAAI7E,IAAI8E,OAAJ,KAAgB,aAApB,EAAmC;AACjCF,aAAOzF,GAAP,CAAW,kCAAX;AACD,KAFD,MAEO;AACL;AACA;AACAyF,aAAOG,OAAP,CAAe/E,GAAf;AACD;AACF,GAbD,EAxVyB,CAuWzB;;AACA1G,IAAEC,MAAF,CAASrE,MAAT,EAAiB;AACf8P,qBAAiBd,qBADF;AAEfP,wBAAoBA,kBAFL;AAGfe,gBAAYA,UAHG;AAIfO,gBAAYvB,GAJG;AAKf;AACAS,2BAAuB,YAAY;AACjCA,8BAAwB,IAAxB;AACD,KARc;AASfe,iBAAa,UAAUC,CAAV,EAAa;AACxB,UAAIR,oBAAJ,EACEA,qBAAqBvK,IAArB,CAA0B+K,CAA1B,EADF,KAGEA;AACH;AAdc,GAAjB,EAxWyB,CAyXzB;AACA;AACA;;;AACAC,UAAQC,IAAR,GAAeC,QAAQ;AACrBnQ,oBAAgB0N,mBAAhB;;AAEA,UAAM0C,kBAAkBC,iBAAiB;AACvCd,iBAAWe,MAAX,CAAkBD,aAAlB,EAAiCvN,OAAOyN,eAAP,CAAuB,MAAM;AAC5D,YAAIxD,QAAQC,GAAR,CAAYwD,sBAAhB,EAAwC;AACtCC,kBAAQC,GAAR,CAAY,WAAZ;AACD;;AACD,cAAMC,YAAYnB,oBAAlB;AACAA,+BAAuB,IAAvB;AACAmB,kBAAU9I,OAAV,CAAkBjB,YAAY;AAAEA;AAAa,SAA7C;AACD,OAPgC,EAO9B+C,KAAK;AACN8G,gBAAQ1F,KAAR,CAAc,kBAAd,EAAkCpB,CAAlC;AACA8G,gBAAQ1F,KAAR,CAAcpB,KAAKA,EAAE6D,KAArB;AACD,OAVgC,CAAjC;AAWD,KAZD;;AAcA,QAAIoD,YAAY7D,QAAQC,GAAR,CAAY6D,IAAZ,IAAoB,CAApC;AACA,UAAMC,iBAAiB/D,QAAQC,GAAR,CAAY+D,gBAAnC;;AAEA,QAAID,cAAJ,EAAoB;AAClB;AACAtP,+BAAyBsP,cAAzB;AACAV,sBAAgB;AAAExD,cAAMkE;AAAR,OAAhB;AACArP,gCAA0BqP,cAA1B;AACD,KALD,MAKO;AACLF,kBAAYpF,MAAMD,OAAOqF,SAAP,CAAN,IAA2BA,SAA3B,GAAuCrF,OAAOqF,SAAP,CAAnD;;AACA,UAAI,qBAAqBxB,IAArB,CAA0BwB,SAA1B,CAAJ,EAA0C;AACxC;AACAR,wBAAgB;AAAExD,gBAAMgE;AAAR,SAAhB;AACD,OAHD,MAGO,IAAI,OAAOA,SAAP,KAAqB,QAAzB,EAAmC;AACxC;AACAR,wBAAgB;AACdhF,gBAAMwF,SADQ;AAEdI,gBAAMjE,QAAQC,GAAR,CAAYiE,OAAZ,IAAuB;AAFf,SAAhB;AAID,OANM,MAMA;AACL,cAAM,IAAIlM,KAAJ,CAAU,wBAAV,CAAN;AACD;AACF;;AAED,WAAO,QAAP;AACD,GA1CD;AA2CD;;AAGD0G;AAGA,IAAIrC,uBAAuB,IAA3B;;AAEApJ,gBAAgBoJ,oBAAhB,GAAuC,YAAY;AACjD,SAAOA,oBAAP;AACD,CAFD;;AAIApJ,gBAAgBkR,uBAAhB,GAA0C,UAAUC,KAAV,EAAiB;AACzD/H,yBAAuB+H,KAAvB;AACAnR,kBAAgB0N,mBAAhB;AACD,CAHD;;AAMA1N,gBAAgBoR,6BAAhB,GAAgD,UAAUC,MAAV,EAAkB;AAChEnP,+BAA6BmP,MAA7B;AACArR,kBAAgB0N,mBAAhB;AACD,CAHD;;AAKA1N,gBAAgBsR,qBAAhB,GAAwC,UAAUC,MAAV,EAAkB;AACxD,MAAIC,OAAO,IAAX;AACAA,OAAKJ,6BAAL,CACE,UAAUjP,GAAV,EAAe;AACb,WAAOoP,SAASpP,GAAhB;AACH,GAHD;AAID,CAND,C,CAQA;AACA;AACA;AACA;;;AACA,IAAIyG,qBAAqB,EAAzB;;AACA5I,gBAAgByR,WAAhB,GAA8B,UAAUjP,QAAV,EAAoB;AAChDoG,qBAAmB,MAAMrG,KAAKC,QAAL,CAAN,GAAuB,KAA1C,IAAmDA,QAAnD;AACD,CAFD,C,CAIA;;;AACAxC,gBAAgB+G,cAAhB,GAAiCA,cAAjC;AACA/G,gBAAgB4I,kBAAhB,GAAqCA,kBAArC","sourcesContent":["import assert from \"assert\";\nimport { readFile } from \"fs\";\nimport { createServer } from \"http\";\nimport {\n  join as pathJoin,\n  dirname as pathDirname,\n} from \"path\";\nimport { parse as parseUrl } from \"url\";\nimport { createHash } from \"crypto\";\nimport { connect } from \"./connect.js\";\nimport compress from \"compression\";\nimport cookieParser from \"cookie-parser\";\nimport query from \"qs-middleware\";\nimport parseRequest from \"parseurl\";\nimport basicAuth from \"basic-auth-connect\";\nimport { lookup as lookupUserAgent } from \"useragent\";\nimport send from \"send\";\nimport {\n  removeExistingSocketFile,\n  registerSocketFileCleanup,\n} from './socket_file.js';\n\nvar SHORT_SOCKET_TIMEOUT = 5*1000;\nvar LONG_SOCKET_TIMEOUT = 120*1000;\n\nexport const WebApp = {};\nexport const WebAppInternals = {};\n\n// backwards compat to 2.0 of connect\nconnect.basicAuth = basicAuth;\n\nWebAppInternals.NpmModules = {\n  connect: {\n    version: Npm.require('connect/package.json').version,\n    module: connect,\n  }\n};\n\nWebApp.defaultArch = 'web.browser';\n\n// XXX maps archs to manifests\nWebApp.clientPrograms = {};\n\n// XXX maps archs to program path on filesystem\nvar archPath = {};\n\nvar bundledJsCssUrlRewriteHook = function (url) {\n  var bundledPrefix =\n     __meteor_runtime_config__.ROOT_URL_PATH_PREFIX || '';\n  return bundledPrefix + url;\n};\n\nvar sha1 = function (contents) {\n  var hash = createHash('sha1');\n  hash.update(contents);\n  return hash.digest('hex');\n};\n\nvar readUtf8FileSync = function (filename) {\n  return Meteor.wrapAsync(readFile)(filename, 'utf8');\n};\n\n// #BrowserIdentification\n//\n// We have multiple places that want to identify the browser: the\n// unsupported browser page, the appcache package, and, eventually\n// delivering browser polyfills only as needed.\n//\n// To avoid detecting the browser in multiple places ad-hoc, we create a\n// Meteor \"browser\" object. It uses but does not expose the npm\n// useragent module (we could choose a different mechanism to identify\n// the browser in the future if we wanted to).  The browser object\n// contains\n//\n// * `name`: the name of the browser in camel case\n// * `major`, `minor`, `patch`: integers describing the browser version\n//\n// Also here is an early version of a Meteor `request` object, intended\n// to be a high-level description of the request without exposing\n// details of connect's low-level `req`.  Currently it contains:\n//\n// * `browser`: browser identification object described above\n// * `url`: parsed url, including parsed query params\n//\n// As a temporary hack there is a `categorizeRequest` function on WebApp which\n// converts a connect `req` to a Meteor `request`. This can go away once smart\n// packages such as appcache are being passed a `request` object directly when\n// they serve content.\n//\n// This allows `request` to be used uniformly: it is passed to the html\n// attributes hook, and the appcache package can use it when deciding\n// whether to generate a 404 for the manifest.\n//\n// Real routing / server side rendering will probably refactor this\n// heavily.\n\n\n// e.g. \"Mobile Safari\" => \"mobileSafari\"\nvar camelCase = function (name) {\n  var parts = name.split(' ');\n  parts[0] = parts[0].toLowerCase();\n  for (var i = 1;  i < parts.length;  ++i) {\n    parts[i] = parts[i].charAt(0).toUpperCase() + parts[i].substr(1);\n  }\n  return parts.join('');\n};\n\nvar identifyBrowser = function (userAgentString) {\n  var userAgent = lookupUserAgent(userAgentString);\n  return {\n    name: camelCase(userAgent.family),\n    major: +userAgent.major,\n    minor: +userAgent.minor,\n    patch: +userAgent.patch\n  };\n};\n\n// XXX Refactor as part of implementing real routing.\nWebAppInternals.identifyBrowser = identifyBrowser;\n\nWebApp.categorizeRequest = function (req) {\n  return _.extend({\n    browser: identifyBrowser(req.headers['user-agent']),\n    url: parseUrl(req.url, true)\n  }, _.pick(req, 'dynamicHead', 'dynamicBody', 'headers', 'cookies'));\n};\n\n// HTML attribute hooks: functions to be called to determine any attributes to\n// be added to the '<html>' tag. Each function is passed a 'request' object (see\n// #BrowserIdentification) and should return null or object.\nvar htmlAttributeHooks = [];\nvar getHtmlAttributes = function (request) {\n  var combinedAttributes  = {};\n  _.each(htmlAttributeHooks || [], function (hook) {\n    var attributes = hook(request);\n    if (attributes === null)\n      return;\n    if (typeof attributes !== 'object')\n      throw Error(\"HTML attribute hook must return null or object\");\n    _.extend(combinedAttributes, attributes);\n  });\n  return combinedAttributes;\n};\nWebApp.addHtmlAttributeHook = function (hook) {\n  htmlAttributeHooks.push(hook);\n};\n\n// Serve app HTML for this URL?\nvar appUrl = function (url) {\n  if (url === '/favicon.ico' || url === '/robots.txt')\n    return false;\n\n  // NOTE: app.manifest is not a web standard like favicon.ico and\n  // robots.txt. It is a file name we have chosen to use for HTML5\n  // appcache URLs. It is included here to prevent using an appcache\n  // then removing it from poisoning an app permanently. Eventually,\n  // once we have server side routing, this won't be needed as\n  // unknown URLs with return a 404 automatically.\n  if (url === '/app.manifest')\n    return false;\n\n  // Avoid serving app HTML for declared routes such as /sockjs/.\n  if (RoutePolicy.classify(url))\n    return false;\n\n  // we currently return app HTML on all URLs by default\n  return true;\n};\n\n\n// We need to calculate the client hash after all packages have loaded\n// to give them a chance to populate __meteor_runtime_config__.\n//\n// Calculating the hash during startup means that packages can only\n// populate __meteor_runtime_config__ during load, not during startup.\n//\n// Calculating instead it at the beginning of main after all startup\n// hooks had run would allow packages to also populate\n// __meteor_runtime_config__ during startup, but that's too late for\n// autoupdate because it needs to have the client hash at startup to\n// insert the auto update version itself into\n// __meteor_runtime_config__ to get it to the client.\n//\n// An alternative would be to give autoupdate a \"post-start,\n// pre-listen\" hook to allow it to insert the auto update version at\n// the right moment.\n\nMeteor.startup(function () {\n  var calculateClientHash = WebAppHashing.calculateClientHash;\n  WebApp.clientHash = function (archName) {\n    archName = archName || WebApp.defaultArch;\n    return calculateClientHash(WebApp.clientPrograms[archName].manifest);\n  };\n\n  WebApp.calculateClientHashRefreshable = function (archName) {\n    archName = archName || WebApp.defaultArch;\n    return calculateClientHash(WebApp.clientPrograms[archName].manifest,\n      function (name) {\n        return name === \"css\";\n      });\n  };\n  WebApp.calculateClientHashNonRefreshable = function (archName) {\n    archName = archName || WebApp.defaultArch;\n    return calculateClientHash(WebApp.clientPrograms[archName].manifest,\n      function (name) {\n        return name !== \"css\";\n      });\n  };\n  WebApp.calculateClientHashCordova = function () {\n    var archName = 'web.cordova';\n    if (! WebApp.clientPrograms[archName])\n      return 'none';\n\n    return calculateClientHash(\n      WebApp.clientPrograms[archName].manifest, null, _.pick(\n        __meteor_runtime_config__, 'PUBLIC_SETTINGS'));\n  };\n});\n\n\n\n// When we have a request pending, we want the socket timeout to be long, to\n// give ourselves a while to serve it, and to allow sockjs long polls to\n// complete.  On the other hand, we want to close idle sockets relatively\n// quickly, so that we can shut down relatively promptly but cleanly, without\n// cutting off anyone's response.\nWebApp._timeoutAdjustmentRequestCallback = function (req, res) {\n  // this is really just req.socket.setTimeout(LONG_SOCKET_TIMEOUT);\n  req.setTimeout(LONG_SOCKET_TIMEOUT);\n  // Insert our new finish listener to run BEFORE the existing one which removes\n  // the response from the socket.\n  var finishListeners = res.listeners('finish');\n  // XXX Apparently in Node 0.12 this event was called 'prefinish'.\n  // https://github.com/joyent/node/commit/7c9b6070\n  // But it has switched back to 'finish' in Node v4:\n  // https://github.com/nodejs/node/pull/1411\n  res.removeAllListeners('finish');\n  res.on('finish', function () {\n    res.setTimeout(SHORT_SOCKET_TIMEOUT);\n  });\n  _.each(finishListeners, function (l) { res.on('finish', l); });\n};\n\n\n// Will be updated by main before we listen.\n// Map from client arch to boilerplate object.\n// Boilerplate object has:\n//   - func: XXX\n//   - baseData: XXX\nvar boilerplateByArch = {};\n\n// Register a callback function that can selectively modify boilerplate\n// data given arguments (request, data, arch). The key should be a unique\n// identifier, to prevent accumulating duplicate callbacks from the same\n// call site over time. Callbacks will be called in the order they were\n// registered. A callback should return false if it did not make any\n// changes affecting the boilerplate. Passing null deletes the callback.\n// Any previous callback registered for this key will be returned.\nconst boilerplateDataCallbacks = Object.create(null);\nWebAppInternals.registerBoilerplateDataCallback = function (key, callback) {\n  const previousCallback = boilerplateDataCallbacks[key];\n\n  if (typeof callback === \"function\") {\n    boilerplateDataCallbacks[key] = callback;\n  } else {\n    assert.strictEqual(callback, null);\n    delete boilerplateDataCallbacks[key];\n  }\n\n  // Return the previous callback in case the new callback needs to call\n  // it; for example, when the new callback is a wrapper for the old.\n  return previousCallback || null;\n};\n\n// Given a request (as returned from `categorizeRequest`), return the\n// boilerplate HTML to serve for that request.\n//\n// If a previous connect middleware has rendered content for the head or body,\n// returns the boilerplate with that content patched in otherwise\n// memoizes on HTML attributes (used by, eg, appcache) and whether inline\n// scripts are currently allowed.\n// XXX so far this function is always called with arch === 'web.browser'\nfunction getBoilerplate(request, arch) {\n  return getBoilerplateAsync(request, arch).await();\n}\n\nfunction getBoilerplateAsync(request, arch) {\n  const boilerplate = boilerplateByArch[arch];\n  const data = Object.assign({}, boilerplate.baseData, {\n    htmlAttributes: getHtmlAttributes(request),\n  }, _.pick(request, \"dynamicHead\", \"dynamicBody\"));\n\n  let madeChanges = false;\n  let promise = Promise.resolve();\n\n  Object.keys(boilerplateDataCallbacks).forEach(key => {\n    promise = promise.then(() => {\n      const callback = boilerplateDataCallbacks[key];\n      return callback(request, data, arch);\n    }).then(result => {\n      // Callbacks should return false if they did not make any changes.\n      if (result !== false) {\n        madeChanges = true;\n      }\n    });\n  });\n\n  return promise.then(() => ({\n    stream: boilerplate.toHTMLStream(data),\n    statusCode: data.statusCode,\n    headers: data.headers,\n  }));\n}\n\nWebAppInternals.generateBoilerplateInstance = function (arch,\n                                                        manifest,\n                                                        additionalOptions) {\n  additionalOptions = additionalOptions || {};\n\n  var runtimeConfig = _.extend(\n    _.clone(__meteor_runtime_config__),\n    additionalOptions.runtimeConfigOverrides || {}\n  );\n  return new Boilerplate(arch, manifest,\n    _.extend({\n      pathMapper: function (itemPath) {\n        return pathJoin(archPath[arch], itemPath); },\n      baseDataExtension: {\n        additionalStaticJs: _.map(\n          additionalStaticJs || [],\n          function (contents, pathname) {\n            return {\n              pathname: pathname,\n              contents: contents\n            };\n          }\n        ),\n        // Convert to a JSON string, then get rid of most weird characters, then\n        // wrap in double quotes. (The outermost JSON.stringify really ought to\n        // just be \"wrap in double quotes\" but we use it to be safe.) This might\n        // end up inside a <script> tag so we need to be careful to not include\n        // \"</script>\", but normal {{spacebars}} escaping escapes too much! See\n        // https://github.com/meteor/meteor/issues/3730\n        meteorRuntimeConfig: JSON.stringify(\n          encodeURIComponent(JSON.stringify(runtimeConfig))),\n        rootUrlPathPrefix: __meteor_runtime_config__.ROOT_URL_PATH_PREFIX || '',\n        bundledJsCssUrlRewriteHook: bundledJsCssUrlRewriteHook,\n        inlineScriptsAllowed: WebAppInternals.inlineScriptsAllowed(),\n        inline: additionalOptions.inline\n      }\n    }, additionalOptions)\n  );\n};\n\n// A mapping from url path to \"info\". Where \"info\" has the following fields:\n// - type: the type of file to be served\n// - cacheable: optionally, whether the file should be cached or not\n// - sourceMapUrl: optionally, the url of the source map\n//\n// Info also contains one of the following:\n// - content: the stringified content that should be served at this path\n// - absolutePath: the absolute path on disk to the file\n\nvar staticFiles;\n\n// Serve static files from the manifest or added with\n// `addStaticJs`. Exported for tests.\nWebAppInternals.staticFilesMiddleware = function (staticFiles, req, res, next) {\n  if ('GET' != req.method && 'HEAD' != req.method && 'OPTIONS' != req.method) {\n    next();\n    return;\n  }\n  var pathname = parseRequest(req).pathname;\n  try {\n    pathname = decodeURIComponent(pathname);\n  } catch (e) {\n    next();\n    return;\n  }\n\n  var serveStaticJs = function (s) {\n    res.writeHead(200, {\n      'Content-type': 'application/javascript; charset=UTF-8'\n    });\n    res.write(s);\n    res.end();\n  };\n\n  if (pathname === \"/meteor_runtime_config.js\" &&\n      ! WebAppInternals.inlineScriptsAllowed()) {\n    serveStaticJs(\"__meteor_runtime_config__ = \" +\n                  JSON.stringify(__meteor_runtime_config__) + \";\");\n    return;\n  } else if (_.has(additionalStaticJs, pathname) &&\n              ! WebAppInternals.inlineScriptsAllowed()) {\n    serveStaticJs(additionalStaticJs[pathname]);\n    return;\n  }\n\n  if (!_.has(staticFiles, pathname)) {\n    next();\n    return;\n  }\n\n  // We don't need to call pause because, unlike 'static', once we call into\n  // 'send' and yield to the event loop, we never call another handler with\n  // 'next'.\n\n  var info = staticFiles[pathname];\n\n  // Cacheable files are files that should never change. Typically\n  // named by their hash (eg meteor bundled js and css files).\n  // We cache them ~forever (1yr).\n  var maxAge = info.cacheable\n        ? 1000 * 60 * 60 * 24 * 365\n        : 0;\n\n  // Set the X-SourceMap header, which current Chrome, FireFox, and Safari\n  // understand.  (The SourceMap header is slightly more spec-correct but FF\n  // doesn't understand it.)\n  //\n  // You may also need to enable source maps in Chrome: open dev tools, click\n  // the gear in the bottom right corner, and select \"enable source maps\".\n  if (info.sourceMapUrl) {\n    res.setHeader('X-SourceMap',\n                  __meteor_runtime_config__.ROOT_URL_PATH_PREFIX +\n                  info.sourceMapUrl);\n  }\n\n  if (info.type === \"js\" ||\n      info.type === \"dynamic js\") {\n    res.setHeader(\"Content-Type\", \"application/javascript; charset=UTF-8\");\n  } else if (info.type === \"css\") {\n    res.setHeader(\"Content-Type\", \"text/css; charset=UTF-8\");\n  } else if (info.type === \"json\") {\n    res.setHeader(\"Content-Type\", \"application/json; charset=UTF-8\");\n  }\n\n  if (info.hash) {\n    res.setHeader('ETag', '\"' + info.hash + '\"');\n  }\n\n  if (info.content) {\n    res.write(info.content);\n    res.end();\n  } else {\n    send(req, info.absolutePath, {\n        maxage: maxAge,\n        dotfiles: 'allow', // if we specified a dotfile in the manifest, serve it\n        lastModified: false // don't set last-modified based on the file date\n      }).on('error', function (err) {\n        Log.error(\"Error serving static file \" + err);\n        res.writeHead(500);\n        res.end();\n      })\n      .on('directory', function () {\n        Log.error(\"Unexpected directory \" + info.absolutePath);\n        res.writeHead(500);\n        res.end();\n      })\n      .pipe(res);\n  }\n};\n\nvar getUrlPrefixForArch = function (arch) {\n  // XXX we rely on the fact that arch names don't contain slashes\n  // in that case we would need to uri escape it\n\n  // We add '__' to the beginning of non-standard archs to \"scope\" the url\n  // to Meteor internals.\n  return arch === WebApp.defaultArch ?\n    '' : '/' + '__' + arch.replace(/^web\\./, '');\n};\n\n// Parse the passed in port value. Return the port as-is if it's a String\n// (e.g. a Windows Server style named pipe), otherwise return the port as an\n// integer.\n//\n// DEPRECATED: Direct use of this function is not recommended; it is no\n// longer used internally, and will be removed in a future release.\nWebAppInternals.parsePort = port => {\n  let parsedPort = parseInt(port);\n  if (Number.isNaN(parsedPort)) {\n    parsedPort = port;\n  }\n  return parsedPort;\n}\n\nfunction runWebAppServer() {\n  var shuttingDown = false;\n  var syncQueue = new Meteor._SynchronousQueue();\n\n  var getItemPathname = function (itemUrl) {\n    return decodeURIComponent(parseUrl(itemUrl).pathname);\n  };\n\n  WebAppInternals.reloadClientPrograms = function () {\n    syncQueue.runTask(function() {\n      staticFiles = {};\n      var generateClientProgram = function (clientPath, arch) {\n        // read the control for the client we'll be serving up\n        var clientJsonPath = pathJoin(__meteor_bootstrap__.serverDir,\n                                   clientPath);\n        var clientDir = pathDirname(clientJsonPath);\n        var clientJson = JSON.parse(readUtf8FileSync(clientJsonPath));\n        if (clientJson.format !== \"web-program-pre1\")\n          throw new Error(\"Unsupported format for client assets: \" +\n                          JSON.stringify(clientJson.format));\n\n        if (! clientJsonPath || ! clientDir || ! clientJson)\n          throw new Error(\"Client config file not parsed.\");\n\n        var urlPrefix = getUrlPrefixForArch(arch);\n\n        var manifest = clientJson.manifest;\n        _.each(manifest, function (item) {\n          if (item.url && item.where === \"client\") {\n            staticFiles[urlPrefix + getItemPathname(item.url)] = {\n              absolutePath: pathJoin(clientDir, item.path),\n              cacheable: item.cacheable,\n              hash: item.hash,\n              // Link from source to its map\n              sourceMapUrl: item.sourceMapUrl,\n              type: item.type\n            };\n\n            if (item.sourceMap) {\n              // Serve the source map too, under the specified URL. We assume all\n              // source maps are cacheable.\n              staticFiles[urlPrefix + getItemPathname(item.sourceMapUrl)] = {\n                absolutePath: pathJoin(clientDir, item.sourceMap),\n                cacheable: true\n              };\n            }\n          }\n        });\n\n        var program = {\n          format: \"web-program-pre1\",\n          manifest: manifest,\n          version: process.env.AUTOUPDATE_VERSION ||\n            WebAppHashing.calculateClientHash(\n              manifest,\n              null,\n              _.pick(__meteor_runtime_config__, \"PUBLIC_SETTINGS\")\n            ),\n          cordovaCompatibilityVersions: clientJson.cordovaCompatibilityVersions,\n          PUBLIC_SETTINGS: __meteor_runtime_config__.PUBLIC_SETTINGS\n        };\n\n        WebApp.clientPrograms[arch] = program;\n\n        // Expose program details as a string reachable via the following\n        // URL.\n        const manifestUrlPrefix = \"/__\" + arch.replace(/^web\\./, \"\");\n        const manifestUrl = manifestUrlPrefix +\n          getItemPathname(\"/manifest.json\");\n\n        staticFiles[manifestUrl] = {\n          content: JSON.stringify(program),\n          cacheable: false,\n          hash: program.version,\n          type: \"json\"\n        };\n      };\n\n      try {\n        var clientPaths = __meteor_bootstrap__.configJson.clientPaths;\n        _.each(clientPaths, function (clientPath, arch) {\n          archPath[arch] = pathDirname(clientPath);\n          generateClientProgram(clientPath, arch);\n        });\n\n        // Exported for tests.\n        WebAppInternals.staticFiles = staticFiles;\n      } catch (e) {\n        Log.error(\"Error reloading the client program: \" + e.stack);\n        process.exit(1);\n      }\n    });\n  };\n\n  WebAppInternals.generateBoilerplate = function () {\n    // This boilerplate will be served to the mobile devices when used with\n    // Meteor/Cordova for the Hot-Code Push and since the file will be served by\n    // the device's server, it is important to set the DDP url to the actual\n    // Meteor server accepting DDP connections and not the device's file server.\n    var defaultOptionsForArch = {\n      'web.cordova': {\n        runtimeConfigOverrides: {\n          // XXX We use absoluteUrl() here so that we serve https://\n          // URLs to cordova clients if force-ssl is in use. If we were\n          // to use __meteor_runtime_config__.ROOT_URL instead of\n          // absoluteUrl(), then Cordova clients would immediately get a\n          // HCP setting their DDP_DEFAULT_CONNECTION_URL to\n          // http://example.meteor.com. This breaks the app, because\n          // force-ssl doesn't serve CORS headers on 302\n          // redirects. (Plus it's undesirable to have clients\n          // connecting to http://example.meteor.com when force-ssl is\n          // in use.)\n          DDP_DEFAULT_CONNECTION_URL: process.env.MOBILE_DDP_URL ||\n            Meteor.absoluteUrl(),\n          ROOT_URL: process.env.MOBILE_ROOT_URL ||\n            Meteor.absoluteUrl()\n        }\n      }\n    };\n\n    syncQueue.runTask(function() {\n      _.each(WebApp.clientPrograms, function (program, archName) {\n        boilerplateByArch[archName] =\n          WebAppInternals.generateBoilerplateInstance(\n            archName, program.manifest,\n            defaultOptionsForArch[archName]);\n      });\n\n      // Clear the memoized boilerplate cache.\n      memoizedBoilerplate = {};\n\n      // Configure CSS injection for the default arch\n      // XXX implement the CSS injection for all archs?\n      var cssFiles = boilerplateByArch[WebApp.defaultArch].baseData.css;\n      // Rewrite all CSS files (which are written directly to <style> tags)\n      // by autoupdate_client to use the CDN prefix/etc\n      var allCss = _.map(cssFiles, function(cssFile) {\n        return { url: bundledJsCssUrlRewriteHook(cssFile.url) };\n      });\n      WebAppInternals.refreshableAssets = { allCss };\n    });\n  };\n\n  WebAppInternals.reloadClientPrograms();\n\n  // webserver\n  var app = connect();\n\n  // Packages and apps can add handlers that run before any other Meteor\n  // handlers via WebApp.rawConnectHandlers.\n  var rawConnectHandlers = connect();\n  app.use(rawConnectHandlers);\n\n  // Auto-compress any json, javascript, or text.\n  app.use(compress());\n\n  // parse cookies into an object\n  app.use(cookieParser());\n\n  // We're not a proxy; reject (without crashing) attempts to treat us like\n  // one. (See #1212.)\n  app.use(function(req, res, next) {\n    if (RoutePolicy.isValidUrl(req.url)) {\n      next();\n      return;\n    }\n    res.writeHead(400);\n    res.write(\"Not a proxy\");\n    res.end();\n  });\n\n  // Strip off the path prefix, if it exists.\n  app.use(function (request, response, next) {\n    var pathPrefix = __meteor_runtime_config__.ROOT_URL_PATH_PREFIX;\n    var url = Npm.require('url').parse(request.url);\n    var pathname = url.pathname;\n    // check if the path in the url starts with the path prefix (and the part\n    // after the path prefix must start with a / if it exists.)\n    if (pathPrefix && pathname.substring(0, pathPrefix.length) === pathPrefix &&\n       (pathname.length == pathPrefix.length\n        || pathname.substring(pathPrefix.length, pathPrefix.length + 1) === \"/\")) {\n      request.url = request.url.substring(pathPrefix.length);\n      next();\n    } else if (pathname === \"/favicon.ico\" || pathname === \"/robots.txt\") {\n      next();\n    } else if (pathPrefix) {\n      response.writeHead(404);\n      response.write(\"Unknown path\");\n      response.end();\n    } else {\n      next();\n    }\n  });\n\n  // Parse the query string into res.query. Used by oauth_server, but it's\n  // generally pretty handy..\n  app.use(query());\n\n  // Serve static files from the manifest.\n  // This is inspired by the 'static' middleware.\n  app.use(function (req, res, next) {\n    WebAppInternals.staticFilesMiddleware(staticFiles, req, res, next);\n  });\n\n  // Core Meteor packages like dynamic-import can add handlers before\n  // other handlers added by package and application code.\n  app.use(WebAppInternals.meteorInternalHandlers = connect());\n\n  // Packages and apps can add handlers to this via WebApp.connectHandlers.\n  // They are inserted before our default handler.\n  var packageAndAppHandlers = connect();\n  app.use(packageAndAppHandlers);\n\n  var suppressConnectErrors = false;\n  // connect knows it is an error handler because it has 4 arguments instead of\n  // 3. go figure.  (It is not smart enough to find such a thing if it's hidden\n  // inside packageAndAppHandlers.)\n  app.use(function (err, req, res, next) {\n    if (!err || !suppressConnectErrors || !req.headers['x-suppress-error']) {\n      next(err);\n      return;\n    }\n    res.writeHead(err.status, { 'Content-Type': 'text/plain' });\n    res.end(\"An error message\");\n  });\n\n  app.use(function (req, res, next) {\n    if (! appUrl(req.url)) {\n      return next();\n\n    } else {\n      var headers = {\n        'Content-Type': 'text/html; charset=utf-8'\n      };\n\n      if (shuttingDown) {\n        headers['Connection'] = 'Close';\n      }\n\n      var request = WebApp.categorizeRequest(req);\n\n      if (request.url.query && request.url.query['meteor_css_resource']) {\n        // In this case, we're requesting a CSS resource in the meteor-specific\n        // way, but we don't have it.  Serve a static css file that indicates that\n        // we didn't have it, so we can detect that and refresh.  Make sure\n        // that any proxies or CDNs don't cache this error!  (Normally proxies\n        // or CDNs are smart enough not to cache error pages, but in order to\n        // make this hack work, we need to return the CSS file as a 200, which\n        // would otherwise be cached.)\n        headers['Content-Type'] = 'text/css; charset=utf-8';\n        headers['Cache-Control'] = 'no-cache';\n        res.writeHead(200, headers);\n        res.write(\".meteor-css-not-found-error { width: 0px;}\");\n        res.end();\n        return;\n      }\n\n      if (request.url.query && request.url.query['meteor_js_resource']) {\n        // Similarly, we're requesting a JS resource that we don't have.\n        // Serve an uncached 404. (We can't use the same hack we use for CSS,\n        // because actually acting on that hack requires us to have the JS\n        // already!)\n        headers['Cache-Control'] = 'no-cache';\n        res.writeHead(404, headers);\n        res.end(\"404 Not Found\");\n        return;\n      }\n\n      if (request.url.query && request.url.query['meteor_dont_serve_index']) {\n        // When downloading files during a Cordova hot code push, we need\n        // to detect if a file is not available instead of inadvertently\n        // downloading the default index page.\n        // So similar to the situation above, we serve an uncached 404.\n        headers['Cache-Control'] = 'no-cache';\n        res.writeHead(404, headers);\n        res.end(\"404 Not Found\");\n        return;\n      }\n\n      // /packages/asdfsad ... /__cordova/dafsdf.js\n      var pathname = parseRequest(req).pathname;\n      var archKey = pathname.split('/')[1];\n      var archKeyCleaned = 'web.' + archKey.replace(/^__/, '');\n\n      if (!/^__/.test(archKey) || !_.has(archPath, archKeyCleaned)) {\n        archKey = WebApp.defaultArch;\n      } else {\n        archKey = archKeyCleaned;\n      }\n\n      return getBoilerplateAsync(\n        request,\n        archKey\n      ).then(({ stream,  statusCode, headers: newHeaders }) => {\n        if (!statusCode) {\n          statusCode = res.statusCode ? res.statusCode : 200;\n        }\n\n        if (newHeaders) {\n          Object.assign(headers, newHeaders);\n        }\n\n        res.writeHead(statusCode, headers);\n\n        stream.pipe(res, {\n          // End the response when the stream ends.\n          end: true,\n        });\n\n      }).catch(error => {\n        Log.error(\"Error running template: \" + error.stack);\n        res.writeHead(500, headers);\n        res.end();\n      });\n    }\n  });\n\n  // Return 404 by default, if no other handlers serve this URL.\n  app.use(function (req, res) {\n    res.writeHead(404);\n    res.end();\n  });\n\n\n  var httpServer = createServer(app);\n  var onListeningCallbacks = [];\n\n  // After 5 seconds w/o data on a socket, kill it.  On the other hand, if\n  // there's an outstanding request, give it a higher timeout instead (to avoid\n  // killing long-polling requests)\n  httpServer.setTimeout(SHORT_SOCKET_TIMEOUT);\n\n  // Do this here, and then also in livedata/stream_server.js, because\n  // stream_server.js kills all the current request handlers when installing its\n  // own.\n  httpServer.on('request', WebApp._timeoutAdjustmentRequestCallback);\n\n  // If the client gave us a bad request, tell it instead of just closing the\n  // socket. This lets load balancers in front of us differentiate between \"a\n  // server is randomly closing sockets for no reason\" and \"client sent a bad\n  // request\".\n  //\n  // This will only work on Node 6; Node 4 destroys the socket before calling\n  // this event. See https://github.com/nodejs/node/pull/4557/ for details.\n  httpServer.on('clientError', (err, socket) => {\n    // Pre-Node-6, do nothing.\n    if (socket.destroyed) {\n      return;\n    }\n\n    if (err.message === 'Parse Error') {\n      socket.end('HTTP/1.1 400 Bad Request\\r\\n\\r\\n');\n    } else {\n      // For other errors, use the default behavior as if we had no clientError\n      // handler.\n      socket.destroy(err);\n    }\n  });\n\n  // start up app\n  _.extend(WebApp, {\n    connectHandlers: packageAndAppHandlers,\n    rawConnectHandlers: rawConnectHandlers,\n    httpServer: httpServer,\n    connectApp: app,\n    // For testing.\n    suppressConnectErrors: function () {\n      suppressConnectErrors = true;\n    },\n    onListening: function (f) {\n      if (onListeningCallbacks)\n        onListeningCallbacks.push(f);\n      else\n        f();\n    }\n  });\n\n  // Let the rest of the packages (and Meteor.startup hooks) insert connect\n  // middlewares and update __meteor_runtime_config__, then keep going to set up\n  // actually serving HTML.\n  exports.main = argv => {\n    WebAppInternals.generateBoilerplate();\n\n    const startHttpServer = listenOptions => {\n      httpServer.listen(listenOptions, Meteor.bindEnvironment(() => {\n        if (process.env.METEOR_PRINT_ON_LISTEN) {\n          console.log(\"LISTENING\");\n        }\n        const callbacks = onListeningCallbacks;\n        onListeningCallbacks = null;\n        callbacks.forEach(callback => { callback(); });\n      }, e => {\n        console.error(\"Error listening:\", e);\n        console.error(e && e.stack);\n      }));\n    };\n\n    let localPort = process.env.PORT || 0;\n    const unixSocketPath = process.env.UNIX_SOCKET_PATH;\n\n    if (unixSocketPath) {\n      // Start the HTTP server using a socket file.\n      removeExistingSocketFile(unixSocketPath);\n      startHttpServer({ path: unixSocketPath });\n      registerSocketFileCleanup(unixSocketPath);\n    } else {\n      localPort = isNaN(Number(localPort)) ? localPort : Number(localPort);\n      if (/\\\\\\\\?.+\\\\pipe\\\\?.+/.test(localPort)) {\n        // Start the HTTP server using Windows Server style named pipe.\n        startHttpServer({ path: localPort });\n      } else if (typeof localPort === \"number\") {\n        // Start the HTTP server using TCP.\n        startHttpServer({\n          port: localPort,\n          host: process.env.BIND_IP || \"0.0.0.0\"\n        });\n      } else {\n        throw new Error(\"Invalid PORT specified\");\n      }\n    }\n\n    return \"DAEMON\";\n  };\n}\n\n\nrunWebAppServer();\n\n\nvar inlineScriptsAllowed = true;\n\nWebAppInternals.inlineScriptsAllowed = function () {\n  return inlineScriptsAllowed;\n};\n\nWebAppInternals.setInlineScriptsAllowed = function (value) {\n  inlineScriptsAllowed = value;\n  WebAppInternals.generateBoilerplate();\n};\n\n\nWebAppInternals.setBundledJsCssUrlRewriteHook = function (hookFn) {\n  bundledJsCssUrlRewriteHook = hookFn;\n  WebAppInternals.generateBoilerplate();\n};\n\nWebAppInternals.setBundledJsCssPrefix = function (prefix) {\n  var self = this;\n  self.setBundledJsCssUrlRewriteHook(\n    function (url) {\n      return prefix + url;\n  });\n};\n\n// Packages can call `WebAppInternals.addStaticJs` to specify static\n// JavaScript to be included in the app. This static JS will be inlined,\n// unless inline scripts have been disabled, in which case it will be\n// served under `/<sha1 of contents>`.\nvar additionalStaticJs = {};\nWebAppInternals.addStaticJs = function (contents) {\n  additionalStaticJs[\"/\" + sha1(contents) + \".js\"] = contents;\n};\n\n// Exported for tests\nWebAppInternals.getBoilerplate = getBoilerplate;\nWebAppInternals.additionalStaticJs = additionalStaticJs;\n"]},"sourceType":"script","hash":"021a33d476f1657d347a07e05eb41bb27249aeee"}
