{"metadata":{},"options":{"plugins":[{"key":"base$1$0","visitor":{"_exploded":{},"_verified":{},"JSXNamespacedName":{"enter":[null]},"JSXElement":{"exit":[null]},"JSXFragment":{"exit":[null]},"Program":{"enter":[null],"exit":[null]},"JSXAttribute":{"enter":[null]}},"options":{"pragma":"React.createElement","pragmaFrag":"React.Fragment","throwIfNamespace":true,"useBuiltIns":false}},{"key":"base$1$1","visitor":{"_exploded":true,"_verified":true},"options":{}},{"key":"base$1$2","visitor":{"ExportDefaultDeclaration":{"enter":[null]},"CallExpression":{"enter":[null]},"_exploded":true,"_verified":true},"options":{}},{"key":"base$0$0","visitor":{"Program":{"enter":[null]},"_exploded":true,"_verified":true},"options":{"generateLetDeclarations":true,"enforceStrictMode":false}},{"key":"base$0$1","visitor":{"_exploded":true,"_verified":true},"options":{}},{"key":"base$0$2","visitor":{"_exploded":{},"_verified":{},"Program":{"enter":[null]},"ImportDeclaration":{"enter":[null,null]},"ClassProperty":{"enter":[null]},"AssignmentPattern":{"enter":[null]},"TypeCastExpression":{"enter":[null,null]},"ImportSpecifier":{"enter":[null]},"ClassDeclaration":{"enter":[null]},"ClassExpression":{"enter":[null]},"FunctionDeclaration":{"enter":[null]},"FunctionExpression":{"enter":[null]},"ObjectMethod":{"enter":[null]},"ArrowFunctionExpression":{"enter":[null]},"ClassMethod":{"enter":[null]},"AnyTypeAnnotation":{"enter":[null]},"ArrayTypeAnnotation":{"enter":[null]},"BooleanTypeAnnotation":{"enter":[null]},"BooleanLiteralTypeAnnotation":{"enter":[null]},"NullLiteralTypeAnnotation":{"enter":[null]},"ClassImplements":{"enter":[null]},"DeclareClass":{"enter":[null]},"DeclareFunction":{"enter":[null]},"DeclareInterface":{"enter":[null]},"DeclareModule":{"enter":[null]},"DeclareModuleExports":{"enter":[null]},"DeclareTypeAlias":{"enter":[null]},"DeclareOpaqueType":{"enter":[null]},"DeclareVariable":{"enter":[null]},"DeclareExportDeclaration":{"enter":[null]},"DeclareExportAllDeclaration":{"enter":[null]},"DeclaredPredicate":{"enter":[null]},"ExistsTypeAnnotation":{"enter":[null]},"FunctionTypeAnnotation":{"enter":[null]},"FunctionTypeParam":{"enter":[null]},"GenericTypeAnnotation":{"enter":[null]},"InferredPredicate":{"enter":[null]},"InterfaceExtends":{"enter":[null]},"InterfaceDeclaration":{"enter":[null]},"IntersectionTypeAnnotation":{"enter":[null]},"MixedTypeAnnotation":{"enter":[null]},"EmptyTypeAnnotation":{"enter":[null]},"NullableTypeAnnotation":{"enter":[null]},"NumberLiteralTypeAnnotation":{"enter":[null]},"NumberTypeAnnotation":{"enter":[null]},"ObjectTypeAnnotation":{"enter":[null]},"ObjectTypeCallProperty":{"enter":[null]},"ObjectTypeIndexer":{"enter":[null]},"ObjectTypeProperty":{"enter":[null]},"ObjectTypeSpreadProperty":{"enter":[null]},"OpaqueType":{"enter":[null]},"QualifiedTypeIdentifier":{"enter":[null]},"StringLiteralTypeAnnotation":{"enter":[null]},"StringTypeAnnotation":{"enter":[null]},"ThisTypeAnnotation":{"enter":[null]},"TupleTypeAnnotation":{"enter":[null]},"TypeofTypeAnnotation":{"enter":[null]},"TypeAlias":{"enter":[null]},"TypeAnnotation":{"enter":[null]},"TypeParameter":{"enter":[null]},"TypeParameterDeclaration":{"enter":[null]},"TypeParameterInstantiation":{"enter":[null]},"UnionTypeAnnotation":{"enter":[null]},"Variance":{"enter":[null]},"VoidTypeAnnotation":{"enter":[null]},"ExportAllDeclaration":{"enter":[null]},"ExportDefaultDeclaration":{"enter":[null]},"ExportNamedDeclaration":{"enter":[null]}},"options":{}},{"key":"base$0$3","visitor":{"CallExpression":{"enter":[null]},"BinaryExpression":{"enter":[null]},"MemberExpression":{"enter":[null],"exit":[null]},"_exploded":true,"_verified":true,"Identifier":{"enter":[null]},"JSXIdentifier":{"enter":[null]}},"options":{"polyfill":false,"useBuiltIns":true}},{"key":"base$0$4","visitor":{"_exploded":true,"_verified":true},"options":{}},{"key":"base$0$5","visitor":{"_exploded":{},"_verified":{},"VariableDeclarator":{"enter":[null]},"ExportNamedDeclaration":{"enter":[null]},"CatchClause":{"enter":[null]},"AssignmentExpression":{"enter":[null]},"ObjectExpression":{"enter":[null]},"FunctionDeclaration":{"enter":[null]},"FunctionExpression":{"enter":[null]},"ObjectMethod":{"enter":[null]},"ArrowFunctionExpression":{"enter":[null]},"ClassMethod":{"enter":[null]},"ForInStatement":{"enter":[null]},"ForOfStatement":{"enter":[null]}},"options":{}},{"key":"transform-meteor-async-await","visitor":{"AwaitExpression":{"enter":[null]},"_exploded":true,"_verified":true,"FunctionDeclaration":{"exit":[null]},"FunctionExpression":{"exit":[null]},"ObjectMethod":{"exit":[null]},"ArrowFunctionExpression":{"exit":[null]},"ClassMethod":{"exit":[null]}},"options":{"useNativeAsyncAwait":false}},{"key":"transform-meteor-dynamic-import","visitor":{"_exploded":{},"_verified":{},"CallExpression":{"enter":[null]}},"options":{}},{"key":"base$0$8","visitor":{"_exploded":{},"_verified":{},"Program":{"enter":[null]}},"options":{}},{"key":"base$0$9","visitor":{"Program":{"exit":[null]},"_exploded":true,"_verified":true},"options":{"allowTopLevelThis":true,"strictMode":false,"loose":true}},{"key":"base$0$10","visitor":{"_exploded":{},"_verified":{},"ClassDeclaration":{"enter":[null]},"ClassExpression":{"enter":[null]}},"options":{"loose":true}}],"compact":false,"ast":true,"babelrc":false,"sourceFileName":"imports/api/clients.js","filename":"imports/api/clients.js","sourceMaps":true,"envName":"development","cwd":"/Users/linjoe/MEGA/7code/web/taxiapp","passPerPreset":false,"presets":[],"parserOpts":{"sourceType":"module","sourceFileName":"imports/api/clients.js","plugins":["jsx","jsx","flow","flow","objectRestSpread","objectRestSpread","dynamicImport","asyncGenerators","classProperties"]},"generatorOpts":{"filename":"imports/api/clients.js","comments":true,"compact":false,"sourceMaps":true,"sourceFileName":"imports/api/clients.js"}},"code":"module.export({\n  Clients: () => Clients\n});\nlet Mongo;\nmodule.watch(require(\"meteor/mongo\"), {\n  Mongo(v) {\n    Mongo = v;\n  }\n\n}, 0);\nlet Meteor;\nmodule.watch(require(\"meteor/meteor\"), {\n  Meteor(v) {\n    Meteor = v;\n  }\n\n}, 1);\nconst Clients = new Mongo.Collection('clients');\n\nif (Meteor.isServer) {\n  Meteor.publish('Clients', function () {\n    console.log(this.userId);\n\n    if (!!this.userId) {\n      console.log('test');\n      return Clients.find();\n    }\n  }); // \tvar clientList = [\"90/24 Sports\"\n  // ,\"Amsterdam Redefined\"\n  // ,\"Atricure\"\n  // ,\"Avega\"\n  // ,\"De Baker Kraamzorg\"\n  // ,\"BAM\"\n  // ,\"Blackrock\"\n  // ,\"Blastradius\"\n  // ,\"Boston Scientific\"\n  // ,\"Brinkmansbeheer\"\n  // ,\"Bunzl\"\n  // ,\"Edelman\"\n  // ,\"Cisi Care\"\n  // ,\"Edison\"\n  // ,\"Equinix\"\n  // ,\"Equinix Nederland\"\n  // ,\"H.I.G.\"\n  // ,\"Hoshizaki\"\n  // ,\"Iamsterdam\"\n  // ,\"Johnson&Johnson\"\n  // ,\"Kraam en Co\"\n  // ,\"Mammae Mia\"\n  // ,\"Mirabeau\"\n  // ,\"MSREF\"\n  // ,\"Mylan\"\n  // ,\"Novagraaf\"\n  // ,\"Orange Connect\"\n  // ,\"Pepperminds\"\n  // ,\"Randstad Holding\"\n  // ,\"Mw. A. Schwartz\"\n  // ,\"Service Now\"\n  // ,\"SMS Oncology\"\n  // ,\"South Stream\"\n  // ,\"Stryker\"\n  // ,\"Stryker Flexim\"\n  // ,\"UBS\"\n  // ,\"Uniqure\"\n  // ,\"Zin Kraamzorg\"]\n  // \tfor (var i = clientList.length - 1; i >= 0; i--) {\n  // \t\tClients.insert({bedrijf: clientList[i]})\n  // \t};\n}\n\n;\nMeteor.methods({\n  'Clients.delete'(ID) {\n    if (!this.userId) {\n      throw new Meteor.error('not autherized');\n    } else {\n      for (var i = ID.length - 1; i >= 0; i--) {\n        console.log('removed id: ' + ID[i]);\n        Clients.remove({\n          _id: ID[i]\n        });\n      }\n\n      ;\n    }\n  },\n\n  'Clients.update'(rideId, row) {\n    if (!this.userId) {\n      throw new Meteor.error('not autherized');\n    } else {\n      Clients.update(rideId, row);\n    }\n  },\n\n  'Clients.insert'(newRide) {\n    if (!this.userId) {\n      throw new Meteor.error('not autherized');\n    } else {\n      Clients.insert(newRide);\n    }\n  }\n\n});","map":{"version":3,"sources":["imports/api/clients.js"],"names":["module","export","Clients","Mongo","watch","require","v","Meteor","Collection","isServer","publish","console","log","userId","find","methods","ID","error","i","length","remove","_id","rideId","row","update","newRide","insert"],"mappings":"AAAAA,OAAOC,MAAP,CAAc;AAACC,WAAQ,MAAIA;AAAb,CAAd;AAAqC,IAAIC,KAAJ;AAAUH,OAAOI,KAAP,CAAaC,QAAQ,cAAR,CAAb,EAAqC;AAACF,QAAMG,CAAN,EAAQ;AAACH,YAAMG,CAAN;AAAQ;;AAAlB,CAArC,EAAyD,CAAzD;AAA4D,IAAIC,MAAJ;AAAWP,OAAOI,KAAP,CAAaC,QAAQ,eAAR,CAAb,EAAsC;AAACE,SAAOD,CAAP,EAAS;AAACC,aAAOD,CAAP;AAAS;;AAApB,CAAtC,EAA4D,CAA5D;AAG/G,MAAMJ,UAAU,IAAIC,MAAMK,UAAV,CAAqB,SAArB,CAAhB;;AAGP,IAAID,OAAOE,QAAX,EAAqB;AACpBF,SAAOG,OAAP,CAAe,SAAf,EAA0B,YAAW;AACpCC,YAAQC,GAAR,CAAY,KAAKC,MAAjB;;AACA,QAAI,CAAC,CAAC,KAAKA,MAAX,EAAmB;AAClBF,cAAQC,GAAR,CAAY,MAAZ;AACA,aAAOV,QAAQY,IAAR,EAAP;AACA;AACD,GAND,EADoB,CAQrB;AACA;AACA;AACA;AACA;AACA;AACA;AACA;AACA;AACA;AACA;AACA;AACA;AACA;AACA;AACA;AACA;AACA;AACA;AACA;AACA;AACA;AACA;AACA;AACA;AACA;AACA;AACA;AACA;AACA;AACA;AACA;AACA;AACA;AACA;AACA;AACA;AACA;AAEA;AACA;AACA;AACC;;AAAA;AAEDP,OAAOQ,OAAP,CAAe;AACZ,mBAAkBC,EAAlB,EAAsB;AACrB,QAAI,CAAC,KAAKH,MAAV,EAAkB;AACjB,YAAM,IAAIN,OAAOU,KAAX,CAAiB,gBAAjB,CAAN;AACA,KAFD,MAEO;AACN,WAAK,IAAIC,IAAIF,GAAGG,MAAH,GAAY,CAAzB,EAA4BD,KAAK,CAAjC,EAAoCA,GAApC,EAAyC;AACxCP,gBAAQC,GAAR,CAAY,iBAAgBI,GAAGE,CAAH,CAA5B;AACAhB,gBAAQkB,MAAR,CAAe;AAACC,eAAKL,GAAGE,CAAH;AAAN,SAAf;AACA;;AAAA;AACD;AAED,GAXW;;AAWV,mBAAkBI,MAAlB,EAAyBC,GAAzB,EAA8B;AAC/B,QAAI,CAAC,KAAKV,MAAV,EAAkB;AACjB,YAAM,IAAIN,OAAOU,KAAX,CAAiB,gBAAjB,CAAN;AACA,KAFD,MAEO;AACNf,cAAQsB,MAAR,CAAeF,MAAf,EAAsBC,GAAtB;AACA;AAED,GAlBW;;AAkBV,mBAAkBE,OAAlB,EAA2B;AAC5B,QAAI,CAAC,KAAKZ,MAAV,EAAkB;AACjB,YAAM,IAAIN,OAAOU,KAAX,CAAiB,gBAAjB,CAAN;AACA,KAFD,MAEO;AACNf,cAAQwB,MAAR,CAAeD,OAAf;AACA;AAED;;AAzBW,CAAf","sourcesContent":["import {Mongo} from 'meteor/mongo'\nimport {Meteor} from 'meteor/meteor'\n\nexport const Clients = new Mongo.Collection('clients')\n\n\nif (Meteor.isServer) {\n\tMeteor.publish('Clients', function() {\n\t\tconsole.log(this.userId)\n\t\tif (!!this.userId) {\n\t\t\tconsole.log('test')\n\t\t\treturn Clients.find();\n\t\t}\n\t})\n// \tvar clientList = [\"90/24 Sports\"\n// ,\"Amsterdam Redefined\"\n// ,\"Atricure\"\n// ,\"Avega\"\n// ,\"De Baker Kraamzorg\"\n// ,\"BAM\"\n// ,\"Blackrock\"\n// ,\"Blastradius\"\n// ,\"Boston Scientific\"\n// ,\"Brinkmansbeheer\"\n// ,\"Bunzl\"\n// ,\"Edelman\"\n// ,\"Cisi Care\"\n// ,\"Edison\"\n// ,\"Equinix\"\n// ,\"Equinix Nederland\"\n// ,\"H.I.G.\"\n// ,\"Hoshizaki\"\n// ,\"Iamsterdam\"\n// ,\"Johnson&Johnson\"\n// ,\"Kraam en Co\"\n// ,\"Mammae Mia\"\n// ,\"Mirabeau\"\n// ,\"MSREF\"\n// ,\"Mylan\"\n// ,\"Novagraaf\"\n// ,\"Orange Connect\"\n// ,\"Pepperminds\"\n// ,\"Randstad Holding\"\n// ,\"Mw. A. Schwartz\"\n// ,\"Service Now\"\n// ,\"SMS Oncology\"\n// ,\"South Stream\"\n// ,\"Stryker\"\n// ,\"Stryker Flexim\"\n// ,\"UBS\"\n// ,\"Uniqure\"\n// ,\"Zin Kraamzorg\"]\n\n// \tfor (var i = clientList.length - 1; i >= 0; i--) {\n// \t\tClients.insert({bedrijf: clientList[i]})\n// \t};\n};\n\nMeteor.methods({\n\t\t\t'Clients.delete' (ID) {\n\t\t\t\tif (!this.userId) {\n\t\t\t\t\tthrow new Meteor.error('not autherized')\n\t\t\t\t} else {\n\t\t\t\t\tfor (var i = ID.length - 1; i >= 0; i--) {\n\t\t\t\t\t\tconsole.log('removed id: '+ ID[i])\n\t\t\t\t\t\tClients.remove({_id: ID[i]})\n\t\t\t\t\t};\n\t\t\t\t}\n\n\t\t\t},'Clients.update' (rideId,row) {\n\t\t\t\tif (!this.userId) {\n\t\t\t\t\tthrow new Meteor.error('not autherized')\n\t\t\t\t} else {\n\t\t\t\t\tClients.update(rideId,row)\n\t\t\t\t}\n\n\t\t\t},'Clients.insert' (newRide) {\n\t\t\t\tif (!this.userId) {\n\t\t\t\t\tthrow new Meteor.error('not autherized')\n\t\t\t\t} else {\n\t\t\t\t\tClients.insert(newRide)\n\t\t\t\t}\n\n\t\t\t}\n\t});\n"]},"sourceType":"script","hash":"0d907c5b4c1cb171e03956051005d517d595e504"}
