{"metadata":{},"options":{"plugins":[{"key":"base$0$0","visitor":{"Program":{"enter":[null]},"_exploded":true,"_verified":true},"options":{"generateLetDeclarations":true,"enforceStrictMode":false}},{"key":"transform-meteor-dynamic-import","visitor":{"_exploded":{},"_verified":{},"CallExpression":{"enter":[null]}},"options":{}},{"key":"base$0$2","visitor":{"CallExpression":{"enter":[null]},"BinaryExpression":{"enter":[null]},"MemberExpression":{"enter":[null],"exit":[null]},"_exploded":true,"_verified":true,"Identifier":{"enter":[null]},"JSXIdentifier":{"enter":[null]}},"options":{"polyfill":false,"useBuiltIns":false}},{"key":"base$0$3","visitor":{"_exploded":{},"_verified":{},"ClassDeclaration":{"enter":[null]},"ClassExpression":{"enter":[null]}},"options":{"loose":true}},{"key":"base$0$4","visitor":{"FunctionExpression":{"exit":[null]},"_exploded":true,"_verified":true},"options":{}},{"key":"base$0$5","visitor":{"ForInStatement":{"enter":[null]},"_exploded":true,"_verified":true},"options":{}},{"key":"base$0$6","visitor":{"Program":{"exit":[null]},"_exploded":true,"_verified":true},"options":{"allowTopLevelThis":true,"strictMode":false,"loose":true}},{"key":"base$0$1$0","visitor":{"_exploded":{},"_verified":{},"JSXNamespacedName":{"enter":[null]},"JSXElement":{"exit":[null]},"JSXFragment":{"exit":[null]},"Program":{"enter":[null],"exit":[null]},"JSXAttribute":{"enter":[null]}},"options":{"pragma":"React.createElement","pragmaFrag":"React.Fragment","throwIfNamespace":true,"useBuiltIns":false}},{"key":"base$0$1$1","visitor":{"_exploded":true,"_verified":true},"options":{}},{"key":"base$0$1$2","visitor":{"ExportDefaultDeclaration":{"enter":[null]},"CallExpression":{"enter":[null]},"_exploded":true,"_verified":true},"options":{}},{"key":"base$0$0$0","visitor":{"_exploded":true,"_verified":true},"options":{}},{"key":"base$0$0$1","visitor":{"_exploded":true,"_verified":true},"options":{}},{"key":"base$0$0$2","visitor":{"ArrowFunctionExpression":{"enter":[null]},"_exploded":true,"_verified":true},"options":{}},{"key":"base$0$0$3","visitor":{"BlockStatement":{"enter":[null]},"SwitchCase":{"enter":[null]},"_exploded":true,"_verified":true},"options":{}},{"key":"base$0$0$4","visitor":{"VariableDeclaration":{"enter":[null]},"CatchClause":{"enter":[null]},"_exploded":true,"BlockStatement":{"enter":[null]},"SwitchStatement":{"enter":[null]},"Program":{"enter":[null]},"_verified":true,"DoWhileStatement":{"enter":[null]},"ForInStatement":{"enter":[null]},"ForStatement":{"enter":[null]},"WhileStatement":{"enter":[null]},"ForOfStatement":{"enter":[null]}},"options":{}},{"key":"base$0$0$5","visitor":{"ExportDefaultDeclaration":{"enter":[null]},"ClassDeclaration":{"enter":[null]},"ClassExpression":{"enter":[null]},"_exploded":true,"_verified":true},"options":{"loose":true}},{"key":"base$0$0$6","visitor":{"ObjectExpression":{"exit":[null]},"_exploded":true,"_verified":true},"options":{"loose":true}},{"key":"base$0$0$7","visitor":{"ExportNamedDeclaration":{"enter":[null]},"CatchClause":{"enter":[null]},"AssignmentExpression":{"enter":[null]},"VariableDeclaration":{"enter":[null]},"_exploded":true,"_verified":true,"ForInStatement":{"enter":[null]},"ForOfStatement":{"enter":[null]}},"options":{}},{"key":"base$0$0$8","visitor":{"ForOfStatement":{"enter":[null]},"_exploded":true,"_verified":true},"options":{"loose":true}},{"key":"base$0$0$9","visitor":{"NumericLiteral":{"enter":[null]},"StringLiteral":{"enter":[null]},"_exploded":true,"_verified":true},"options":{}},{"key":"base$0$0$10","visitor":{"ObjectExpression":{"enter":[null]},"_exploded":true,"_verified":true},"options":{}},{"key":"base$0$0$11","visitor":{"_exploded":true,"_verified":true,"FunctionDeclaration":{"enter":[null]},"FunctionExpression":{"enter":[null]},"ObjectMethod":{"enter":[null]},"ArrowFunctionExpression":{"enter":[null]},"ClassMethod":{"enter":[null]}},"options":{}},{"key":"base$0$0$12","visitor":{"ObjectMethod":{"enter":[null]},"ObjectProperty":{"enter":[null]},"_exploded":true,"_verified":true},"options":{}},{"key":"base$0$0$13","visitor":{"ArrayExpression":{"enter":[null]},"CallExpression":{"enter":[null]},"NewExpression":{"enter":[null]},"_exploded":true,"_verified":true},"options":{}},{"key":"base$0$0$14","visitor":{"RegExpLiteral":{"enter":[null]},"_exploded":true,"_verified":true},"options":{}},{"key":"base$0$0$15","visitor":{"TaggedTemplateExpression":{"enter":[null]},"TemplateLiteral":{"enter":[null]},"_exploded":true,"_verified":true},"options":{"loose":true}},{"key":"base$0$0$16","visitor":{"UnaryExpression":{"enter":[null]},"_exploded":true,"_verified":true,"BlockStatement":{"enter":[null]},"CatchClause":{"enter":[null]},"DoWhileStatement":{"enter":[null]},"ForInStatement":{"enter":[null]},"ForStatement":{"enter":[null]},"FunctionDeclaration":{"enter":[null]},"FunctionExpression":{"enter":[null]},"Program":{"enter":[null]},"ObjectMethod":{"enter":[null]},"SwitchStatement":{"enter":[null]},"WhileStatement":{"enter":[null]},"ArrowFunctionExpression":{"enter":[null]},"ClassDeclaration":{"enter":[null]},"ClassExpression":{"enter":[null]},"ForOfStatement":{"enter":[null]},"ClassMethod":{"enter":[null]}},"options":{}},{"key":"base$0$0$17","visitor":{"RegExpLiteral":{"enter":[null]},"_exploded":true,"_verified":true},"options":{}},{"key":"base$0$0$18","visitor":{"_exploded":true,"_verified":true},"options":{}},{"key":"base$0$0$19","visitor":{"_exploded":{},"_verified":{},"VariableDeclarator":{"enter":[null]},"ExportNamedDeclaration":{"enter":[null]},"CatchClause":{"enter":[null]},"AssignmentExpression":{"enter":[null]},"ObjectExpression":{"enter":[null]},"FunctionDeclaration":{"enter":[null]},"FunctionExpression":{"enter":[null]},"ObjectMethod":{"enter":[null]},"ArrowFunctionExpression":{"enter":[null]},"ClassMethod":{"enter":[null]},"ForInStatement":{"enter":[null]},"ForOfStatement":{"enter":[null]}},"options":{}},{"key":"base$0$0$20","visitor":{"ObjectProperty":{"exit":[null]},"_exploded":true,"_verified":true},"options":{}},{"key":"base$0$0$21","visitor":{"_exploded":{},"_verified":{},"Program":{"enter":[null]},"ImportDeclaration":{"enter":[null,null]},"ClassProperty":{"enter":[null]},"AssignmentPattern":{"enter":[null]},"TypeCastExpression":{"enter":[null,null]},"ImportSpecifier":{"enter":[null]},"ClassDeclaration":{"enter":[null]},"ClassExpression":{"enter":[null]},"FunctionDeclaration":{"enter":[null]},"FunctionExpression":{"enter":[null]},"ObjectMethod":{"enter":[null]},"ArrowFunctionExpression":{"enter":[null]},"ClassMethod":{"enter":[null]},"AnyTypeAnnotation":{"enter":[null]},"ArrayTypeAnnotation":{"enter":[null]},"BooleanTypeAnnotation":{"enter":[null]},"BooleanLiteralTypeAnnotation":{"enter":[null]},"NullLiteralTypeAnnotation":{"enter":[null]},"ClassImplements":{"enter":[null]},"DeclareClass":{"enter":[null]},"DeclareFunction":{"enter":[null]},"DeclareInterface":{"enter":[null]},"DeclareModule":{"enter":[null]},"DeclareModuleExports":{"enter":[null]},"DeclareTypeAlias":{"enter":[null]},"DeclareOpaqueType":{"enter":[null]},"DeclareVariable":{"enter":[null]},"DeclareExportDeclaration":{"enter":[null]},"DeclareExportAllDeclaration":{"enter":[null]},"DeclaredPredicate":{"enter":[null]},"ExistsTypeAnnotation":{"enter":[null]},"FunctionTypeAnnotation":{"enter":[null]},"FunctionTypeParam":{"enter":[null]},"GenericTypeAnnotation":{"enter":[null]},"InferredPredicate":{"enter":[null]},"InterfaceExtends":{"enter":[null]},"InterfaceDeclaration":{"enter":[null]},"IntersectionTypeAnnotation":{"enter":[null]},"MixedTypeAnnotation":{"enter":[null]},"EmptyTypeAnnotation":{"enter":[null]},"NullableTypeAnnotation":{"enter":[null]},"NumberLiteralTypeAnnotation":{"enter":[null]},"NumberTypeAnnotation":{"enter":[null]},"ObjectTypeAnnotation":{"enter":[null]},"ObjectTypeCallProperty":{"enter":[null]},"ObjectTypeIndexer":{"enter":[null]},"ObjectTypeProperty":{"enter":[null]},"ObjectTypeSpreadProperty":{"enter":[null]},"OpaqueType":{"enter":[null]},"QualifiedTypeIdentifier":{"enter":[null]},"StringLiteralTypeAnnotation":{"enter":[null]},"StringTypeAnnotation":{"enter":[null]},"ThisTypeAnnotation":{"enter":[null]},"TupleTypeAnnotation":{"enter":[null]},"TypeofTypeAnnotation":{"enter":[null]},"TypeAlias":{"enter":[null]},"TypeAnnotation":{"enter":[null]},"TypeParameter":{"enter":[null]},"TypeParameterDeclaration":{"enter":[null]},"TypeParameterInstantiation":{"enter":[null]},"UnionTypeAnnotation":{"enter":[null]},"Variance":{"enter":[null]},"VoidTypeAnnotation":{"enter":[null]},"ExportAllDeclaration":{"enter":[null]},"ExportDefaultDeclaration":{"enter":[null]},"ExportNamedDeclaration":{"enter":[null]}},"options":{}},{"key":"base$0$0$22","visitor":{"AssignmentExpression":{"enter":[null]},"BinaryExpression":{"enter":[null]},"_exploded":true,"_verified":true},"options":{}},{"key":"base$0$0$23","visitor":{"_exploded":{},"_verified":{},"Program":{"enter":[null]}},"options":{}},{"key":"regenerator-transform","visitor":{"_exploded":true,"_verified":true,"FunctionDeclaration":{"exit":[null]},"FunctionExpression":{"exit":[null]},"ObjectMethod":{"exit":[null]},"ArrowFunctionExpression":{"exit":[null]},"ClassMethod":{"exit":[null]}},"options":{}}],"presets":[],"compact":false,"ast":true,"babelrc":false,"sourceFileName":"imports/api/rides.js","filename":"imports/api/rides.js","sourceMaps":true,"envName":"development","cwd":"/Users/linjoe/MEGA/7code/web/taxiapp","passPerPreset":false,"parserOpts":{"sourceType":"module","sourceFileName":"imports/api/rides.js","plugins":["dynamicImport","classProperties","jsx","jsx","flow","asyncGenerators","objectRestSpread","objectRestSpread","flow","asyncGenerators"]},"generatorOpts":{"filename":"imports/api/rides.js","comments":true,"compact":false,"sourceMaps":true,"sourceFileName":"imports/api/rides.js"}},"code":"module.export({\n  RidesDB: function () {\n    return RidesDB;\n  }\n});\nvar Mongo;\nmodule.watch(require(\"meteor/mongo\"), {\n  Mongo: function (v) {\n    Mongo = v;\n  }\n}, 0);\nvar Meteor;\nmodule.watch(require(\"meteor/meteor\"), {\n  Meteor: function (v) {\n    Meteor = v;\n  }\n}, 1);\nvar CalendarAPI;\nmodule.watch(require(\"node-google-calendar\"), {\n  \"default\": function (v) {\n    CalendarAPI = v;\n  }\n}, 2);\nvar moment;\nmodule.watch(require(\"moment\"), {\n  \"default\": function (v) {\n    moment = v;\n  }\n}, 3);\n\nvar CONFIG = require('./google/Settings');\n\nvar cal = new CalendarAPI(CONFIG);\nvar RidesDB = new Mongo.Collection('rides');\n\nif (Meteor.isServer) {\n  Meteor.publish('RidesDB', function () {\n    if (!!this.userId) {\n      return RidesDB.find();\n    }\n  });\n}\n\n;\nMeteor.methods({\n  'RidesDB.delete': function (ID) {\n    if (!this.userId) {\n      throw new Meteor.error('not autherized');\n    } else {\n      RidesDB.remove({\n        _id: ID[0]\n      });\n    }\n  },\n  'RidesDB.update': function (rideId, row) {\n    if (!this.userId) {\n      throw new Meteor.error('not autherized');\n    } else {\n      RidesDB.update(rideId, row);\n    }\n  },\n  'RidesDB.insert': function (newRide) {\n    if (!this.userId) {\n      throw new Meteor.error('not autherized');\n    } else {\n      RidesDB.insert(newRide);\n    }\n  },\n  googleSync: function () {\n    if (Meteor.isServer) {\n      var params = {// timeMin: '2017-05-20T06:00:00+08:00',\n        // timeMax: '2017-05-25T22:00:00+08:00',\n        // q: 'query term',\n        // singleEvents: true,\n        // orderBy: 'startTime'\n      }; //Optional query parameters referencing google APIs\n\n      var calendarId = 'it90dqq43q3ratq248t4eqhrd0@group.calendar.google.com';\n      getCal = Meteor.bindEnvironment(function (json) {}, function (e) {\n        throw e;\n      });\n      cal.Events.list(calendarId, params).then(Meteor.bindEnvironment(function (json) {\n        for (var i = json.length - 1; i >= 0; i--) {\n          // console.log(json[i])\n          var date = moment(json[i].start.dateTime).format();\n          console.log(!!!RidesDB.find({\n            calId: json[i].id\n          }).count());\n\n          if (!!!RidesDB.find({\n            calId: json[i].id\n          }).count()) {\n            RidesDB.insert({\n              calId: json[i].id,\n              date: date,\n              locatie: json[i].location,\n              bedrijf: json[i].summary\n            });\n          } else {\n            console.log('date updatedid: ' + RidesDB.find({\n              calId: json[i].id\n            })._Id); // RidesDB.update(RidesDB.find({calId: json[i].id}._id),{\n            // calId : json[i].id,\n            // date: date,\n            // locatie: json[i].location,\n            // bedrijf: json[i].summary\n            // })\n          }\n        }\n\n        ;\n        return json;\n      }, function (e) {\n        throw e;\n      }));\n    }\n  }\n});","map":{"version":3,"sources":["imports/api/rides.js"],"names":["module","export","RidesDB","Mongo","watch","require","v","Meteor","CalendarAPI","moment","CONFIG","cal","Collection","isServer","publish","userId","find","methods","ID","error","remove","_id","rideId","row","update","newRide","insert","googleSync","params","calendarId","getCal","bindEnvironment","json","e","Events","list","then","i","length","date","start","dateTime","format","console","log","calId","id","count","locatie","location","bedrijf","summary","_Id"],"mappings":"AAAAA,OAAOC,MAAP,CAAc;AAACC,WAAQ;AAAA,WAAIA,OAAJ;AAAA;AAAT,CAAd;AAAqC,IAAIC,KAAJ;AAAUH,OAAOI,KAAP,CAAaC,QAAQ,cAAR,CAAb,EAAqC;AAACF,OAAD,YAAOG,CAAP,EAAS;AAACH,YAAMG,CAAN;AAAQ;AAAlB,CAArC,EAAyD,CAAzD;AAA4D,IAAIC,MAAJ;AAAWP,OAAOI,KAAP,CAAaC,QAAQ,eAAR,CAAb,EAAsC;AAACE,QAAD,YAAQD,CAAR,EAAU;AAACC,aAAOD,CAAP;AAAS;AAApB,CAAtC,EAA4D,CAA5D;AAA+D,IAAIE,WAAJ;AAAgBR,OAAOI,KAAP,CAAaC,QAAQ,sBAAR,CAAb,EAA6C;AAAA,uBAASC,CAAT,EAAW;AAACE,kBAAYF,CAAZ;AAAc;AAA1B,CAA7C,EAAyE,CAAzE;AAA4E,IAAIG,MAAJ;AAAWT,OAAOI,KAAP,CAAaC,QAAQ,QAAR,CAAb,EAA+B;AAAA,uBAASC,CAAT,EAAW;AAACG,aAAOH,CAAP;AAAS;AAArB,CAA/B,EAAsD,CAAtD;;AAI5R,IAAMI,SAASL,QAAQ,mBAAR,CAAf;;AAEA,IAAIM,MAAM,IAAIH,WAAJ,CAAgBE,MAAhB,CAAV;AAGO,IAAMR,UAAU,IAAIC,MAAMS,UAAV,CAAqB,OAArB,CAAhB;;AAEP,IAAIL,OAAOM,QAAX,EAAqB;AACpBN,SAAOO,OAAP,CAAe,SAAf,EAA0B,YAAW;AACpC,QAAI,CAAC,CAAC,KAAKC,MAAX,EAAmB;AAClB,aAAOb,QAAQc,IAAR,EAAP;AACA;AACD,GAJD;AAKA;;AAAA;AAEDT,OAAOU,OAAP,CAAe;AACZ,kBADY,YACMC,EADN,EACU;AACrB,QAAI,CAAC,KAAKH,MAAV,EAAkB;AACjB,YAAM,IAAIR,OAAOY,KAAX,CAAiB,gBAAjB,CAAN;AACA,KAFD,MAEO;AACNjB,cAAQkB,MAAR,CAAe;AAACC,aAAKH,GAAG,CAAH;AAAN,OAAf;AACA;AAED,GARW;AAQV,kBARU,YAQQI,MARR,EAQeC,GARf,EAQoB;AAC/B,QAAI,CAAC,KAAKR,MAAV,EAAkB;AACjB,YAAM,IAAIR,OAAOY,KAAX,CAAiB,gBAAjB,CAAN;AACA,KAFD,MAEO;AACNjB,cAAQsB,MAAR,CAAeF,MAAf,EAAsBC,GAAtB;AACA;AAED,GAfW;AAeV,kBAfU,YAeQE,OAfR,EAeiB;AAC5B,QAAI,CAAC,KAAKV,MAAV,EAAkB;AACjB,YAAM,IAAIR,OAAOY,KAAX,CAAiB,gBAAjB,CAAN;AACA,KAFD,MAEO;AACNjB,cAAQwB,MAAR,CAAeD,OAAf;AACA;AAED,GAtBW;AAuBZE,YAvBY,cAuBC;AACZ,QAAIpB,OAAOM,QAAX,EAAqB;AACpB,UAAIe,SAAS,CACZ;AACA;AACA;AACA;AACA;AALY,OAAb,CADoB,CAOjB;;AACH,UAAIC,aAAa,sDAAjB;AAEAC,eAASvB,OAAOwB,eAAP,CAAuB,UAASC,IAAT,EAAe,CAE9C,CAFQ,EAEN,UAASC,CAAT,EAAY;AACd,cAAMA,CAAN;AACA,OAJQ,CAAT;AAMAtB,UAAIuB,MAAJ,CAAWC,IAAX,CAAgBN,UAAhB,EAA4BD,MAA5B,EACEQ,IADF,CACO7B,OAAOwB,eAAP,CAAuB,UAASC,IAAT,EAAe;AAC1C,aAAK,IAAIK,IAAIL,KAAKM,MAAL,GAAc,CAA3B,EAA8BD,KAAK,CAAnC,EAAsCA,GAAtC,EAA2C;AAC1C;AACA,cAAIE,OAAO9B,OAAOuB,KAAKK,CAAL,EAAQG,KAAR,CAAcC,QAArB,EAA+BC,MAA/B,EAAX;AACAC,kBAAQC,GAAR,CAAY,CAAC,CAAC,CAAC1C,QAAQc,IAAR,CAAa;AAAC6B,mBAAOb,KAAKK,CAAL,EAAQS;AAAhB,WAAb,EAAkCC,KAAlC,EAAf;;AACA,cAAG,CAAC,CAAC,CAAC7C,QAAQc,IAAR,CAAa;AAAC6B,mBAAOb,KAAKK,CAAL,EAAQS;AAAhB,WAAb,EAAkCC,KAAlC,EAAN,EAAiD;AAChD7C,oBAAQwB,MAAR,CAAe;AACfmB,qBAAQb,KAAKK,CAAL,EAAQS,EADD;AAEfP,oBAAMA,IAFS;AAGfS,uBAAShB,KAAKK,CAAL,EAAQY,QAHF;AAIfC,uBAASlB,KAAKK,CAAL,EAAQc;AAJF,aAAf;AAMA,WAPD,MAOO;AACNR,oBAAQC,GAAR,CAAY,qBAAmB1C,QAAQc,IAAR,CAAa;AAAC6B,qBAAOb,KAAKK,CAAL,EAAQS;AAAhB,aAAb,EAAkCM,GAAjE,EADM,CAEN;AACA;AACA;AACA;AACA;AACA;AACA;AAED;;AAAA;AACD,eAAOpB,IAAP;AAEA,OAzBI,EAyBF,UAASC,CAAT,EAAY;AACd,cAAMA,CAAN;AACA,OA3BI,CADP;AA6BE;AACF;AAtEU,CAAf","sourcesContent":["import {Mongo} from 'meteor/mongo'\nimport {Meteor} from 'meteor/meteor'\nimport CalendarAPI from 'node-google-calendar'\nimport moment from 'moment'\nconst CONFIG = require('./google/Settings');\n\nlet cal = new CalendarAPI(CONFIG);\n\n\nexport const RidesDB = new Mongo.Collection('rides')\n\nif (Meteor.isServer) {\n\tMeteor.publish('RidesDB', function() {\n\t\tif (!!this.userId) {\n\t\t\treturn RidesDB.find();\n\t\t}\n\t})\n};\n\nMeteor.methods({\n\t\t\t'RidesDB.delete' (ID) {\n\t\t\t\tif (!this.userId) {\n\t\t\t\t\tthrow new Meteor.error('not autherized')\n\t\t\t\t} else {\n\t\t\t\t\tRidesDB.remove({_id: ID[0]})\n\t\t\t\t}\n\n\t\t\t},'RidesDB.update' (rideId,row) {\n\t\t\t\tif (!this.userId) {\n\t\t\t\t\tthrow new Meteor.error('not autherized')\n\t\t\t\t} else {\n\t\t\t\t\tRidesDB.update(rideId,row)\n\t\t\t\t}\n\n\t\t\t},'RidesDB.insert' (newRide) {\n\t\t\t\tif (!this.userId) {\n\t\t\t\t\tthrow new Meteor.error('not autherized')\n\t\t\t\t} else {\n\t\t\t\t\tRidesDB.insert(newRide)\n\t\t\t\t}\n\n\t\t\t},\n\t\t\tgoogleSync() {\n\t\t\t\tif (Meteor.isServer) {\n\t\t\t\t\tlet params = {\n\t\t\t\t\t\t// timeMin: '2017-05-20T06:00:00+08:00',\n\t\t\t\t\t\t// timeMax: '2017-05-25T22:00:00+08:00',\n\t\t\t\t\t\t// q: 'query term',\n\t\t\t\t\t\t// singleEvents: true,\n\t\t\t\t\t\t// orderBy: 'startTime'\n\t\t\t\t\t}; //Optional query parameters referencing google APIs\n\t\t\t\t\tlet calendarId = 'it90dqq43q3ratq248t4eqhrd0@group.calendar.google.com'\n\n\t\t\t\t\tgetCal = Meteor.bindEnvironment(function(json) {\n\n\t\t\t\t\t}, function(e) {\n\t\t\t\t\t\tthrow e\n\t\t\t\t\t})\n\n\t\t\t\t\tcal.Events.list(calendarId, params)\n\t\t\t\t\t\t.then(Meteor.bindEnvironment(function(json) {\n\t\t\t\t\t\t\t\tfor (var i = json.length - 1; i >= 0; i--) {\n\t\t\t\t\t\t\t\t\t// console.log(json[i])\n\t\t\t\t\t\t\t\t\tvar date = moment(json[i].start.dateTime).format()\n\t\t\t\t\t\t\t\t\tconsole.log(!!!RidesDB.find({calId: json[i].id}).count())\n\t\t\t\t\t\t\t\t\tif(!!!RidesDB.find({calId: json[i].id}).count()) {\n\t\t\t\t\t\t\t\t\t\tRidesDB.insert({\n\t\t\t\t\t\t\t\t\t\tcalId : json[i].id,\n\t\t\t\t\t\t\t\t\t\tdate: date,\n\t\t\t\t\t\t\t\t\t\tlocatie: json[i].location,\n\t\t\t\t\t\t\t\t\t\tbedrijf: json[i].summary\n\t\t\t\t\t\t\t\t\t\t})\n\t\t\t\t\t\t\t\t\t} else {\n\t\t\t\t\t\t\t\t\t\tconsole.log('date updatedid: '+RidesDB.find({calId: json[i].id})._Id)\n\t\t\t\t\t\t\t\t\t\t// RidesDB.update(RidesDB.find({calId: json[i].id}._id),{\n\t\t\t\t\t\t\t\t\t\t// calId : json[i].id,\n\t\t\t\t\t\t\t\t\t\t// date: date,\n\t\t\t\t\t\t\t\t\t\t// locatie: json[i].location,\n\t\t\t\t\t\t\t\t\t\t// bedrijf: json[i].summary\n\t\t\t\t\t\t\t\t\t\t// })\n\t\t\t\t\t\t\t\t\t}\n\t\t\t\t\t\t\t\t\t\n\t\t\t\t\t\t\t\t};\n\t\t\t\t\t\t\t\treturn json\n\n\t\t\t\t\t\t\t}, function(e) {\n\t\t\t\t\t\t\t\tthrow e\n\t\t\t\t\t\t\t}))\n\t\t\t\t\t\t}\n\t\t\t\t}\n\t\t\t})"]},"sourceType":"script","hash":"201a721360774180965330f34e21e52455e89a5b"}
