{"metadata":{},"options":{"plugins":[{"key":"base$1$0","visitor":{"_exploded":{},"_verified":{},"JSXNamespacedName":{"enter":[null]},"JSXElement":{"exit":[null]},"JSXFragment":{"exit":[null]},"Program":{"enter":[null],"exit":[null]},"JSXAttribute":{"enter":[null]}},"options":{"pragma":"React.createElement","pragmaFrag":"React.Fragment","throwIfNamespace":true,"useBuiltIns":false}},{"key":"base$1$1","visitor":{"_exploded":true,"_verified":true},"options":{}},{"key":"base$1$2","visitor":{"ExportDefaultDeclaration":{"enter":[null]},"CallExpression":{"enter":[null]},"_exploded":true,"_verified":true},"options":{}},{"key":"base$0$0","visitor":{"Program":{"enter":[null]},"_exploded":true,"_verified":true},"options":{"generateLetDeclarations":true,"enforceStrictMode":false}},{"key":"base$0$1","visitor":{"_exploded":true,"_verified":true},"options":{}},{"key":"base$0$2","visitor":{"_exploded":{},"_verified":{},"Program":{"enter":[null]},"ImportDeclaration":{"enter":[null,null]},"ClassProperty":{"enter":[null]},"AssignmentPattern":{"enter":[null]},"TypeCastExpression":{"enter":[null,null]},"ImportSpecifier":{"enter":[null]},"ClassDeclaration":{"enter":[null]},"ClassExpression":{"enter":[null]},"FunctionDeclaration":{"enter":[null]},"FunctionExpression":{"enter":[null]},"ObjectMethod":{"enter":[null]},"ArrowFunctionExpression":{"enter":[null]},"ClassMethod":{"enter":[null]},"AnyTypeAnnotation":{"enter":[null]},"ArrayTypeAnnotation":{"enter":[null]},"BooleanTypeAnnotation":{"enter":[null]},"BooleanLiteralTypeAnnotation":{"enter":[null]},"NullLiteralTypeAnnotation":{"enter":[null]},"ClassImplements":{"enter":[null]},"DeclareClass":{"enter":[null]},"DeclareFunction":{"enter":[null]},"DeclareInterface":{"enter":[null]},"DeclareModule":{"enter":[null]},"DeclareModuleExports":{"enter":[null]},"DeclareTypeAlias":{"enter":[null]},"DeclareOpaqueType":{"enter":[null]},"DeclareVariable":{"enter":[null]},"DeclareExportDeclaration":{"enter":[null]},"DeclareExportAllDeclaration":{"enter":[null]},"DeclaredPredicate":{"enter":[null]},"ExistsTypeAnnotation":{"enter":[null]},"FunctionTypeAnnotation":{"enter":[null]},"FunctionTypeParam":{"enter":[null]},"GenericTypeAnnotation":{"enter":[null]},"InferredPredicate":{"enter":[null]},"InterfaceExtends":{"enter":[null]},"InterfaceDeclaration":{"enter":[null]},"IntersectionTypeAnnotation":{"enter":[null]},"MixedTypeAnnotation":{"enter":[null]},"EmptyTypeAnnotation":{"enter":[null]},"NullableTypeAnnotation":{"enter":[null]},"NumberLiteralTypeAnnotation":{"enter":[null]},"NumberTypeAnnotation":{"enter":[null]},"ObjectTypeAnnotation":{"enter":[null]},"ObjectTypeCallProperty":{"enter":[null]},"ObjectTypeIndexer":{"enter":[null]},"ObjectTypeProperty":{"enter":[null]},"ObjectTypeSpreadProperty":{"enter":[null]},"OpaqueType":{"enter":[null]},"QualifiedTypeIdentifier":{"enter":[null]},"StringLiteralTypeAnnotation":{"enter":[null]},"StringTypeAnnotation":{"enter":[null]},"ThisTypeAnnotation":{"enter":[null]},"TupleTypeAnnotation":{"enter":[null]},"TypeofTypeAnnotation":{"enter":[null]},"TypeAlias":{"enter":[null]},"TypeAnnotation":{"enter":[null]},"TypeParameter":{"enter":[null]},"TypeParameterDeclaration":{"enter":[null]},"TypeParameterInstantiation":{"enter":[null]},"UnionTypeAnnotation":{"enter":[null]},"Variance":{"enter":[null]},"VoidTypeAnnotation":{"enter":[null]},"ExportAllDeclaration":{"enter":[null]},"ExportDefaultDeclaration":{"enter":[null]},"ExportNamedDeclaration":{"enter":[null]}},"options":{}},{"key":"base$0$3","visitor":{"CallExpression":{"enter":[null]},"BinaryExpression":{"enter":[null]},"MemberExpression":{"enter":[null],"exit":[null]},"_exploded":true,"_verified":true,"Identifier":{"enter":[null]},"JSXIdentifier":{"enter":[null]}},"options":{"polyfill":false,"useBuiltIns":true}},{"key":"base$0$4","visitor":{"_exploded":true,"_verified":true},"options":{}},{"key":"base$0$5","visitor":{"_exploded":{},"_verified":{},"VariableDeclarator":{"enter":[null]},"ExportNamedDeclaration":{"enter":[null]},"CatchClause":{"enter":[null]},"AssignmentExpression":{"enter":[null]},"ObjectExpression":{"enter":[null]},"FunctionDeclaration":{"enter":[null]},"FunctionExpression":{"enter":[null]},"ObjectMethod":{"enter":[null]},"ArrowFunctionExpression":{"enter":[null]},"ClassMethod":{"enter":[null]},"ForInStatement":{"enter":[null]},"ForOfStatement":{"enter":[null]}},"options":{}},{"key":"transform-meteor-async-await","visitor":{"AwaitExpression":{"enter":[null]},"_exploded":true,"_verified":true,"FunctionDeclaration":{"exit":[null]},"FunctionExpression":{"exit":[null]},"ObjectMethod":{"exit":[null]},"ArrowFunctionExpression":{"exit":[null]},"ClassMethod":{"exit":[null]}},"options":{"useNativeAsyncAwait":false}},{"key":"transform-meteor-dynamic-import","visitor":{"_exploded":{},"_verified":{},"CallExpression":{"enter":[null]}},"options":{}},{"key":"base$0$8","visitor":{"_exploded":{},"_verified":{},"Program":{"enter":[null]}},"options":{}},{"key":"base$0$9","visitor":{"Program":{"exit":[null]},"_exploded":true,"_verified":true},"options":{"allowTopLevelThis":true,"strictMode":false,"loose":true}},{"key":"base$0$10","visitor":{"_exploded":{},"_verified":{},"ClassDeclaration":{"enter":[null]},"ClassExpression":{"enter":[null]}},"options":{"loose":true}}],"compact":false,"ast":true,"babelrc":false,"sourceFileName":"imports/ui/Import_ics.js","filename":"imports/ui/Import_ics.js","sourceMaps":true,"envName":"development","cwd":"/Users/linjoe/MEGA/7code/web/taxiapp/client/compatibility","passPerPreset":false,"presets":[],"parserOpts":{"sourceType":"module","sourceFileName":"imports/ui/Import_ics.js","plugins":["jsx","jsx","flow","flow","objectRestSpread","objectRestSpread","dynamicImport","asyncGenerators","classProperties"]},"generatorOpts":{"filename":"imports/ui/Import_ics.js","comments":true,"compact":false,"sourceMaps":true,"sourceFileName":"imports/ui/Import_ics.js"}},"code":"module.export({\n  default: () => Import\n});\nlet React;\nmodule.watch(require(\"react\"), {\n  default(v) {\n    React = v;\n  }\n\n}, 0);\nlet Menu;\nmodule.watch(require(\"./Menu\"), {\n  default(v) {\n    Menu = v;\n  }\n\n}, 1);\nlet Dropzone;\nmodule.watch(require(\"react-dropzone\"), {\n  default(v) {\n    Dropzone = v;\n  }\n\n}, 2);\nlet AwesomeICS;\nmodule.watch(require(\"awesome-ics\"), {\n  default(v) {\n    AwesomeICS = v;\n  }\n\n}, 3);\n\nfunction loopBlock(calendar) {\n  for (var i = calendar.length - 1; i >= 0; i--) {\n    console.log(calendar[i].properties[25]);\n  }\n\n  ;\n}\n\nclass Import extends React.Component {\n  constructor() {\n    super();\n    this.state = {\n      files: [],\n      accepted: [],\n      rejected: []\n    };\n  }\n\n  onDrop(acceptedFiles) {\n    acceptedFiles.forEach(file => {\n      const reader = new FileReader();\n\n      reader.onload = () => {\n        const fileAsBinaryString = reader.result;\n        var calendar = new AwesomeICS.Calendar().convertFromString(fileAsBinaryString);\n        loopBlock(calendar.blocks);\n      };\n\n      reader.onabort = () => console.log('file reading was aborted');\n\n      reader.onerror = () => console.log('file reading has failed');\n\n      reader.readAsBinaryString(file);\n    });\n  }\n\n  render() {\n    return React.createElement(\"section\", null, React.createElement(Menu, null), React.createElement(\"div\", {\n      className: \"dropzone\"\n    }, React.createElement(Dropzone, {\n      accept: \".ics\",\n      onDrop: this.onDrop.bind(this)\n    }, React.createElement(\"p\", null, \"Sleep hier je bestand(en) heen of click hier\"), React.createElement(\"p\", null, \"enkel *.ics bestanden zijn toegestaan\"))), React.createElement(\"aside\", null, React.createElement(\"h2\", null, \"Dropped files\"), React.createElement(\"ul\", null, this.state.files.map(f => React.createElement(\"li\", {\n      key: f.name\n    }, f.name, \" - \", f.size, \" bytes\")))));\n  }\n\n}\n\nReact.createElement(Import, null);","map":{"version":3,"sources":["imports/ui/Import_ics.js"],"names":["module","export","default","Import","React","watch","require","v","Menu","Dropzone","AwesomeICS","loopBlock","calendar","i","length","console","log","properties","Component","constructor","state","files","accepted","rejected","onDrop","acceptedFiles","forEach","file","reader","FileReader","onload","fileAsBinaryString","result","Calendar","convertFromString","blocks","onabort","onerror","readAsBinaryString","render","bind","map","f","name","size"],"mappings":"AAAAA,OAAOC,MAAP,CAAc;AAACC,WAAQ,MAAIC;AAAb,CAAd;AAAoC,IAAIC,KAAJ;AAAUJ,OAAOK,KAAP,CAAaC,QAAQ,OAAR,CAAb,EAA8B;AAACJ,UAAQK,CAAR,EAAU;AAACH,YAAMG,CAAN;AAAQ;;AAApB,CAA9B,EAAoD,CAApD;AAAuD,IAAIC,IAAJ;AAASR,OAAOK,KAAP,CAAaC,QAAQ,QAAR,CAAb,EAA+B;AAACJ,UAAQK,CAAR,EAAU;AAACC,WAAKD,CAAL;AAAO;;AAAnB,CAA/B,EAAoD,CAApD;AAAuD,IAAIE,QAAJ;AAAaT,OAAOK,KAAP,CAAaC,QAAQ,gBAAR,CAAb,EAAuC;AAACJ,UAAQK,CAAR,EAAU;AAACE,eAASF,CAAT;AAAW;;AAAvB,CAAvC,EAAgE,CAAhE;AAAmE,IAAIG,UAAJ;AAAeV,OAAOK,KAAP,CAAaC,QAAQ,aAAR,CAAb,EAAoC;AAACJ,UAAQK,CAAR,EAAU;AAACG,iBAAWH,CAAX;AAAa;;AAAzB,CAApC,EAA+D,CAA/D;;AAKpQ,SAASI,SAAT,CAAmBC,QAAnB,EAA6B;AAC5B,OAAK,IAAIC,IAAID,SAASE,MAAT,GAAkB,CAA/B,EAAkCD,KAAK,CAAvC,EAA0CA,GAA1C,EAA+C;AAC9CE,YAAQC,GAAR,CAAYJ,SAASC,CAAT,EAAYI,UAAZ,CAAuB,EAAvB,CAAZ;AACA;;AAAA;AAED;;AAEc,MAAMd,MAAN,SAAqBC,MAAMc,SAA3B,CAAqC;AAClDC,gBAAc;AACZ;AACA,SAAKC,KAAL,GAAa;AACZC,aAAO,EADK;AAEZC,gBAAU,EAFE;AAGVC,gBAAU;AAHA,KAAb;AAKD;;AAEDC,SAAOC,aAAP,EAAsB;AACtBA,kBAAcC,OAAd,CAAsBC,QAAQ;AACxB,YAAMC,SAAS,IAAIC,UAAJ,EAAf;;AACAD,aAAOE,MAAP,GAAgB,MAAM;AAClB,cAAMC,qBAAqBH,OAAOI,MAAlC;AACA,YAAIpB,WAAW,IAAIF,WAAWuB,QAAf,GAA0BC,iBAA1B,CAA4CH,kBAA5C,CAAf;AACApB,kBAAUC,SAASuB,MAAnB;AACH,OAJD;;AAKAP,aAAOQ,OAAP,GAAiB,MAAMrB,QAAQC,GAAR,CAAY,0BAAZ,CAAvB;;AACAY,aAAOS,OAAP,GAAiB,MAAMtB,QAAQC,GAAR,CAAY,yBAAZ,CAAvB;;AAEAY,aAAOU,kBAAP,CAA0BX,IAA1B;AACH,KAXH;AAcC;;AAIDY,WAAS;AACP,WACE,qCACC,oBAAC,IAAD,OADD,EAEE;AAAK,iBAAU;AAAf,OACE,oBAAC,QAAD;AACE,cAAO,MADT;AAEE,cAAQ,KAAKf,MAAL,CAAYgB,IAAZ,CAAiB,IAAjB;AAFV,OAIE,8EAJF,EAKE,uEALF,CADF,CAFF,EAWE,mCACE,gDADF,EAEE,gCAEI,KAAKpB,KAAL,CAAWC,KAAX,CAAiBoB,GAAjB,CAAqBC,KAAK;AAAI,WAAKA,EAAEC;AAAX,OAAkBD,EAAEC,IAApB,SAA6BD,EAAEE,IAA/B,WAA1B,CAFJ,CAFF,CAXF,CADF;AAsBD;;AApDiD;;AAuDpD,oBAAC,MAAD","sourcesContent":["import React from 'react';\nimport Menu from './Menu'\nimport Dropzone from 'react-dropzone'\nimport AwesomeICS from 'awesome-ics'\n\nfunction loopBlock(calendar) {\n\tfor (var i = calendar.length - 1; i >= 0; i--) {\n\t\tconsole.log(calendar[i].properties[25])\n\t};\n\n}\n\nexport default class Import extends React.Component {\n  constructor() {\n    super()\n    this.state = { \n    \tfiles: [], \n    \taccepted: [],\n      \trejected: []\n    }\n  }\n\n  onDrop(acceptedFiles) {\n\t\tacceptedFiles.forEach(file => {\n        const reader = new FileReader();\n        reader.onload = () => {\n            const fileAsBinaryString = reader.result;\n            var calendar = new AwesomeICS.Calendar().convertFromString(fileAsBinaryString);\n            loopBlock(calendar.blocks)\n        };\n        reader.onabort = () => console.log('file reading was aborted');\n        reader.onerror = () => console.log('file reading has failed');\n\n        reader.readAsBinaryString(file);\n    });    \n\t\t\n\n  }\n\n\n\n  render() {\n    return (\n      <section>\n      \t<Menu/>\n        <div className=\"dropzone\">\n          <Dropzone\n            accept=\".ics\"\n            onDrop={this.onDrop.bind(this)}\n          >\n            <p>Sleep hier je bestand(en) heen of click hier</p>\n            <p>enkel *.ics bestanden zijn toegestaan</p>\n          </Dropzone>\n        </div>\n        <aside>\n          <h2>Dropped files</h2>\n          <ul>\n            {\n              this.state.files.map(f => <li key={f.name}>{f.name} - {f.size} bytes</li>)\n            }\n          </ul>\n        </aside>\n      </section>\n    );\n  }\n}\n\n<Import />"]},"sourceType":"script","hash":"21bf5e9aa911e263850395af606c270e36a9b066"}
