{"metadata":{},"options":{"plugins":[{"key":"base$1$0","visitor":{"_exploded":{},"_verified":{},"JSXNamespacedName":{"enter":[null]},"JSXElement":{"exit":[null]},"JSXFragment":{"exit":[null]},"Program":{"enter":[null],"exit":[null]},"JSXAttribute":{"enter":[null]}},"options":{"pragma":"React.createElement","pragmaFrag":"React.Fragment","throwIfNamespace":true,"useBuiltIns":false}},{"key":"base$1$1","visitor":{"_exploded":true,"_verified":true},"options":{}},{"key":"base$1$2","visitor":{"ExportDefaultDeclaration":{"enter":[null]},"CallExpression":{"enter":[null]},"_exploded":true,"_verified":true},"options":{}},{"key":"base$0$0","visitor":{"Program":{"enter":[null]},"_exploded":true,"_verified":true},"options":{"generateLetDeclarations":true,"enforceStrictMode":false}},{"key":"base$0$1","visitor":{"_exploded":true,"_verified":true},"options":{}},{"key":"base$0$2","visitor":{"_exploded":{},"_verified":{},"Program":{"enter":[null]},"ImportDeclaration":{"enter":[null,null]},"ClassProperty":{"enter":[null]},"AssignmentPattern":{"enter":[null]},"TypeCastExpression":{"enter":[null,null]},"ImportSpecifier":{"enter":[null]},"ClassDeclaration":{"enter":[null]},"ClassExpression":{"enter":[null]},"FunctionDeclaration":{"enter":[null]},"FunctionExpression":{"enter":[null]},"ObjectMethod":{"enter":[null]},"ArrowFunctionExpression":{"enter":[null]},"ClassMethod":{"enter":[null]},"AnyTypeAnnotation":{"enter":[null]},"ArrayTypeAnnotation":{"enter":[null]},"BooleanTypeAnnotation":{"enter":[null]},"BooleanLiteralTypeAnnotation":{"enter":[null]},"NullLiteralTypeAnnotation":{"enter":[null]},"ClassImplements":{"enter":[null]},"DeclareClass":{"enter":[null]},"DeclareFunction":{"enter":[null]},"DeclareInterface":{"enter":[null]},"DeclareModule":{"enter":[null]},"DeclareModuleExports":{"enter":[null]},"DeclareTypeAlias":{"enter":[null]},"DeclareOpaqueType":{"enter":[null]},"DeclareVariable":{"enter":[null]},"DeclareExportDeclaration":{"enter":[null]},"DeclareExportAllDeclaration":{"enter":[null]},"DeclaredPredicate":{"enter":[null]},"ExistsTypeAnnotation":{"enter":[null]},"FunctionTypeAnnotation":{"enter":[null]},"FunctionTypeParam":{"enter":[null]},"GenericTypeAnnotation":{"enter":[null]},"InferredPredicate":{"enter":[null]},"InterfaceExtends":{"enter":[null]},"InterfaceDeclaration":{"enter":[null]},"IntersectionTypeAnnotation":{"enter":[null]},"MixedTypeAnnotation":{"enter":[null]},"EmptyTypeAnnotation":{"enter":[null]},"NullableTypeAnnotation":{"enter":[null]},"NumberLiteralTypeAnnotation":{"enter":[null]},"NumberTypeAnnotation":{"enter":[null]},"ObjectTypeAnnotation":{"enter":[null]},"ObjectTypeCallProperty":{"enter":[null]},"ObjectTypeIndexer":{"enter":[null]},"ObjectTypeProperty":{"enter":[null]},"ObjectTypeSpreadProperty":{"enter":[null]},"OpaqueType":{"enter":[null]},"QualifiedTypeIdentifier":{"enter":[null]},"StringLiteralTypeAnnotation":{"enter":[null]},"StringTypeAnnotation":{"enter":[null]},"ThisTypeAnnotation":{"enter":[null]},"TupleTypeAnnotation":{"enter":[null]},"TypeofTypeAnnotation":{"enter":[null]},"TypeAlias":{"enter":[null]},"TypeAnnotation":{"enter":[null]},"TypeParameter":{"enter":[null]},"TypeParameterDeclaration":{"enter":[null]},"TypeParameterInstantiation":{"enter":[null]},"UnionTypeAnnotation":{"enter":[null]},"Variance":{"enter":[null]},"VoidTypeAnnotation":{"enter":[null]},"ExportAllDeclaration":{"enter":[null]},"ExportDefaultDeclaration":{"enter":[null]},"ExportNamedDeclaration":{"enter":[null]}},"options":{}},{"key":"base$0$3","visitor":{"CallExpression":{"enter":[null]},"BinaryExpression":{"enter":[null]},"MemberExpression":{"enter":[null],"exit":[null]},"_exploded":true,"_verified":true,"Identifier":{"enter":[null]},"JSXIdentifier":{"enter":[null]}},"options":{"polyfill":false,"useBuiltIns":true}},{"key":"base$0$4","visitor":{"_exploded":true,"_verified":true},"options":{}},{"key":"base$0$5","visitor":{"_exploded":{},"_verified":{},"VariableDeclarator":{"enter":[null]},"ExportNamedDeclaration":{"enter":[null]},"CatchClause":{"enter":[null]},"AssignmentExpression":{"enter":[null]},"ObjectExpression":{"enter":[null]},"FunctionDeclaration":{"enter":[null]},"FunctionExpression":{"enter":[null]},"ObjectMethod":{"enter":[null]},"ArrowFunctionExpression":{"enter":[null]},"ClassMethod":{"enter":[null]},"ForInStatement":{"enter":[null]},"ForOfStatement":{"enter":[null]}},"options":{}},{"key":"transform-meteor-async-await","visitor":{"AwaitExpression":{"enter":[null]},"_exploded":true,"_verified":true,"FunctionDeclaration":{"exit":[null]},"FunctionExpression":{"exit":[null]},"ObjectMethod":{"exit":[null]},"ArrowFunctionExpression":{"exit":[null]},"ClassMethod":{"exit":[null]}},"options":{"useNativeAsyncAwait":false}},{"key":"transform-meteor-dynamic-import","visitor":{"_exploded":{},"_verified":{},"CallExpression":{"enter":[null]}},"options":{}},{"key":"base$0$8","visitor":{"_exploded":{},"_verified":{},"Program":{"enter":[null]}},"options":{}},{"key":"base$0$9","visitor":{"Program":{"exit":[null]},"_exploded":true,"_verified":true},"options":{"allowTopLevelThis":true,"strictMode":false,"loose":true}},{"key":"base$0$10","visitor":{"_exploded":{},"_verified":{},"ClassDeclaration":{"enter":[null]},"ClassExpression":{"enter":[null]}},"options":{"loose":true}}],"compact":false,"ast":true,"babelrc":false,"sourceFileName":"packages/ejson/stringify.js","filename":"packages/ejson/stringify.js","sourceMaps":true,"envName":"development","cwd":"/Users/linjoe/MEGA/7code/web/taxiapp/client/compatibility","passPerPreset":false,"presets":[],"parserOpts":{"sourceType":"module","sourceFileName":"packages/ejson/stringify.js","plugins":["jsx","jsx","flow","flow","objectRestSpread","objectRestSpread","dynamicImport","asyncGenerators","classProperties"]},"generatorOpts":{"filename":"packages/ejson/stringify.js","comments":true,"compact":false,"sourceMaps":true,"sourceFileName":"packages/ejson/stringify.js"}},"code":"// Based on json2.js from https://github.com/douglascrockford/JSON-js\n//\n//    json2.js\n//    2012-10-08\n//\n//    Public Domain.\n//\n//    NO WARRANTY EXPRESSED OR IMPLIED. USE AT YOUR OWN RISK.\nfunction quote(string) {\n  return JSON.stringify(string);\n}\n\nconst str = (key, holder, singleIndent, outerIndent, canonical) => {\n  const value = holder[key]; // What happens next depends on the value's type.\n\n  switch (typeof value) {\n    case 'string':\n      return quote(value);\n\n    case 'number':\n      // JSON numbers must be finite. Encode non-finite numbers as null.\n      return isFinite(value) ? String(value) : 'null';\n\n    case 'boolean':\n      return String(value);\n    // If the type is 'object', we might be dealing with an object or an array or\n    // null.\n\n    case 'object':\n      // Due to a specification blunder in ECMAScript, typeof null is 'object',\n      // so watch out for that case.\n      if (!value) {\n        return 'null';\n      } // Make an array to hold the partial results of stringifying this object\n      // value.\n\n\n      const innerIndent = outerIndent + singleIndent;\n      const partial = []; // Is the value an array?\n\n      if (Array.isArray(value) || {}.hasOwnProperty.call(value, 'callee')) {\n        // The value is an array. Stringify every element. Use null as a\n        // placeholder for non-JSON values.\n        const length = value.length;\n\n        for (let i = 0; i < length; i += 1) {\n          partial[i] = str(i, value, singleIndent, innerIndent, canonical) || 'null';\n        } // Join all of the elements together, separated with commas, and wrap\n        // them in brackets.\n\n\n        let v;\n\n        if (partial.length === 0) {\n          v = '[]';\n        } else if (innerIndent) {\n          v = '[\\n' + innerIndent + partial.join(',\\n' + innerIndent) + '\\n' + outerIndent + ']';\n        } else {\n          v = '[' + partial.join(',') + ']';\n        }\n\n        return v;\n      } // Iterate through all of the keys in the object.\n\n\n      let keys = Object.keys(value);\n\n      if (canonical) {\n        keys = keys.sort();\n      }\n\n      keys.forEach(k => {\n        v = str(k, value, singleIndent, innerIndent, canonical);\n\n        if (v) {\n          partial.push(quote(k) + (innerIndent ? ': ' : ':') + v);\n        }\n      }); // Join all of the member texts together, separated with commas,\n      // and wrap them in braces.\n\n      if (partial.length === 0) {\n        v = '{}';\n      } else if (innerIndent) {\n        v = '{\\n' + innerIndent + partial.join(',\\n' + innerIndent) + '\\n' + outerIndent + '}';\n      } else {\n        v = '{' + partial.join(',') + '}';\n      }\n\n      return v;\n\n    default: // Do nothing\n\n  }\n}; // If the JSON object does not yet have a stringify method, give it one.\n\n\nconst canonicalStringify = (value, options) => {\n  // Make a fake root object containing our value under the key of ''.\n  // Return the result of stringifying the value.\n  const allOptions = Object.assign({\n    indent: '',\n    canonical: false\n  }, options);\n\n  if (allOptions.indent === true) {\n    allOptions.indent = '  ';\n  } else if (typeof allOptions.indent === 'number') {\n    let newIndent = '';\n\n    for (let i = 0; i < allOptions.indent; i++) {\n      newIndent += ' ';\n    }\n\n    allOptions.indent = newIndent;\n  }\n\n  return str('', {\n    '': value\n  }, allOptions.indent, '', allOptions.canonical);\n};\n\nmodule.exportDefault(canonicalStringify);","map":{"version":3,"sources":["packages/ejson/stringify.js"],"names":["quote","string","JSON","stringify","str","key","holder","singleIndent","outerIndent","canonical","value","isFinite","String","innerIndent","partial","Array","isArray","hasOwnProperty","call","length","i","v","join","keys","Object","sort","forEach","k","push","canonicalStringify","options","allOptions","assign","indent","newIndent","module","exportDefault"],"mappings":"AAAA;AACA;AACA;AACA;AACA;AACA;AACA;AACA;AAEA,SAASA,KAAT,CAAeC,MAAf,EAAuB;AACrB,SAAOC,KAAKC,SAAL,CAAeF,MAAf,CAAP;AACD;;AAED,MAAMG,MAAM,CAACC,GAAD,EAAMC,MAAN,EAAcC,YAAd,EAA4BC,WAA5B,EAAyCC,SAAzC,KAAuD;AACjE,QAAMC,QAAQJ,OAAOD,GAAP,CAAd,CADiE,CAGjE;;AACA,UAAQ,OAAOK,KAAf;AACA,SAAK,QAAL;AACE,aAAOV,MAAMU,KAAN,CAAP;;AACF,SAAK,QAAL;AACE;AACA,aAAOC,SAASD,KAAT,IAAkBE,OAAOF,KAAP,CAAlB,GAAkC,MAAzC;;AACF,SAAK,SAAL;AACE,aAAOE,OAAOF,KAAP,CAAP;AACF;AACA;;AACA,SAAK,QAAL;AACE;AACA;AACA,UAAI,CAACA,KAAL,EAAY;AACV,eAAO,MAAP;AACD,OALH,CAME;AACA;;;AACA,YAAMG,cAAcL,cAAcD,YAAlC;AACA,YAAMO,UAAU,EAAhB,CATF,CAWE;;AACA,UAAIC,MAAMC,OAAN,CAAcN,KAAd,KAAyB,EAAD,CAAKO,cAAL,CAAoBC,IAApB,CAAyBR,KAAzB,EAAgC,QAAhC,CAA5B,EAAuE;AACrE;AACA;AACA,cAAMS,SAAST,MAAMS,MAArB;;AACA,aAAK,IAAIC,IAAI,CAAb,EAAgBA,IAAID,MAApB,EAA4BC,KAAK,CAAjC,EAAoC;AAClCN,kBAAQM,CAAR,IACEhB,IAAIgB,CAAJ,EAAOV,KAAP,EAAcH,YAAd,EAA4BM,WAA5B,EAAyCJ,SAAzC,KAAuD,MADzD;AAED,SAPoE,CASrE;AACA;;;AACA,YAAIY,CAAJ;;AACA,YAAIP,QAAQK,MAAR,KAAmB,CAAvB,EAA0B;AACxBE,cAAI,IAAJ;AACD,SAFD,MAEO,IAAIR,WAAJ,EAAiB;AACtBQ,cAAI,QACFR,WADE,GAEFC,QAAQQ,IAAR,CAAa,QACbT,WADA,CAFE,GAIF,IAJE,GAKFL,WALE,GAMF,GANF;AAOD,SARM,MAQA;AACLa,cAAI,MAAMP,QAAQQ,IAAR,CAAa,GAAb,CAAN,GAA0B,GAA9B;AACD;;AACD,eAAOD,CAAP;AACD,OAtCH,CAwCE;;;AACA,UAAIE,OAAOC,OAAOD,IAAP,CAAYb,KAAZ,CAAX;;AACA,UAAID,SAAJ,EAAe;AACbc,eAAOA,KAAKE,IAAL,EAAP;AACD;;AACDF,WAAKG,OAAL,CAAaC,KAAK;AAChBN,YAAIjB,IAAIuB,CAAJ,EAAOjB,KAAP,EAAcH,YAAd,EAA4BM,WAA5B,EAAyCJ,SAAzC,CAAJ;;AACA,YAAIY,CAAJ,EAAO;AACLP,kBAAQc,IAAR,CAAa5B,MAAM2B,CAAN,KAAYd,cAAc,IAAd,GAAqB,GAAjC,IAAwCQ,CAArD;AACD;AACF,OALD,EA7CF,CAoDE;AACA;;AACA,UAAIP,QAAQK,MAAR,KAAmB,CAAvB,EAA0B;AACxBE,YAAI,IAAJ;AACD,OAFD,MAEO,IAAIR,WAAJ,EAAiB;AACtBQ,YAAI,QACFR,WADE,GAEFC,QAAQQ,IAAR,CAAa,QACbT,WADA,CAFE,GAIF,IAJE,GAKFL,WALE,GAMF,GANF;AAOD,OARM,MAQA;AACLa,YAAI,MAAMP,QAAQQ,IAAR,CAAa,GAAb,CAAN,GAA0B,GAA9B;AACD;;AACD,aAAOD,CAAP;;AAEF,YA/EA,CA+ES;;AA/ET;AAiFD,CArFD,C,CAuFA;;;AACA,MAAMQ,qBAAqB,CAACnB,KAAD,EAAQoB,OAAR,KAAoB;AAC7C;AACA;AACA,QAAMC,aAAaP,OAAOQ,MAAP,CAAc;AAC/BC,YAAQ,EADuB;AAE/BxB,eAAW;AAFoB,GAAd,EAGhBqB,OAHgB,CAAnB;;AAIA,MAAIC,WAAWE,MAAX,KAAsB,IAA1B,EAAgC;AAC9BF,eAAWE,MAAX,GAAoB,IAApB;AACD,GAFD,MAEO,IAAI,OAAOF,WAAWE,MAAlB,KAA6B,QAAjC,EAA2C;AAChD,QAAIC,YAAY,EAAhB;;AACA,SAAK,IAAId,IAAI,CAAb,EAAgBA,IAAIW,WAAWE,MAA/B,EAAuCb,GAAvC,EAA4C;AAC1Cc,mBAAa,GAAb;AACD;;AACDH,eAAWE,MAAX,GAAoBC,SAApB;AACD;;AACD,SAAO9B,IAAI,EAAJ,EAAQ;AAAC,QAAIM;AAAL,GAAR,EAAqBqB,WAAWE,MAAhC,EAAwC,EAAxC,EAA4CF,WAAWtB,SAAvD,CAAP;AACD,CAjBD;;AArGA0B,OAAOC,aAAP,CAwHeP,kBAxHf","sourcesContent":["// Based on json2.js from https://github.com/douglascrockford/JSON-js\n//\n//    json2.js\n//    2012-10-08\n//\n//    Public Domain.\n//\n//    NO WARRANTY EXPRESSED OR IMPLIED. USE AT YOUR OWN RISK.\n\nfunction quote(string) {\n  return JSON.stringify(string);\n}\n\nconst str = (key, holder, singleIndent, outerIndent, canonical) => {\n  const value = holder[key];\n\n  // What happens next depends on the value's type.\n  switch (typeof value) {\n  case 'string':\n    return quote(value);\n  case 'number':\n    // JSON numbers must be finite. Encode non-finite numbers as null.\n    return isFinite(value) ? String(value) : 'null';\n  case 'boolean':\n    return String(value);\n  // If the type is 'object', we might be dealing with an object or an array or\n  // null.\n  case 'object':\n    // Due to a specification blunder in ECMAScript, typeof null is 'object',\n    // so watch out for that case.\n    if (!value) {\n      return 'null';\n    }\n    // Make an array to hold the partial results of stringifying this object\n    // value.\n    const innerIndent = outerIndent + singleIndent;\n    const partial = [];\n\n    // Is the value an array?\n    if (Array.isArray(value) || ({}).hasOwnProperty.call(value, 'callee')) {\n      // The value is an array. Stringify every element. Use null as a\n      // placeholder for non-JSON values.\n      const length = value.length;\n      for (let i = 0; i < length; i += 1) {\n        partial[i] =\n          str(i, value, singleIndent, innerIndent, canonical) || 'null';\n      }\n\n      // Join all of the elements together, separated with commas, and wrap\n      // them in brackets.\n      let v;\n      if (partial.length === 0) {\n        v = '[]';\n      } else if (innerIndent) {\n        v = '[\\n' +\n          innerIndent +\n          partial.join(',\\n' +\n          innerIndent) +\n          '\\n' +\n          outerIndent +\n          ']';\n      } else {\n        v = '[' + partial.join(',') + ']';\n      }\n      return v;\n    }\n\n    // Iterate through all of the keys in the object.\n    let keys = Object.keys(value);\n    if (canonical) {\n      keys = keys.sort();\n    }\n    keys.forEach(k => {\n      v = str(k, value, singleIndent, innerIndent, canonical);\n      if (v) {\n        partial.push(quote(k) + (innerIndent ? ': ' : ':') + v);\n      }\n    });\n\n    // Join all of the member texts together, separated with commas,\n    // and wrap them in braces.\n    if (partial.length === 0) {\n      v = '{}';\n    } else if (innerIndent) {\n      v = '{\\n' +\n        innerIndent +\n        partial.join(',\\n' +\n        innerIndent) +\n        '\\n' +\n        outerIndent +\n        '}';\n    } else {\n      v = '{' + partial.join(',') + '}';\n    }\n    return v;\n\n  default: // Do nothing\n  }\n};\n\n// If the JSON object does not yet have a stringify method, give it one.\nconst canonicalStringify = (value, options) => {\n  // Make a fake root object containing our value under the key of ''.\n  // Return the result of stringifying the value.\n  const allOptions = Object.assign({\n    indent: '',\n    canonical: false,\n  }, options);\n  if (allOptions.indent === true) {\n    allOptions.indent = '  ';\n  } else if (typeof allOptions.indent === 'number') {\n    let newIndent = '';\n    for (let i = 0; i < allOptions.indent; i++) {\n      newIndent += ' ';\n    }\n    allOptions.indent = newIndent;\n  }\n  return str('', {'': value}, allOptions.indent, '', allOptions.canonical);\n};\n\nexport default canonicalStringify;\n"]},"sourceType":"script","hash":"28c3a353e4e756d8d35e11cbc3b3b78e2d7da27c"}
