{"metadata":{},"options":{"plugins":[{"key":"base$1$0","visitor":{"_exploded":{},"_verified":{},"JSXNamespacedName":{"enter":[null]},"JSXElement":{"exit":[null]},"JSXFragment":{"exit":[null]},"Program":{"enter":[null],"exit":[null]},"JSXAttribute":{"enter":[null]}},"options":{"pragma":"React.createElement","pragmaFrag":"React.Fragment","throwIfNamespace":true,"useBuiltIns":false}},{"key":"base$1$1","visitor":{"_exploded":true,"_verified":true},"options":{}},{"key":"base$1$2","visitor":{"ExportDefaultDeclaration":{"enter":[null]},"CallExpression":{"enter":[null]},"_exploded":true,"_verified":true},"options":{}},{"key":"base$0$0","visitor":{"Program":{"enter":[null]},"_exploded":true,"_verified":true},"options":{"generateLetDeclarations":true,"enforceStrictMode":false}},{"key":"base$0$1","visitor":{"_exploded":true,"_verified":true},"options":{}},{"key":"base$0$2","visitor":{"_exploded":{},"_verified":{},"Program":{"enter":[null]},"ImportDeclaration":{"enter":[null,null]},"ClassProperty":{"enter":[null]},"AssignmentPattern":{"enter":[null]},"TypeCastExpression":{"enter":[null,null]},"ImportSpecifier":{"enter":[null]},"ClassDeclaration":{"enter":[null]},"ClassExpression":{"enter":[null]},"FunctionDeclaration":{"enter":[null]},"FunctionExpression":{"enter":[null]},"ObjectMethod":{"enter":[null]},"ArrowFunctionExpression":{"enter":[null]},"ClassMethod":{"enter":[null]},"AnyTypeAnnotation":{"enter":[null]},"ArrayTypeAnnotation":{"enter":[null]},"BooleanTypeAnnotation":{"enter":[null]},"BooleanLiteralTypeAnnotation":{"enter":[null]},"NullLiteralTypeAnnotation":{"enter":[null]},"ClassImplements":{"enter":[null]},"DeclareClass":{"enter":[null]},"DeclareFunction":{"enter":[null]},"DeclareInterface":{"enter":[null]},"DeclareModule":{"enter":[null]},"DeclareModuleExports":{"enter":[null]},"DeclareTypeAlias":{"enter":[null]},"DeclareOpaqueType":{"enter":[null]},"DeclareVariable":{"enter":[null]},"DeclareExportDeclaration":{"enter":[null]},"DeclareExportAllDeclaration":{"enter":[null]},"DeclaredPredicate":{"enter":[null]},"ExistsTypeAnnotation":{"enter":[null]},"FunctionTypeAnnotation":{"enter":[null]},"FunctionTypeParam":{"enter":[null]},"GenericTypeAnnotation":{"enter":[null]},"InferredPredicate":{"enter":[null]},"InterfaceExtends":{"enter":[null]},"InterfaceDeclaration":{"enter":[null]},"IntersectionTypeAnnotation":{"enter":[null]},"MixedTypeAnnotation":{"enter":[null]},"EmptyTypeAnnotation":{"enter":[null]},"NullableTypeAnnotation":{"enter":[null]},"NumberLiteralTypeAnnotation":{"enter":[null]},"NumberTypeAnnotation":{"enter":[null]},"ObjectTypeAnnotation":{"enter":[null]},"ObjectTypeCallProperty":{"enter":[null]},"ObjectTypeIndexer":{"enter":[null]},"ObjectTypeProperty":{"enter":[null]},"ObjectTypeSpreadProperty":{"enter":[null]},"OpaqueType":{"enter":[null]},"QualifiedTypeIdentifier":{"enter":[null]},"StringLiteralTypeAnnotation":{"enter":[null]},"StringTypeAnnotation":{"enter":[null]},"ThisTypeAnnotation":{"enter":[null]},"TupleTypeAnnotation":{"enter":[null]},"TypeofTypeAnnotation":{"enter":[null]},"TypeAlias":{"enter":[null]},"TypeAnnotation":{"enter":[null]},"TypeParameter":{"enter":[null]},"TypeParameterDeclaration":{"enter":[null]},"TypeParameterInstantiation":{"enter":[null]},"UnionTypeAnnotation":{"enter":[null]},"Variance":{"enter":[null]},"VoidTypeAnnotation":{"enter":[null]},"ExportAllDeclaration":{"enter":[null]},"ExportDefaultDeclaration":{"enter":[null]},"ExportNamedDeclaration":{"enter":[null]}},"options":{}},{"key":"base$0$3","visitor":{"CallExpression":{"enter":[null]},"BinaryExpression":{"enter":[null]},"MemberExpression":{"enter":[null],"exit":[null]},"_exploded":true,"_verified":true,"Identifier":{"enter":[null]},"JSXIdentifier":{"enter":[null]}},"options":{"polyfill":false,"useBuiltIns":true}},{"key":"base$0$4","visitor":{"_exploded":true,"_verified":true},"options":{}},{"key":"base$0$5","visitor":{"_exploded":{},"_verified":{},"VariableDeclarator":{"enter":[null]},"ExportNamedDeclaration":{"enter":[null]},"CatchClause":{"enter":[null]},"AssignmentExpression":{"enter":[null]},"ObjectExpression":{"enter":[null]},"FunctionDeclaration":{"enter":[null]},"FunctionExpression":{"enter":[null]},"ObjectMethod":{"enter":[null]},"ArrowFunctionExpression":{"enter":[null]},"ClassMethod":{"enter":[null]},"ForInStatement":{"enter":[null]},"ForOfStatement":{"enter":[null]}},"options":{}},{"key":"transform-meteor-async-await","visitor":{"AwaitExpression":{"enter":[null]},"_exploded":true,"_verified":true,"FunctionDeclaration":{"exit":[null]},"FunctionExpression":{"exit":[null]},"ObjectMethod":{"exit":[null]},"ArrowFunctionExpression":{"exit":[null]},"ClassMethod":{"exit":[null]}},"options":{"useNativeAsyncAwait":false}},{"key":"transform-meteor-dynamic-import","visitor":{"_exploded":{},"_verified":{},"CallExpression":{"enter":[null]}},"options":{}},{"key":"base$0$8","visitor":{"_exploded":{},"_verified":{},"Program":{"enter":[null]}},"options":{}},{"key":"base$0$9","visitor":{"Program":{"exit":[null]},"_exploded":true,"_verified":true},"options":{"allowTopLevelThis":true,"strictMode":false,"loose":true}},{"key":"base$0$10","visitor":{"_exploded":{},"_verified":{},"ClassDeclaration":{"enter":[null]},"ClassExpression":{"enter":[null]}},"options":{"loose":true}}],"compact":false,"ast":true,"babelrc":false,"sourceFileName":"imports/ui/Input.js","filename":"imports/ui/Input.js","sourceMaps":true,"envName":"development","cwd":"/Users/linjoe/MEGA/7code/web/taxiapp/client/compatibility","passPerPreset":false,"presets":[],"parserOpts":{"sourceType":"module","sourceFileName":"imports/ui/Input.js","plugins":["jsx","jsx","flow","flow","objectRestSpread","objectRestSpread","dynamicImport","asyncGenerators","classProperties"]},"generatorOpts":{"filename":"imports/ui/Input.js","comments":true,"compact":false,"sourceMaps":true,"sourceFileName":"imports/ui/Input.js"}},"code":"module.export({\n  default: () => Input\n});\nlet React;\nmodule.watch(require(\"react\"), {\n  default(v) {\n    React = v;\n  }\n\n}, 0);\nlet Meteor;\nmodule.watch(require(\"meteor/meteor\"), {\n  Meteor(v) {\n    Meteor = v;\n  }\n\n}, 1);\nlet Link, browserHistory;\nmodule.watch(require(\"react-router\"), {\n  Link(v) {\n    Link = v;\n  },\n\n  browserHistory(v) {\n    browserHistory = v;\n  }\n\n}, 2);\nlet Menu;\nmodule.watch(require(\"./Menu\"), {\n  default(v) {\n    Menu = v;\n  }\n\n}, 3);\nlet DatePicker;\nmodule.watch(require(\"react-datepicker\"), {\n  default(v) {\n    DatePicker = v;\n  }\n\n}, 4);\nlet moment;\nmodule.watch(require(\"moment\"), {\n  default(v) {\n    moment = v;\n  }\n\n}, 5);\nlet RidesDB;\nmodule.watch(require(\"./../api/rides\"), {\n  RidesDB(v) {\n    RidesDB = v;\n  }\n\n}, 6);\nmodule.watch(require(\"react-datepicker/dist/react-datepicker.css\"));\nmodule.watch(require(\"react-datepicker/dist/react-datepicker-cssmodules.css\"));\nlet TimePicker;\nmodule.watch(require(\"react-bootstrap-time-picker\"), {\n  default(v) {\n    TimePicker = v;\n  }\n\n}, 7);\n\nclass Input extends React.Component {\n  constructor(props) {\n    super(props);\n    this.state = {\n      startDate: moment(),\n      error: ''\n    };\n    this.handleChange = this.handleChange.bind(this);\n  }\n\n  handleChange(date) {\n    this.setState({\n      startDate: date\n    });\n  }\n\n  onSubmit(e) {\n    e.preventDefault();\n    let date = this.state.startDate._d;\n    let time = this.refs.time.value;\n    let bestuurder = this.refs.bestuurder.value.trim();\n    let locatie = this.refs.locatie.value.trim();\n    let bedrijf = this.refs.bedrijf.value.trim();\n    let inzittende = this.refs.inzittende.value.trim();\n    let kosten = this.refs.kosten.value.trim();\n    let kostenplaats = this.refs.kostenplaats.value.trim();\n    let roadshow = this.refs.roadshow.checked;\n    let wachttijd = this.refs.wachttijd.checked;\n    let agendapunt = {\n      date: date,\n      time: time,\n      bestuurder: bestuurder,\n      locatie: locatie,\n      naar: naar,\n      bedrijf: bedrijf,\n      inzittende: inzittende,\n      kosten: kosten,\n      kostenplaats: kostenplaats,\n      roadshow: roadshow,\n      wachttijd: wachttijd // console.log(agendapunt)\n\n    };\n    Meteor.call('RidesDB.insert', agendapunt); // RidesDB.insert(agendapunt)\n\n    browserHistory.push('/ritten');\n  }\n\n  render() {\n    return React.createElement(\"div\", null, React.createElement(Menu, null), React.createElement(\"div\", {\n      className: \"container\"\n    }, React.createElement(\"div\", {\n      className: \"row\"\n    }, React.createElement(\"div\", {\n      className: \"col-md-6 col-md-offset-3\"\n    }, this.state.error ? React.createElement(\"p\", null, this.state.error) : undefined, React.createElement(\"form\", {\n      onSubmit: this.onSubmit.bind(this),\n      noValidate: true\n    }, React.createElement(\"label\", null, \"Datum\"), React.createElement(\"div\", {\n      className: \"form-group\"\n    }, React.createElement(\"input\", {\n      type: \"datetime-local\",\n      type: \"time\",\n      ref: \"time\"\n    })), React.createElement(\"div\", {\n      className: \"form-group\"\n    }, React.createElement(\"label\", null, \"Tijd\"), React.createElement(\"input\", {\n      className: \"form-control\",\n      type: \"time\",\n      ref: \"time\"\n    })), React.createElement(\"div\", {\n      className: \"form-group\"\n    }, React.createElement(\"label\", null, \"Bestuurder\"), React.createElement(\"input\", {\n      className: \"form-control\",\n      type: \"string\",\n      ref: \"bestuurder\",\n      name: \"bestuurder\",\n      placeholder: \"Bestuurder\"\n    })), React.createElement(\"div\", {\n      className: \"form-group\"\n    }, React.createElement(\"label\", null, \"Locatie\"), React.createElement(\"input\", {\n      className: \"form-control\",\n      type: \"string\",\n      ref: \"locatie\",\n      name: \"locatie\",\n      placeholder: \"van/naar\"\n    })), React.createElement(\"div\", {\n      className: \"form-group\"\n    }, React.createElement(\"label\", null, \"Bedrijf\"), React.createElement(\"input\", {\n      className: \"form-control\",\n      type: \"string\",\n      ref: \"bedrijf\",\n      name: \"bedrijf\",\n      placeholder: \"Bedrijf\"\n    })), React.createElement(\"div\", {\n      className: \"form-group\"\n    }, React.createElement(\"label\", null, \"Inzittende\"), React.createElement(\"input\", {\n      className: \"form-control\",\n      type: \"string\",\n      ref: \"inzittende\",\n      name: \"inzittende\",\n      placeholder: \"Inzittende\"\n    })), React.createElement(\"div\", {\n      className: \"form-group\"\n    }, React.createElement(\"label\", null, \"Kosten\"), React.createElement(\"input\", {\n      className: \"form-control\",\n      type: \"string\",\n      ref: \"kosten\",\n      name: \"kosten\",\n      placeholder: \"Kosten\"\n    })), React.createElement(\"div\", {\n      className: \"form-group\"\n    }, React.createElement(\"label\", null, \"Kostenplaats\"), React.createElement(\"input\", {\n      className: \"form-control\",\n      type: \"string\",\n      ref: \"kostenplaats\",\n      name: \"kostenplaats\",\n      placeholder: \"Kostenplaats\"\n    })), React.createElement(\"label\", null, \"Roadshow\", React.createElement(\"input\", {\n      name: \"roadshow\",\n      ref: \"roadshow\",\n      type: \"checkbox\"\n    })), React.createElement(\"label\", null, \"Wachttijd\", React.createElement(\"input\", {\n      name: \"wachttijd\",\n      ref: \"wachttijd\",\n      type: \"checkbox\"\n    })), React.createElement(\"div\", {\n      className: \"form-group\"\n    }, React.createElement(\"button\", {\n      className: \"btn btn-default\"\n    }, \" Invoeren\")))))));\n  }\n\n}","map":{"version":3,"sources":["imports/ui/Input.js"],"names":["module","export","default","Input","React","watch","require","v","Meteor","Link","browserHistory","Menu","DatePicker","moment","RidesDB","TimePicker","Component","constructor","props","state","startDate","error","handleChange","bind","date","setState","onSubmit","e","preventDefault","_d","time","refs","value","bestuurder","trim","locatie","bedrijf","inzittende","kosten","kostenplaats","roadshow","checked","wachttijd","agendapunt","naar","call","push","render","undefined"],"mappings":"AAAAA,OAAOC,MAAP,CAAc;AAACC,WAAQ,MAAIC;AAAb,CAAd;AAAmC,IAAIC,KAAJ;AAAUJ,OAAOK,KAAP,CAAaC,QAAQ,OAAR,CAAb,EAA8B;AAACJ,UAAQK,CAAR,EAAU;AAACH,YAAMG,CAAN;AAAQ;;AAApB,CAA9B,EAAoD,CAApD;AAAuD,IAAIC,MAAJ;AAAWR,OAAOK,KAAP,CAAaC,QAAQ,eAAR,CAAb,EAAsC;AAACE,SAAOD,CAAP,EAAS;AAACC,aAAOD,CAAP;AAAS;;AAApB,CAAtC,EAA4D,CAA5D;AAA+D,IAAIE,IAAJ,EAASC,cAAT;AAAwBV,OAAOK,KAAP,CAAaC,QAAQ,cAAR,CAAb,EAAqC;AAACG,OAAKF,CAAL,EAAO;AAACE,WAAKF,CAAL;AAAO,GAAhB;;AAAiBG,iBAAeH,CAAf,EAAiB;AAACG,qBAAeH,CAAf;AAAiB;;AAApD,CAArC,EAA2F,CAA3F;AAA8F,IAAII,IAAJ;AAASX,OAAOK,KAAP,CAAaC,QAAQ,QAAR,CAAb,EAA+B;AAACJ,UAAQK,CAAR,EAAU;AAACI,WAAKJ,CAAL;AAAO;;AAAnB,CAA/B,EAAoD,CAApD;AAAuD,IAAIK,UAAJ;AAAeZ,OAAOK,KAAP,CAAaC,QAAQ,kBAAR,CAAb,EAAyC;AAACJ,UAAQK,CAAR,EAAU;AAACK,iBAAWL,CAAX;AAAa;;AAAzB,CAAzC,EAAoE,CAApE;AAAuE,IAAIM,MAAJ;AAAWb,OAAOK,KAAP,CAAaC,QAAQ,QAAR,CAAb,EAA+B;AAACJ,UAAQK,CAAR,EAAU;AAACM,aAAON,CAAP;AAAS;;AAArB,CAA/B,EAAsD,CAAtD;AAAyD,IAAIO,OAAJ;AAAYd,OAAOK,KAAP,CAAaC,QAAQ,gBAAR,CAAb,EAAuC;AAACQ,UAAQP,CAAR,EAAU;AAACO,cAAQP,CAAR;AAAU;;AAAtB,CAAvC,EAA+D,CAA/D;AAAkEP,OAAOK,KAAP,CAAaC,QAAQ,4CAAR,CAAb;AAAoEN,OAAOK,KAAP,CAAaC,QAAQ,uDAAR,CAAb;AAA+E,IAAIS,UAAJ;AAAef,OAAOK,KAAP,CAAaC,QAAQ,6BAAR,CAAb,EAAoD;AAACJ,UAAQK,CAAR,EAAU;AAACQ,iBAAWR,CAAX;AAAa;;AAAzB,CAApD,EAA+E,CAA/E;;AAa/tB,MAAMJ,KAAN,SAAoBC,MAAMY,SAA1B,CAAoC;AAClDC,cAAaC,KAAb,EAAoB;AACpB,UAAMA,KAAN;AACA,SAAKC,KAAL,GAAa;AACXC,iBAAWP,QADA;AAEXQ,aAAO;AAFI,KAAb;AAIA,SAAKC,YAAL,GAAoB,KAAKA,YAAL,CAAkBC,IAAlB,CAAuB,IAAvB,CAApB;AACC;;AAEDD,eAAaE,IAAb,EAAmB;AACnB,SAAKC,QAAL,CAAc;AACZL,iBAAWI;AADC,KAAd;AAGC;;AAEDE,WAASC,CAAT,EAAW;AACVA,MAAEC,cAAF;AACA,QAAIJ,OAAO,KAAKL,KAAL,CAAWC,SAAX,CAAqBS,EAAhC;AACA,QAAIC,OAAO,KAAKC,IAAL,CAAUD,IAAV,CAAeE,KAA1B;AACA,QAAIC,aAAa,KAAKF,IAAL,CAAUE,UAAV,CAAqBD,KAArB,CAA2BE,IAA3B,EAAjB;AACA,QAAIC,UAAU,KAAKJ,IAAL,CAAUI,OAAV,CAAkBH,KAAlB,CAAwBE,IAAxB,EAAd;AACA,QAAIE,UAAU,KAAKL,IAAL,CAAUK,OAAV,CAAkBJ,KAAlB,CAAwBE,IAAxB,EAAd;AACA,QAAIG,aAAa,KAAKN,IAAL,CAAUM,UAAV,CAAqBL,KAArB,CAA2BE,IAA3B,EAAjB;AACA,QAAII,SAAS,KAAKP,IAAL,CAAUO,MAAV,CAAiBN,KAAjB,CAAuBE,IAAvB,EAAb;AACA,QAAIK,eAAe,KAAKR,IAAL,CAAUQ,YAAV,CAAuBP,KAAvB,CAA6BE,IAA7B,EAAnB;AACA,QAAIM,WAAW,KAAKT,IAAL,CAAUS,QAAV,CAAmBC,OAAlC;AACA,QAAIC,YAAY,KAAKX,IAAL,CAAUW,SAAV,CAAoBD,OAApC;AACA,QAAIE,aAAa;AAACnB,YAAMA,IAAP;AAAaM,YAAMA,IAAnB;AAAyBG,kBAAYA,UAArC;AAAiDE,eAASA,OAA1D;AAAmES,YAAMA,IAAzE;AAA8ER,eAASA,OAAvF;AAAgGC,kBAAYA,UAA5G;AAAuHC,cAAQA,MAA/H;AAAuIC,oBAAcA,YAArJ;AAAkKC,gBAAUA,QAA5K;AAAqLE,iBAAWA,SAAhM,CACjB;;AADiB,KAAjB;AAEAlC,WAAOqC,IAAP,CAAY,gBAAZ,EAA8BF,UAA9B,EAdU,CAeV;;AACAjC,mBAAeoC,IAAf,CAAoB,SAApB;AACA;;AAKAC,WAAS;AACP,WACC,iCACC,oBAAC,IAAD,OADD,EAEI;AAAK,iBAAU;AAAf,OACF;AAAK,iBAAU;AAAf,OACC;AAAK,iBAAU;AAAf,OACE,KAAK5B,KAAL,CAAWE,KAAX,GAAmB,+BAAI,KAAKF,KAAL,CAAWE,KAAf,CAAnB,GAA+C2B,SADjD,EAEC;AAAM,gBAAU,KAAKtB,QAAL,CAAcH,IAAd,CAAmB,IAAnB,CAAhB;AAA0C;AAA1C,OACC,2CADD,EAEC;AAAK,iBAAU;AAAf,OACC;AAAO,YAAK,gBAAZ;AAA6B,YAAK,MAAlC;AAAyC,WAAI;AAA7C,MADD,CAFD,EAKF;AAAK,iBAAU;AAAf,OACA,0CADA,EAEA;AAAO,iBAAU,cAAjB;AAAgC,YAAK,MAArC;AAA4C,WAAI;AAAhD,MAFA,CALE,EASF;AAAK,iBAAU;AAAf,OACA,gDADA,EAEG;AAAO,iBAAU,cAAjB;AAAgC,YAAK,QAArC;AAA8C,WAAI,YAAlD;AAA+D,YAAK,YAApE;AAAiF,mBAAY;AAA7F,MAFH,CATE,EAaC;AAAK,iBAAU;AAAf,OACC,6CADD,EAEC;AAAO,iBAAU,cAAjB;AAAgC,YAAK,QAArC;AAA8C,WAAI,SAAlD;AAA4D,YAAK,SAAjE;AAA2E,mBAAY;AAAvF,MAFD,CAbD,EAiBC;AAAK,iBAAU;AAAf,OACC,6CADD,EAEC;AAAO,iBAAU,cAAjB;AAAgC,YAAK,QAArC;AAA8C,WAAI,SAAlD;AAA4D,YAAK,SAAjE;AAA2E,mBAAY;AAAvF,MAFD,CAjBD,EAqBC;AAAK,iBAAU;AAAf,OACC,gDADD,EAEC;AAAO,iBAAU,cAAjB;AAAgC,YAAK,QAArC;AAA8C,WAAI,YAAlD;AAA+D,YAAK,YAApE;AAAiF,mBAAY;AAA7F,MAFD,CArBD,EAyBC;AAAK,iBAAU;AAAf,OACC,4CADD,EAEC;AAAO,iBAAU,cAAjB;AAAgC,YAAK,QAArC;AAA8C,WAAI,QAAlD;AAA2D,YAAK,QAAhE;AAAyE,mBAAY;AAArF,MAFD,CAzBD,EA6BC;AAAK,iBAAU;AAAf,OACC,kDADD,EAEC;AAAO,iBAAU,cAAjB;AAAgC,YAAK,QAArC;AAA8C,WAAI,cAAlD;AAAiE,YAAK,cAAtE;AAAqF,mBAAY;AAAjG,MAFD,CA7BD,EAiCC,+CAAe;AAAO,YAAK,UAAZ;AAAuB,WAAI,UAA3B;AAAsC,YAAK;AAA3C,MAAf,CAjCD,EAkCC,gDAAgB;AAAO,YAAK,WAAZ;AAAwB,WAAI,WAA5B;AAAwC,YAAK;AAA7C,MAAhB,CAlCD,EAmCC;AAAK,iBAAU;AAAf,OACC;AAAQ,iBAAU;AAAlB,mBADD,CAnCD,CAFD,CADD,CADE,CAFJ,CADD;AAoDD;;AA3FgD","sourcesContent":["import React from 'react';\nimport { Meteor } from 'meteor/meteor'\nimport { Link, browserHistory } from 'react-router';\nimport Menu from './Menu'\nimport DatePicker from 'react-datepicker';\nimport moment from 'moment';\nimport { RidesDB } from './../api/rides'\n\nimport 'react-datepicker/dist/react-datepicker.css';\n// CSS Modules, react-datepicker-cssmodules.css\nimport 'react-datepicker/dist/react-datepicker-cssmodules.css';\nimport TimePicker from 'react-bootstrap-time-picker';\n\nexport default class Input extends React.Component {\n\tconstructor (props) {\n\tsuper(props)\n\tthis.state = {\n\t  startDate: moment(),\n\t  error: ''\n\t};\n\tthis.handleChange = this.handleChange.bind(this);\n\t}\n\n\thandleChange(date) {\n\tthis.setState({\n\t  startDate: date\n\t});\n\t}\n\n\tonSubmit(e){\n\t\te.preventDefault();\n\t\tlet date = this.state.startDate._d\n\t\tlet time = this.refs.time.value;\n\t\tlet bestuurder = this.refs.bestuurder.value.trim();\n\t\tlet locatie = this.refs.locatie.value.trim();\n\t\tlet bedrijf = this.refs.bedrijf.value.trim();\n\t\tlet inzittende = this.refs.inzittende.value.trim();\n\t\tlet kosten = this.refs.kosten.value.trim();\n\t\tlet kostenplaats = this.refs.kostenplaats.value.trim();\n\t\tlet roadshow = this.refs.roadshow.checked\n\t\tlet wachttijd = this.refs.wachttijd.checked\n\t\tlet agendapunt = {date: date, time: time, bestuurder: bestuurder, locatie: locatie, naar: naar,bedrijf: bedrijf, inzittende: inzittende,kosten: kosten, kostenplaats: kostenplaats,roadshow: roadshow,wachttijd: wachttijd}\n\t\t// console.log(agendapunt)\n\t\tMeteor.call('RidesDB.insert', agendapunt)\n\t\t// RidesDB.insert(agendapunt)\n\t\tbrowserHistory.push('/ritten')\n\t}\n\t\n\n\n\n  render() {\n    return (\n    \t<div>\n    \t\t<Menu/>\n    \t   \t<div className=\"container\">\n\t    \t\t<div className=\"row\">\n\t    \t\t\t<div className='col-md-6 col-md-offset-3'>\n\t\t\t    \t\t{this.state.error ? <p>{this.state.error}</p> : undefined}\n\t\t\t    \t\t<form onSubmit={this.onSubmit.bind(this)} noValidate>\n\t\t\t\t    \t\t<label>Datum</label>\n\t\t\t\t    \t\t<div className=\"form-group\">\n\t\t\t\t\t    \t\t<input type=\"datetime-local\" type=\"time\" ref=\"time\"></input>\n\t\t\t\t\t\t\t</div>\n\t\t\t\t\t\t\t<div className=\"form-group\">\n\t\t\t\t\t\t\t<label>Tijd</label>\n\t\t\t\t\t\t\t<input className=\"form-control\" type=\"time\" ref=\"time\"></input>\n\t\t\t\t\t\t\t</div>\n\t\t\t\t\t\t\t<div className=\"form-group\">\n\t\t\t\t\t\t\t<label>Bestuurder</label>\n\t\t\t    \t\t\t<input className=\"form-control\" type=\"string\" ref='bestuurder' name='bestuurder' placeholder=\"Bestuurder\"></input>\n\t\t\t    \t\t\t</div>\n\t\t\t    \t\t\t<div className=\"form-group\">\n\t\t\t    \t\t\t\t<label>Locatie</label>\n\t\t\t    \t\t\t\t<input className=\"form-control\" type=\"string\" ref='locatie' name='locatie' placeholder='van/naar'></input>\n\t\t\t    \t\t\t</div>\n\t\t\t    \t\t\t<div className=\"form-group\">\n\t\t\t    \t\t\t\t<label>Bedrijf</label>\n\t\t\t    \t\t\t\t<input className=\"form-control\" type='string' ref='bedrijf' name='bedrijf' placeholder='Bedrijf'></input>\n\t\t\t    \t\t\t</div>\n\t\t\t    \t\t\t<div className=\"form-group\">\n\t\t\t    \t\t\t\t<label>Inzittende</label>\n\t\t\t    \t\t\t\t<input className=\"form-control\" type='string' ref='inzittende' name='inzittende' placeholder='Inzittende'></input>\n\t\t\t    \t\t\t</div>\n\t\t\t    \t\t\t<div className=\"form-group\">\n\t\t\t    \t\t\t\t<label>Kosten</label>\n\t\t\t    \t\t\t\t<input className=\"form-control\" type='string' ref='kosten' name='kosten' placeholder='Kosten'></input>\n\t\t\t    \t\t\t</div>\n\t\t\t    \t\t\t<div className=\"form-group\">\n\t\t\t    \t\t\t\t<label>Kostenplaats</label>\n\t\t\t    \t\t\t\t<input className=\"form-control\" type='string' ref='kostenplaats' name='kostenplaats' placeholder='Kostenplaats'></input>\n\t\t\t    \t\t\t</div>\n\t\t\t    \t\t\t<label>Roadshow<input name=\"roadshow\" ref=\"roadshow\" type=\"checkbox\"></input></label>\n\t\t\t    \t\t\t<label>Wachttijd<input name=\"wachttijd\" ref=\"wachttijd\" type=\"checkbox\"></input></label>\n\t\t\t    \t\t\t<div className=\"form-group\">\n\t\t\t    \t\t\t\t<button className=\"btn btn-default\"> Invoeren</button>\n\t\t\t    \t\t\t</div>\n\t\t\t    \t\t</form>\n\t\t\t   \t\t</div>\n\t\t    \t</div>\n\t\t    </div>\n\n    \t</div>\n    \t);\n  }\n}\n"]},"sourceType":"script","hash":"2c4d3e96f646e3ed3604876e21d988bc3c3b3623"}
