{"metadata":{},"options":{"plugins":[{"key":"base$1$0","visitor":{"_exploded":{},"_verified":{},"JSXNamespacedName":{"enter":[null]},"JSXElement":{"exit":[null]},"JSXFragment":{"exit":[null]},"Program":{"enter":[null],"exit":[null]},"JSXAttribute":{"enter":[null]}},"options":{"pragma":"React.createElement","pragmaFrag":"React.Fragment","throwIfNamespace":true,"useBuiltIns":false}},{"key":"base$1$1","visitor":{"_exploded":true,"_verified":true},"options":{}},{"key":"base$1$2","visitor":{"ExportDefaultDeclaration":{"enter":[null]},"CallExpression":{"enter":[null]},"_exploded":true,"_verified":true},"options":{}},{"key":"base$0$0","visitor":{"Program":{"enter":[null]},"_exploded":true,"_verified":true},"options":{"generateLetDeclarations":true,"enforceStrictMode":false}},{"key":"base$0$1","visitor":{"_exploded":true,"_verified":true},"options":{}},{"key":"base$0$2","visitor":{"_exploded":{},"_verified":{},"Program":{"enter":[null]},"ImportDeclaration":{"enter":[null,null]},"ClassProperty":{"enter":[null]},"AssignmentPattern":{"enter":[null]},"TypeCastExpression":{"enter":[null,null]},"ImportSpecifier":{"enter":[null]},"ClassDeclaration":{"enter":[null]},"ClassExpression":{"enter":[null]},"FunctionDeclaration":{"enter":[null]},"FunctionExpression":{"enter":[null]},"ObjectMethod":{"enter":[null]},"ArrowFunctionExpression":{"enter":[null]},"ClassMethod":{"enter":[null]},"AnyTypeAnnotation":{"enter":[null]},"ArrayTypeAnnotation":{"enter":[null]},"BooleanTypeAnnotation":{"enter":[null]},"BooleanLiteralTypeAnnotation":{"enter":[null]},"NullLiteralTypeAnnotation":{"enter":[null]},"ClassImplements":{"enter":[null]},"DeclareClass":{"enter":[null]},"DeclareFunction":{"enter":[null]},"DeclareInterface":{"enter":[null]},"DeclareModule":{"enter":[null]},"DeclareModuleExports":{"enter":[null]},"DeclareTypeAlias":{"enter":[null]},"DeclareOpaqueType":{"enter":[null]},"DeclareVariable":{"enter":[null]},"DeclareExportDeclaration":{"enter":[null]},"DeclareExportAllDeclaration":{"enter":[null]},"DeclaredPredicate":{"enter":[null]},"ExistsTypeAnnotation":{"enter":[null]},"FunctionTypeAnnotation":{"enter":[null]},"FunctionTypeParam":{"enter":[null]},"GenericTypeAnnotation":{"enter":[null]},"InferredPredicate":{"enter":[null]},"InterfaceExtends":{"enter":[null]},"InterfaceDeclaration":{"enter":[null]},"IntersectionTypeAnnotation":{"enter":[null]},"MixedTypeAnnotation":{"enter":[null]},"EmptyTypeAnnotation":{"enter":[null]},"NullableTypeAnnotation":{"enter":[null]},"NumberLiteralTypeAnnotation":{"enter":[null]},"NumberTypeAnnotation":{"enter":[null]},"ObjectTypeAnnotation":{"enter":[null]},"ObjectTypeCallProperty":{"enter":[null]},"ObjectTypeIndexer":{"enter":[null]},"ObjectTypeProperty":{"enter":[null]},"ObjectTypeSpreadProperty":{"enter":[null]},"OpaqueType":{"enter":[null]},"QualifiedTypeIdentifier":{"enter":[null]},"StringLiteralTypeAnnotation":{"enter":[null]},"StringTypeAnnotation":{"enter":[null]},"ThisTypeAnnotation":{"enter":[null]},"TupleTypeAnnotation":{"enter":[null]},"TypeofTypeAnnotation":{"enter":[null]},"TypeAlias":{"enter":[null]},"TypeAnnotation":{"enter":[null]},"TypeParameter":{"enter":[null]},"TypeParameterDeclaration":{"enter":[null]},"TypeParameterInstantiation":{"enter":[null]},"UnionTypeAnnotation":{"enter":[null]},"Variance":{"enter":[null]},"VoidTypeAnnotation":{"enter":[null]},"ExportAllDeclaration":{"enter":[null]},"ExportDefaultDeclaration":{"enter":[null]},"ExportNamedDeclaration":{"enter":[null]}},"options":{}},{"key":"base$0$3","visitor":{"CallExpression":{"enter":[null]},"BinaryExpression":{"enter":[null]},"MemberExpression":{"enter":[null],"exit":[null]},"_exploded":true,"_verified":true,"Identifier":{"enter":[null]},"JSXIdentifier":{"enter":[null]}},"options":{"polyfill":false,"useBuiltIns":true}},{"key":"base$0$4","visitor":{"_exploded":true,"_verified":true},"options":{}},{"key":"base$0$5","visitor":{"_exploded":{},"_verified":{},"VariableDeclarator":{"enter":[null]},"ExportNamedDeclaration":{"enter":[null]},"CatchClause":{"enter":[null]},"AssignmentExpression":{"enter":[null]},"ObjectExpression":{"enter":[null]},"FunctionDeclaration":{"enter":[null]},"FunctionExpression":{"enter":[null]},"ObjectMethod":{"enter":[null]},"ArrowFunctionExpression":{"enter":[null]},"ClassMethod":{"enter":[null]},"ForInStatement":{"enter":[null]},"ForOfStatement":{"enter":[null]}},"options":{}},{"key":"transform-meteor-async-await","visitor":{"AwaitExpression":{"enter":[null]},"_exploded":true,"_verified":true,"FunctionDeclaration":{"exit":[null]},"FunctionExpression":{"exit":[null]},"ObjectMethod":{"exit":[null]},"ArrowFunctionExpression":{"exit":[null]},"ClassMethod":{"exit":[null]}},"options":{"useNativeAsyncAwait":false}},{"key":"transform-meteor-dynamic-import","visitor":{"_exploded":{},"_verified":{},"CallExpression":{"enter":[null]}},"options":{}},{"key":"base$0$8","visitor":{"_exploded":{},"_verified":{},"Program":{"enter":[null]}},"options":{}},{"key":"base$0$9","visitor":{"Program":{"exit":[null]},"_exploded":true,"_verified":true},"options":{"allowTopLevelThis":true,"strictMode":false,"loose":true}},{"key":"base$0$10","visitor":{"_exploded":{},"_verified":{},"ClassDeclaration":{"enter":[null]},"ClassExpression":{"enter":[null]}},"options":{"loose":true}}],"compact":false,"ast":true,"babelrc":false,"sourceFileName":"imports/ui/Rides.js","filename":"imports/ui/Rides.js","sourceMaps":true,"envName":"development","cwd":"/Users/linjoe/MEGA/7code/web/taxiapp/client/compatibility","passPerPreset":false,"presets":[],"parserOpts":{"sourceType":"module","sourceFileName":"imports/ui/Rides.js","plugins":["jsx","jsx","flow","flow","objectRestSpread","objectRestSpread","dynamicImport","asyncGenerators","classProperties"]},"generatorOpts":{"filename":"imports/ui/Rides.js","comments":true,"compact":false,"sourceMaps":true,"sourceFileName":"imports/ui/Rides.js"}},"code":"module.export({\n  default: () => Rides\n});\nlet Meteor;\nmodule.watch(require(\"meteor/meteor\"), {\n  Meteor(v) {\n    Meteor = v;\n  }\n\n}, 0);\nlet React;\nmodule.watch(require(\"react\"), {\n  default(v) {\n    React = v;\n  }\n\n}, 1);\nlet Link, browserHistory;\nmodule.watch(require(\"react-router\"), {\n  Link(v) {\n    Link = v;\n  },\n\n  browserHistory(v) {\n    browserHistory = v;\n  }\n\n}, 2);\nlet Menu;\nmodule.watch(require(\"./Menu\"), {\n  default(v) {\n    Menu = v;\n  }\n\n}, 3);\nlet BootstrapTable, TableHeaderColumn;\nmodule.watch(require(\"react-bootstrap-table\"), {\n  BootstrapTable(v) {\n    BootstrapTable = v;\n  },\n\n  TableHeaderColumn(v) {\n    TableHeaderColumn = v;\n  }\n\n}, 4);\nlet RidesDB;\nmodule.watch(require(\"./../api/rides\"), {\n  RidesDB(v) {\n    RidesDB = v;\n  }\n\n}, 5);\nlet Import;\nmodule.watch(require(\"./../api/google\"), {\n  default(v) {\n    Import = v;\n  }\n\n}, 6);\nMeteor.subscribe('RidesDB');\nconst cellEditProp = {\n  mode: 'dbclick',\n  blurToSave: true,\n  afterSaveCell: onAfterSaveCell,\n  // a hook for after saving cell\n  afterDeleteRow: onAfterDeleteRow\n};\nconst selectRowProp = {\n  mode: 'checkbox'\n};\n\nfunction onAfterSaveCell(row, cellName, cellValue) {\n  Meteor.call('RidesDB.update', {\n    _id: row._id\n  }, row);\n  console.log(row);\n}\n\nfunction onAfterDeleteRow(rowKeys) {\n  Meteor.call('RidesDB.delete', rowKeys); // alert('The rowkey you drop: ' + rowKeys);\n}\n\nfunction checkFormatter(cell, row) {\n  if (cell === true || cell === 'true') {\n    return `<i class=\"fa fa-check\" aria-hidden=\"true\"></i>`;\n  } else if (cell === false || cell === 'false') {\n    return `<i class=\"fa fa-times\" aria-hidden=\"true\"></i>`;\n  } else if (cell === undefined) {\n    return `<i class=\"fa fa-question\" aria-hidden=\"true\"></i>`;\n  }\n}\n\nfunction bestuurderFormatter(cell, row) {\n  if (cell === '' || cell === undefined) {\n    return `<a href=\"whatsapp://send?text=Nieuwe rit beschikbaar: van: ${row.van} naar: ${row.naar} datum: ${row.date} tijd: ${row.time}\" data-action=\"share/whatsapp/share\">Whatsapp</a>\n`;\n  } else {\n    return `${cell}`;\n  }\n}\n\nfunction priceFormatter(cell, row) {\n  return `&#8364; ${cell}`;\n}\n\nfunction timeFormatter(cell, row) {\n  return moment(cell).format('DD MMM YYYY HH:mm');\n}\n\nfunction bewerkFormatter(cell, row) {\n  return `<i class=\"fa fa-pencil\" aria-hidden=\"true\"></i>\n`;\n}\n\nfunction refresh() {\n  browserHistory.push('/ritten');\n}\n\n;\n\nclass Rides extends React.Component {\n  constructor(props) {\n    super(props);\n    this.state = {\n      error: ''\n    };\n    this.options = {\n      defaultSortName: 'date',\n      // default sort column name\n      defaultSortOrder: 'desc',\n      // default sort order\n      afterDeleteRow: onAfterDeleteRow\n    };\n  }\n\n  render() {\n    return React.createElement(\"div\", null, React.createElement(Menu, null), React.createElement(\"div\", {\n      className: \"container-fluid\"\n    }, React.createElement(\"div\", {\n      className: \"row\"\n    }, React.createElement(\"div\", {\n      className: \"col-md-8\"\n    }, React.createElement(\"h1\", null, \"ritten\"), this.state.error ? React.createElement(\"p\", null, this.state.error) : undefined), React.createElement(\"div\", {\n      className: \"col-md-4\"\n    }, React.createElement(Import, null), React.createElement(\"button\", {\n      className: \"btn btn-info\",\n      onClick: refresh\n    }, \"refresh\"))), React.createElement(\"div\", {\n      className: \"row\"\n    }, React.createElement(\"div\", {\n      className: \"col-md-12 \"\n    }, React.createElement(BootstrapTable, {\n      insertRow: true,\n      deleteRow: true,\n      selectRow: selectRowProp,\n      options: this.options,\n      search: true,\n      data: RidesDB.find().fetch(),\n      striped: true,\n      hover: true,\n      pagination: true,\n      cellEdit: cellEditProp\n    }, React.createElement(TableHeaderColumn, {\n      isKey: true,\n      width: \"0px\",\n      dataField: \"_id\"\n    }), React.createElement(TableHeaderColumn, {\n      width: \"200px\",\n      editable: {\n        type: 'datetime-local',\n        placeholder: `$(cell)`\n      },\n      dataSort: true,\n      dataFormat: timeFormatter,\n      dataField: \"date\"\n    }, \"Datum\"), React.createElement(TableHeaderColumn, {\n      width: \"150px\",\n      dataField: \"bestuurder\",\n      dataFormat: bestuurderFormatter\n    }, \"Bestuurder\"), React.createElement(TableHeaderColumn, {\n      width: \"150px\",\n      dataField: \"locatie\"\n    }, \"Van/naar\"), React.createElement(TableHeaderColumn, {\n      width: \"150px\",\n      dataField: \"bedrijf\",\n      dataSort: true\n    }, \"Bedrijf\"), React.createElement(TableHeaderColumn, {\n      width: \"150px\",\n      dataField: \"inzittende\"\n    }, \"Inzittende\"), React.createElement(TableHeaderColumn, {\n      width: \"100px\",\n      dataField: \"kosten\",\n      dataFormat: priceFormatter\n    }, \"Kosten\"), React.createElement(TableHeaderColumn, {\n      width: \"200px\",\n      dataField: \"kostenplaats\"\n    }, \"Kostenplaats\"), React.createElement(TableHeaderColumn, {\n      width: \"75px\",\n      dataField: \"roadshow\",\n      dataFormat: checkFormatter,\n      editable: {\n        type: 'checkbox',\n        options: {\n          values: 'true:false'\n        }\n      }\n    }, \"RS\"), React.createElement(TableHeaderColumn, {\n      width: \"75px\",\n      dataField: \"wachttijd\",\n      dataFormat: checkFormatter,\n      editable: {\n        type: 'checkbox',\n        options: {\n          values: 'true:false'\n        }\n      }\n    }, \"WT\")), React.createElement(\"p\", null, \"RS = Roadshow, WT = Wachttijd\")))));\n  }\n\n}","map":{"version":3,"sources":["imports/ui/Rides.js"],"names":["module","export","default","Rides","Meteor","watch","require","v","React","Link","browserHistory","Menu","BootstrapTable","TableHeaderColumn","RidesDB","Import","subscribe","cellEditProp","mode","blurToSave","afterSaveCell","onAfterSaveCell","afterDeleteRow","onAfterDeleteRow","selectRowProp","row","cellName","cellValue","call","_id","console","log","rowKeys","checkFormatter","cell","undefined","bestuurderFormatter","van","naar","date","time","priceFormatter","timeFormatter","moment","format","bewerkFormatter","refresh","push","Component","constructor","props","state","error","options","defaultSortName","defaultSortOrder","render","find","fetch","type","placeholder","values"],"mappings":"AAAAA,OAAOC,MAAP,CAAc;AAACC,WAAQ,MAAIC;AAAb,CAAd;AAAmC,IAAIC,MAAJ;AAAWJ,OAAOK,KAAP,CAAaC,QAAQ,eAAR,CAAb,EAAsC;AAACF,SAAOG,CAAP,EAAS;AAACH,aAAOG,CAAP;AAAS;;AAApB,CAAtC,EAA4D,CAA5D;AAA+D,IAAIC,KAAJ;AAAUR,OAAOK,KAAP,CAAaC,QAAQ,OAAR,CAAb,EAA8B;AAACJ,UAAQK,CAAR,EAAU;AAACC,YAAMD,CAAN;AAAQ;;AAApB,CAA9B,EAAoD,CAApD;AAAuD,IAAIE,IAAJ,EAASC,cAAT;AAAwBV,OAAOK,KAAP,CAAaC,QAAQ,cAAR,CAAb,EAAqC;AAACG,OAAKF,CAAL,EAAO;AAACE,WAAKF,CAAL;AAAO,GAAhB;;AAAiBG,iBAAeH,CAAf,EAAiB;AAACG,qBAAeH,CAAf;AAAiB;;AAApD,CAArC,EAA2F,CAA3F;AAA8F,IAAII,IAAJ;AAASX,OAAOK,KAAP,CAAaC,QAAQ,QAAR,CAAb,EAA+B;AAACJ,UAAQK,CAAR,EAAU;AAACI,WAAKJ,CAAL;AAAO;;AAAnB,CAA/B,EAAoD,CAApD;AAAuD,IAAIK,cAAJ,EAAmBC,iBAAnB;AAAqCb,OAAOK,KAAP,CAAaC,QAAQ,uBAAR,CAAb,EAA8C;AAACM,iBAAeL,CAAf,EAAiB;AAACK,qBAAeL,CAAf;AAAiB,GAApC;;AAAqCM,oBAAkBN,CAAlB,EAAoB;AAACM,wBAAkBN,CAAlB;AAAoB;;AAA9E,CAA9C,EAA8H,CAA9H;AAAiI,IAAIO,OAAJ;AAAYd,OAAOK,KAAP,CAAaC,QAAQ,gBAAR,CAAb,EAAuC;AAACQ,UAAQP,CAAR,EAAU;AAACO,cAAQP,CAAR;AAAU;;AAAtB,CAAvC,EAA+D,CAA/D;AAAkE,IAAIQ,MAAJ;AAAWf,OAAOK,KAAP,CAAaC,QAAQ,iBAAR,CAAb,EAAwC;AAACJ,UAAQK,CAAR,EAAU;AAACQ,aAAOR,CAAP;AAAS;;AAArB,CAAxC,EAA+D,CAA/D;AAQnmBH,OAAOY,SAAP,CAAiB,SAAjB;AAEA,MAAMC,eAAe;AACnBC,QAAM,SADa;AAEnBC,cAAY,IAFO;AAGnBC,iBAAeC,eAHI;AAGc;AACjCC,kBAAgBC;AAJG,CAArB;AAOA,MAAMC,gBAAgB;AACpBN,QAAM;AADc,CAAtB;;AAIA,SAASG,eAAT,CAAyBI,GAAzB,EAA8BC,QAA9B,EAAwCC,SAAxC,EAAmD;AACjDvB,SAAOwB,IAAP,CAAY,gBAAZ,EAA8B;AAACC,SAAKJ,IAAII;AAAV,GAA9B,EAA6CJ,GAA7C;AACAK,UAAQC,GAAR,CAAYN,GAAZ;AACD;;AAED,SAASF,gBAAT,CAA0BS,OAA1B,EAAmC;AACjC5B,SAAOwB,IAAP,CAAY,gBAAZ,EAA8BI,OAA9B,EADiC,CAEjC;AACD;;AAED,SAASC,cAAT,CAAwBC,IAAxB,EAA8BT,GAA9B,EAAmC;AAC/B,MAAGS,SAAS,IAAT,IAAgBA,SAAU,MAA7B,EAAoC;AAChC,WAAQ,gDAAR;AACH,GAFD,MAEM,IAAGA,SAAS,KAAT,IAAgBA,SAAS,OAA5B,EAAoC;AACtC,WAAQ,gDAAR;AACH,GAFK,MAEA,IAAGA,SAASC,SAAZ,EAAsB;AAC1B,WAAQ,mDAAR;AACD;AACF;;AACH,SAASC,mBAAT,CAA6BF,IAA7B,EAAmCT,GAAnC,EAAwC;AACpC,MAAGS,SAAS,EAAT,IAAcA,SAASC,SAA1B,EAAoC;AAChC,WAAQ,8DAA6DV,IAAIY,GAAI,UAASZ,IAAIa,IAAK,WAAUb,IAAIc,IAAK,UAASd,IAAIe,IAAK;CAApI;AAEH,GAHD,MAGK;AACD,WAAQ,GAAEN,IAAK,EAAf;AACH;AACF;;AACH,SAASO,cAAT,CAAwBP,IAAxB,EAA8BT,GAA9B,EAAmC;AAC/B,SAAQ,WAAUS,IAAK,EAAvB;AACD;;AACH,SAASQ,aAAT,CAAuBR,IAAvB,EAA6BT,GAA7B,EAAkC;AAChC,SAAOkB,OAAOT,IAAP,EAAaU,MAAb,CAAoB,mBAApB,CAAP;AACD;;AAED,SAASC,eAAT,CAAyBX,IAAzB,EAA+BT,GAA/B,EAAoC;AAChC,SAAQ;CAAR;AAEH;;AAED,SAASqB,OAAT,GAAkB;AAChBpC,iBAAeqC,IAAf,CAAoB,SAApB;AACD;;AAAA;;AAEc,MAAM5C,KAAN,SAAoBK,MAAMwC,SAA1B,CAAoC;AACjDC,cAAYC,KAAZ,EAAmB;AACjB,UAAMA,KAAN;AAEA,SAAKC,KAAL,GAAa;AACXC,aAAO;AADI,KAAb;AAIA,SAAKC,OAAL,GAAe;AACbC,uBAAiB,MADJ;AACa;AAC1BC,wBAAkB,MAFL;AAEc;AAC3BjC,sBAAgBC;AAHH,KAAf;AAKD;;AAMFiC,WAAS;AACL,WACC,iCACE,oBAAC,IAAD,OADF,EAEA;AAAK,iBAAU;AAAf,OACE;AAAK,iBAAU;AAAf,OACE;AAAK,iBAAU;AAAf,OACD,yCADC,EAEG,KAAKL,KAAL,CAAWC,KAAX,GAAmB,+BAAI,KAAKD,KAAL,CAAWC,KAAf,CAAnB,GAA+CjB,SAFlD,CADF,EAKE;AAAK,iBAAU;AAAf,OACE,oBAAC,MAAD,OADF,EAEE;AAAQ,iBAAU,cAAlB;AAAiC,eAASW;AAA1C,iBAFF,CALF,CADF,EAWE;AAAK,iBAAU;AAAf,OACE;AAAK,iBAAU;AAAf,OACE,oBAAC,cAAD;AAAgB,iBAAY,IAA5B;AAAmC,iBAAY,IAA/C;AAAuD,iBAAYtB,aAAnE;AAAoF,eAAU,KAAK6B,OAAnG;AAA6G,cAAS,IAAtH;AAA6H,YAAMvC,QAAQ2C,IAAR,GAAeC,KAAf,EAAnI;AAA2J,mBAA3J;AAAmK,iBAAnK;AAAyK,sBAAzK;AAAoL,gBAAWzC;AAA/L,OACD,oBAAC,iBAAD;AAAmB,iBAAnB;AAAyB,aAAM,KAA/B;AAAqC,iBAAU;AAA/C,MADC,EAEE,oBAAC,iBAAD;AAAmB,aAAM,OAAzB;AAAiC,gBAAW;AAAE0C,cAAM,gBAAR;AAA0BC,qBAAc;AAAxC,OAA5C;AAAgG,gBAAW,IAA3G;AAAkH,kBAAYlB,aAA9H;AAA6I,iBAAU;AAAvJ,eAFF,EAGE,oBAAC,iBAAD;AAAmB,aAAM,OAAzB;AAAiC,iBAAU,YAA3C;AAAwD,kBAAYN;AAApE,oBAHF,EAIE,oBAAC,iBAAD;AAAmB,aAAM,OAAzB;AAAiC,iBAAU;AAA3C,kBAJF,EAKE,oBAAC,iBAAD;AAAmB,aAAM,OAAzB;AAAiC,iBAAU,SAA3C;AAAqD,gBAAW;AAAhE,iBALF,EAME,oBAAC,iBAAD;AAAmB,aAAM,OAAzB;AAAiC,iBAAU;AAA3C,oBANF,EAOE,oBAAC,iBAAD;AAAmB,aAAM,OAAzB;AAAiC,iBAAU,QAA3C;AAAmD,kBAAYK;AAA/D,gBAPF,EAQE,oBAAC,iBAAD;AAAmB,aAAM,OAAzB;AAAiC,iBAAU;AAA3C,sBARF,EASF,oBAAC,iBAAD;AAAmB,aAAM,MAAzB;AAAgC,iBAAU,UAA1C;AAAqD,kBAAYR,cAAjE;AAAiF,gBAAW;AAAE0B,cAAM,UAAR;AAAoBN,iBAAS;AAAEQ,kBAAQ;AAAV;AAA7B;AAA5F,YATE,EAUE,oBAAC,iBAAD;AAAmB,aAAM,MAAzB;AAAgC,iBAAU,WAA1C;AAAsD,kBAAY5B,cAAlE;AAAkF,gBAAW;AAAE0B,cAAM,UAAR;AAAoBN,iBAAS;AAAEQ,kBAAQ;AAAV;AAA7B;AAA7F,YAVF,CADF,EAaE,+DAbF,CADF,CAXF,CAFA,CADD;AAkCF;;AAtDgD","sourcesContent":["import { Meteor } from 'meteor/meteor' \nimport React from 'react';\nimport { Link, browserHistory } from 'react-router';\nimport Menu from './Menu'\nimport {BootstrapTable, TableHeaderColumn} from 'react-bootstrap-table';\nimport { RidesDB } from './../api/rides'\nimport Import from './../api/google'\n\nMeteor.subscribe('RidesDB')\n\nconst cellEditProp = {\n  mode: 'dbclick',\n  blurToSave: true,\n  afterSaveCell: onAfterSaveCell,  // a hook for after saving cell\n  afterDeleteRow: onAfterDeleteRow\n}\n\nconst selectRowProp = {\n  mode: 'checkbox'\n};\n\nfunction onAfterSaveCell(row, cellName, cellValue) {\n  Meteor.call('RidesDB.update', {_id: row._id},row)\n  console.log(row)\n}\n\nfunction onAfterDeleteRow(rowKeys) {\n  Meteor.call('RidesDB.delete', rowKeys)\n  // alert('The rowkey you drop: ' + rowKeys);\n}\n\nfunction checkFormatter(cell, row) {\n    if(cell === true ||cell ===  'true'){\n        return `<i class=\"fa fa-check\" aria-hidden=\"true\"></i>`;\n    }else if(cell === false||cell === 'false'){\n        return `<i class=\"fa fa-times\" aria-hidden=\"true\"></i>`;\n    }else if(cell === undefined){\n      return `<i class=\"fa fa-question\" aria-hidden=\"true\"></i>`;\n    }\n  }\nfunction bestuurderFormatter(cell, row) {\n    if(cell === ''|| cell === undefined){\n        return `<a href=\"whatsapp://send?text=Nieuwe rit beschikbaar: van: ${row.van} naar: ${row.naar} datum: ${row.date} tijd: ${row.time}\" data-action=\"share/whatsapp/share\">Whatsapp</a>\n`;\n    }else{\n        return `${cell}`;\n    }\n  }\nfunction priceFormatter(cell, row) {\n    return `&#8364; ${cell}`;\n  }\nfunction timeFormatter(cell, row) {\n  return moment(cell).format('DD MMM YYYY HH:mm');\n}\n\nfunction bewerkFormatter(cell, row) {\n    return `<i class=\"fa fa-pencil\" aria-hidden=\"true\"></i>\n`;\n}\n\nfunction refresh(){\n  browserHistory.push('/ritten')\n};\n\nexport default class Rides extends React.Component {\n  constructor(props) {\n    super(props);\n\n    this.state = {\n      error: ''\n    };\n\n    this.options = {\n      defaultSortName: 'date',  // default sort column name\n      defaultSortOrder: 'desc',  // default sort order\n      afterDeleteRow: onAfterDeleteRow\n    };\n  }\n\n\n\n\n\n\trender() {\n    \treturn (\n      <div>\n        <Menu/>\n\t    \t<div className='container-fluid'>\n        <div className='row'>\n          <div className='col-md-8'>\n  \t    \t\t<h1>ritten</h1>\n            {this.state.error ? <p>{this.state.error}</p> : undefined}\n          </div>\n          <div className='col-md-4'>\n            <Import/>\n            <button className=\"btn btn-info\" onClick={refresh}>refresh</button>\n  \t    \t</div>\n        </div>\n        <div className='row'>\n          <div className='col-md-12 '>\n            <BootstrapTable insertRow={ true } deleteRow={ true }  selectRow={ selectRowProp }  options={ this.options } search={ true } data={RidesDB.find().fetch()} striped hover pagination cellEdit={ cellEditProp } >\n  \t\t\t      <TableHeaderColumn isKey width=\"0px\" dataField='_id'></TableHeaderColumn>\n              <TableHeaderColumn width=\"200px\" editable={ { type: 'datetime-local', placeholder: `$(cell)`} } dataSort={ true } dataFormat={timeFormatter} dataField='date'>Datum</TableHeaderColumn>\n              <TableHeaderColumn width=\"150px\" dataField='bestuurder' dataFormat={bestuurderFormatter}>Bestuurder</TableHeaderColumn>\n              <TableHeaderColumn width=\"150px\" dataField='locatie'>Van/naar</TableHeaderColumn>\n              <TableHeaderColumn width=\"150px\" dataField='bedrijf' dataSort={ true }>Bedrijf</TableHeaderColumn>\n              <TableHeaderColumn width=\"150px\" dataField='inzittende'>Inzittende</TableHeaderColumn>\n              <TableHeaderColumn width=\"100px\" dataField='kosten'dataFormat={priceFormatter}>Kosten</TableHeaderColumn>\n              <TableHeaderColumn width=\"200px\" dataField='kostenplaats'>Kostenplaats</TableHeaderColumn>\n  \t\t\t  \t  <TableHeaderColumn width=\"75px\" dataField='roadshow' dataFormat={checkFormatter} editable={ { type: 'checkbox', options: { values: 'true:false' } } } >RS</TableHeaderColumn>\n              <TableHeaderColumn width=\"75px\" dataField='wachttijd' dataFormat={checkFormatter} editable={ { type: 'checkbox', options: { values: 'true:false' } } } >WT</TableHeaderColumn>\n            </BootstrapTable>\n            <p>RS = Roadshow, WT = Wachttijd</p>\n          </div>\n          </div>\n\t    \t</div>\n      </div>\n    \t);\n  }\n}\n\n\n\n"]},"sourceType":"script","hash":"3005ab087b0957f762f8b6c5be1be8699bd96f44"}
