{"metadata":{},"options":{"plugins":[{"key":"base$1$0","visitor":{"_exploded":{},"_verified":{},"JSXNamespacedName":{"enter":[null]},"JSXElement":{"exit":[null]},"JSXFragment":{"exit":[null]},"Program":{"enter":[null],"exit":[null]},"JSXAttribute":{"enter":[null]}},"options":{"pragma":"React.createElement","pragmaFrag":"React.Fragment","throwIfNamespace":true,"useBuiltIns":false}},{"key":"base$1$1","visitor":{"_exploded":true,"_verified":true},"options":{}},{"key":"base$1$2","visitor":{"ExportDefaultDeclaration":{"enter":[null]},"CallExpression":{"enter":[null]},"_exploded":true,"_verified":true},"options":{}},{"key":"base$0$0","visitor":{"Program":{"enter":[null]},"_exploded":true,"_verified":true},"options":{"generateLetDeclarations":true,"enforceStrictMode":false}},{"key":"base$0$1","visitor":{"_exploded":true,"_verified":true},"options":{}},{"key":"base$0$2","visitor":{"_exploded":{},"_verified":{},"Program":{"enter":[null]},"ImportDeclaration":{"enter":[null,null]},"ClassProperty":{"enter":[null]},"AssignmentPattern":{"enter":[null]},"TypeCastExpression":{"enter":[null,null]},"ImportSpecifier":{"enter":[null]},"ClassDeclaration":{"enter":[null]},"ClassExpression":{"enter":[null]},"FunctionDeclaration":{"enter":[null]},"FunctionExpression":{"enter":[null]},"ObjectMethod":{"enter":[null]},"ArrowFunctionExpression":{"enter":[null]},"ClassMethod":{"enter":[null]},"AnyTypeAnnotation":{"enter":[null]},"ArrayTypeAnnotation":{"enter":[null]},"BooleanTypeAnnotation":{"enter":[null]},"BooleanLiteralTypeAnnotation":{"enter":[null]},"NullLiteralTypeAnnotation":{"enter":[null]},"ClassImplements":{"enter":[null]},"DeclareClass":{"enter":[null]},"DeclareFunction":{"enter":[null]},"DeclareInterface":{"enter":[null]},"DeclareModule":{"enter":[null]},"DeclareModuleExports":{"enter":[null]},"DeclareTypeAlias":{"enter":[null]},"DeclareOpaqueType":{"enter":[null]},"DeclareVariable":{"enter":[null]},"DeclareExportDeclaration":{"enter":[null]},"DeclareExportAllDeclaration":{"enter":[null]},"DeclaredPredicate":{"enter":[null]},"ExistsTypeAnnotation":{"enter":[null]},"FunctionTypeAnnotation":{"enter":[null]},"FunctionTypeParam":{"enter":[null]},"GenericTypeAnnotation":{"enter":[null]},"InferredPredicate":{"enter":[null]},"InterfaceExtends":{"enter":[null]},"InterfaceDeclaration":{"enter":[null]},"IntersectionTypeAnnotation":{"enter":[null]},"MixedTypeAnnotation":{"enter":[null]},"EmptyTypeAnnotation":{"enter":[null]},"NullableTypeAnnotation":{"enter":[null]},"NumberLiteralTypeAnnotation":{"enter":[null]},"NumberTypeAnnotation":{"enter":[null]},"ObjectTypeAnnotation":{"enter":[null]},"ObjectTypeCallProperty":{"enter":[null]},"ObjectTypeIndexer":{"enter":[null]},"ObjectTypeProperty":{"enter":[null]},"ObjectTypeSpreadProperty":{"enter":[null]},"OpaqueType":{"enter":[null]},"QualifiedTypeIdentifier":{"enter":[null]},"StringLiteralTypeAnnotation":{"enter":[null]},"StringTypeAnnotation":{"enter":[null]},"ThisTypeAnnotation":{"enter":[null]},"TupleTypeAnnotation":{"enter":[null]},"TypeofTypeAnnotation":{"enter":[null]},"TypeAlias":{"enter":[null]},"TypeAnnotation":{"enter":[null]},"TypeParameter":{"enter":[null]},"TypeParameterDeclaration":{"enter":[null]},"TypeParameterInstantiation":{"enter":[null]},"UnionTypeAnnotation":{"enter":[null]},"Variance":{"enter":[null]},"VoidTypeAnnotation":{"enter":[null]},"ExportAllDeclaration":{"enter":[null]},"ExportDefaultDeclaration":{"enter":[null]},"ExportNamedDeclaration":{"enter":[null]}},"options":{}},{"key":"base$0$3","visitor":{"CallExpression":{"enter":[null]},"BinaryExpression":{"enter":[null]},"MemberExpression":{"enter":[null],"exit":[null]},"_exploded":true,"_verified":true,"Identifier":{"enter":[null]},"JSXIdentifier":{"enter":[null]}},"options":{"polyfill":false,"useBuiltIns":true}},{"key":"base$0$4","visitor":{"_exploded":true,"_verified":true},"options":{}},{"key":"base$0$5","visitor":{"_exploded":{},"_verified":{},"VariableDeclarator":{"enter":[null]},"ExportNamedDeclaration":{"enter":[null]},"CatchClause":{"enter":[null]},"AssignmentExpression":{"enter":[null]},"ObjectExpression":{"enter":[null]},"FunctionDeclaration":{"enter":[null]},"FunctionExpression":{"enter":[null]},"ObjectMethod":{"enter":[null]},"ArrowFunctionExpression":{"enter":[null]},"ClassMethod":{"enter":[null]},"ForInStatement":{"enter":[null]},"ForOfStatement":{"enter":[null]}},"options":{}},{"key":"transform-meteor-async-await","visitor":{"AwaitExpression":{"enter":[null]},"_exploded":true,"_verified":true,"FunctionDeclaration":{"exit":[null]},"FunctionExpression":{"exit":[null]},"ObjectMethod":{"exit":[null]},"ArrowFunctionExpression":{"exit":[null]},"ClassMethod":{"exit":[null]}},"options":{"useNativeAsyncAwait":false}},{"key":"transform-meteor-dynamic-import","visitor":{"_exploded":{},"_verified":{},"CallExpression":{"enter":[null]}},"options":{}},{"key":"base$0$8","visitor":{"_exploded":{},"_verified":{},"Program":{"enter":[null]}},"options":{}},{"key":"base$0$9","visitor":{"Program":{"exit":[null]},"_exploded":true,"_verified":true},"options":{"allowTopLevelThis":true,"strictMode":false,"loose":true}},{"key":"base$0$10","visitor":{"_exploded":{},"_verified":{},"ClassDeclaration":{"enter":[null]},"ClassExpression":{"enter":[null]}},"options":{"loose":true}}],"compact":false,"ast":true,"babelrc":false,"sourceFileName":"imports/api/rides.js","filename":"imports/api/rides.js","sourceMaps":true,"envName":"development","cwd":"/Users/linjoe/MEGA/7code/web/taxiapp","passPerPreset":false,"presets":[],"parserOpts":{"sourceType":"module","sourceFileName":"imports/api/rides.js","plugins":["jsx","jsx","flow","flow","objectRestSpread","objectRestSpread","dynamicImport","asyncGenerators","classProperties"]},"generatorOpts":{"filename":"imports/api/rides.js","comments":true,"compact":false,"sourceMaps":true,"sourceFileName":"imports/api/rides.js"}},"code":"module.export({\n  RidesDB: () => RidesDB\n});\nlet Mongo;\nmodule.watch(require(\"meteor/mongo\"), {\n  Mongo(v) {\n    Mongo = v;\n  }\n\n}, 0);\nlet Meteor;\nmodule.watch(require(\"meteor/meteor\"), {\n  Meteor(v) {\n    Meteor = v;\n  }\n\n}, 1);\nlet CalendarAPI;\nmodule.watch(require(\"node-google-calendar\"), {\n  default(v) {\n    CalendarAPI = v;\n  }\n\n}, 2);\nlet moment;\nmodule.watch(require(\"moment\"), {\n  default(v) {\n    moment = v;\n  }\n\n}, 3);\n\nconst CONFIG = require('./google/Settings');\n\nlet cal = new CalendarAPI(CONFIG);\nconst RidesDB = new Mongo.Collection('rides');\n\nif (Meteor.isServer) {\n  Meteor.publish('RidesDB', function () {\n    if (!!this.userId) {\n      return RidesDB.find();\n    }\n  });\n}\n\n;\nMeteor.methods({\n  'RidesDB.delete'(ID) {\n    if (!this.userId) {\n      throw new Meteor.error('not autherized');\n    } else {\n      RidesDB.remove({\n        _id: ID[0]\n      });\n    }\n  },\n\n  'RidesDB.update'(rideId, row) {\n    if (!this.userId) {\n      throw new Meteor.error('not autherized');\n    } else {\n      RidesDB.update(rideId, row);\n    }\n  },\n\n  'RidesDB.insert'(newRide) {\n    if (!this.userId) {\n      throw new Meteor.error('not autherized');\n    } else {\n      RidesDB.insert(newRide);\n    }\n  },\n\n  googleSync() {\n    if (Meteor.isServer) {\n      let params = {// timeMin: '2017-05-20T06:00:00+08:00',\n        // timeMax: '2017-05-25T22:00:00+08:00',\n        // q: 'query term',\n        // singleEvents: true,\n        // orderBy: 'startTime'\n      }; //Optional query parameters referencing google APIs\n\n      let calendarId = 'it90dqq43q3ratq248t4eqhrd0@group.calendar.google.com';\n      getCal = Meteor.bindEnvironment(function (json) {}, function (e) {\n        throw e;\n      });\n      cal.Events.list(calendarId, params).then(Meteor.bindEnvironment(function (json) {\n        for (var i = json.length - 1; i >= 0; i--) {\n          // console.log(json[i])\n          var date = moment(json[i].start.dateTime).format();\n          console.log(!!!RidesDB.find({\n            calId: json[i].id\n          }).count());\n\n          if (!!!RidesDB.find({\n            calId: json[i].id\n          }).count()) {\n            RidesDB.insert({\n              calId: json[i].id,\n              date: date,\n              locatie: json[i].location,\n              bedrijf: json[i].summary\n            });\n          } else {\n            console.log('date updatedid: ' + RidesDB.find({\n              calId: json[i].id\n            })._Id); // RidesDB.update(RidesDB.find({calId: json[i].id}._id),{\n            // calId : json[i].id,\n            // date: date,\n            // locatie: json[i].location,\n            // bedrijf: json[i].summary\n            // })\n          }\n        }\n\n        ;\n        return json;\n      }, function (e) {\n        throw e;\n      }));\n    }\n  }\n\n});","map":{"version":3,"sources":["imports/api/rides.js"],"names":["module","export","RidesDB","Mongo","watch","require","v","Meteor","CalendarAPI","default","moment","CONFIG","cal","Collection","isServer","publish","userId","find","methods","ID","error","remove","_id","rideId","row","update","newRide","insert","googleSync","params","calendarId","getCal","bindEnvironment","json","e","Events","list","then","i","length","date","start","dateTime","format","console","log","calId","id","count","locatie","location","bedrijf","summary","_Id"],"mappings":"AAAAA,OAAOC,MAAP,CAAc;AAACC,WAAQ,MAAIA;AAAb,CAAd;AAAqC,IAAIC,KAAJ;AAAUH,OAAOI,KAAP,CAAaC,QAAQ,cAAR,CAAb,EAAqC;AAACF,QAAMG,CAAN,EAAQ;AAACH,YAAMG,CAAN;AAAQ;;AAAlB,CAArC,EAAyD,CAAzD;AAA4D,IAAIC,MAAJ;AAAWP,OAAOI,KAAP,CAAaC,QAAQ,eAAR,CAAb,EAAsC;AAACE,SAAOD,CAAP,EAAS;AAACC,aAAOD,CAAP;AAAS;;AAApB,CAAtC,EAA4D,CAA5D;AAA+D,IAAIE,WAAJ;AAAgBR,OAAOI,KAAP,CAAaC,QAAQ,sBAAR,CAAb,EAA6C;AAACI,UAAQH,CAAR,EAAU;AAACE,kBAAYF,CAAZ;AAAc;;AAA1B,CAA7C,EAAyE,CAAzE;AAA4E,IAAII,MAAJ;AAAWV,OAAOI,KAAP,CAAaC,QAAQ,QAAR,CAAb,EAA+B;AAACI,UAAQH,CAAR,EAAU;AAACI,aAAOJ,CAAP;AAAS;;AAArB,CAA/B,EAAsD,CAAtD;;AAI5R,MAAMK,SAASN,QAAQ,mBAAR,CAAf;;AAEA,IAAIO,MAAM,IAAIJ,WAAJ,CAAgBG,MAAhB,CAAV;AAGO,MAAMT,UAAU,IAAIC,MAAMU,UAAV,CAAqB,OAArB,CAAhB;;AAEP,IAAIN,OAAOO,QAAX,EAAqB;AACpBP,SAAOQ,OAAP,CAAe,SAAf,EAA0B,YAAW;AACpC,QAAI,CAAC,CAAC,KAAKC,MAAX,EAAmB;AAClB,aAAOd,QAAQe,IAAR,EAAP;AACA;AACD,GAJD;AAKA;;AAAA;AAEDV,OAAOW,OAAP,CAAe;AACZ,mBAAkBC,EAAlB,EAAsB;AACrB,QAAI,CAAC,KAAKH,MAAV,EAAkB;AACjB,YAAM,IAAIT,OAAOa,KAAX,CAAiB,gBAAjB,CAAN;AACA,KAFD,MAEO;AACNlB,cAAQmB,MAAR,CAAe;AAACC,aAAKH,GAAG,CAAH;AAAN,OAAf;AACA;AAED,GARW;;AAQV,mBAAkBI,MAAlB,EAAyBC,GAAzB,EAA8B;AAC/B,QAAI,CAAC,KAAKR,MAAV,EAAkB;AACjB,YAAM,IAAIT,OAAOa,KAAX,CAAiB,gBAAjB,CAAN;AACA,KAFD,MAEO;AACNlB,cAAQuB,MAAR,CAAeF,MAAf,EAAsBC,GAAtB;AACA;AAED,GAfW;;AAeV,mBAAkBE,OAAlB,EAA2B;AAC5B,QAAI,CAAC,KAAKV,MAAV,EAAkB;AACjB,YAAM,IAAIT,OAAOa,KAAX,CAAiB,gBAAjB,CAAN;AACA,KAFD,MAEO;AACNlB,cAAQyB,MAAR,CAAeD,OAAf;AACA;AAED,GAtBW;;AAuBZE,eAAa;AACZ,QAAIrB,OAAOO,QAAX,EAAqB;AACpB,UAAIe,SAAS,CACZ;AACA;AACA;AACA;AACA;AALY,OAAb,CADoB,CAOjB;;AACH,UAAIC,aAAa,sDAAjB;AAEAC,eAASxB,OAAOyB,eAAP,CAAuB,UAASC,IAAT,EAAe,CAE9C,CAFQ,EAEN,UAASC,CAAT,EAAY;AACd,cAAMA,CAAN;AACA,OAJQ,CAAT;AAMAtB,UAAIuB,MAAJ,CAAWC,IAAX,CAAgBN,UAAhB,EAA4BD,MAA5B,EACEQ,IADF,CACO9B,OAAOyB,eAAP,CAAuB,UAASC,IAAT,EAAe;AAC1C,aAAK,IAAIK,IAAIL,KAAKM,MAAL,GAAc,CAA3B,EAA8BD,KAAK,CAAnC,EAAsCA,GAAtC,EAA2C;AAC1C;AACA,cAAIE,OAAO9B,OAAOuB,KAAKK,CAAL,EAAQG,KAAR,CAAcC,QAArB,EAA+BC,MAA/B,EAAX;AACAC,kBAAQC,GAAR,CAAY,CAAC,CAAC,CAAC3C,QAAQe,IAAR,CAAa;AAAC6B,mBAAOb,KAAKK,CAAL,EAAQS;AAAhB,WAAb,EAAkCC,KAAlC,EAAf;;AACA,cAAG,CAAC,CAAC,CAAC9C,QAAQe,IAAR,CAAa;AAAC6B,mBAAOb,KAAKK,CAAL,EAAQS;AAAhB,WAAb,EAAkCC,KAAlC,EAAN,EAAiD;AAChD9C,oBAAQyB,MAAR,CAAe;AACfmB,qBAAQb,KAAKK,CAAL,EAAQS,EADD;AAEfP,oBAAMA,IAFS;AAGfS,uBAAShB,KAAKK,CAAL,EAAQY,QAHF;AAIfC,uBAASlB,KAAKK,CAAL,EAAQc;AAJF,aAAf;AAMA,WAPD,MAOO;AACNR,oBAAQC,GAAR,CAAY,qBAAmB3C,QAAQe,IAAR,CAAa;AAAC6B,qBAAOb,KAAKK,CAAL,EAAQS;AAAhB,aAAb,EAAkCM,GAAjE,EADM,CAEN;AACA;AACA;AACA;AACA;AACA;AACA;AAED;;AAAA;AACD,eAAOpB,IAAP;AAEA,OAzBI,EAyBF,UAASC,CAAT,EAAY;AACd,cAAMA,CAAN;AACA,OA3BI,CADP;AA6BE;AACF;;AAtEU,CAAf","sourcesContent":["import {Mongo} from 'meteor/mongo'\nimport {Meteor} from 'meteor/meteor'\nimport CalendarAPI from 'node-google-calendar'\nimport moment from 'moment'\nconst CONFIG = require('./google/Settings');\n\nlet cal = new CalendarAPI(CONFIG);\n\n\nexport const RidesDB = new Mongo.Collection('rides')\n\nif (Meteor.isServer) {\n\tMeteor.publish('RidesDB', function() {\n\t\tif (!!this.userId) {\n\t\t\treturn RidesDB.find();\n\t\t}\n\t})\n};\n\nMeteor.methods({\n\t\t\t'RidesDB.delete' (ID) {\n\t\t\t\tif (!this.userId) {\n\t\t\t\t\tthrow new Meteor.error('not autherized')\n\t\t\t\t} else {\n\t\t\t\t\tRidesDB.remove({_id: ID[0]})\n\t\t\t\t}\n\n\t\t\t},'RidesDB.update' (rideId,row) {\n\t\t\t\tif (!this.userId) {\n\t\t\t\t\tthrow new Meteor.error('not autherized')\n\t\t\t\t} else {\n\t\t\t\t\tRidesDB.update(rideId,row)\n\t\t\t\t}\n\n\t\t\t},'RidesDB.insert' (newRide) {\n\t\t\t\tif (!this.userId) {\n\t\t\t\t\tthrow new Meteor.error('not autherized')\n\t\t\t\t} else {\n\t\t\t\t\tRidesDB.insert(newRide)\n\t\t\t\t}\n\n\t\t\t},\n\t\t\tgoogleSync() {\n\t\t\t\tif (Meteor.isServer) {\n\t\t\t\t\tlet params = {\n\t\t\t\t\t\t// timeMin: '2017-05-20T06:00:00+08:00',\n\t\t\t\t\t\t// timeMax: '2017-05-25T22:00:00+08:00',\n\t\t\t\t\t\t// q: 'query term',\n\t\t\t\t\t\t// singleEvents: true,\n\t\t\t\t\t\t// orderBy: 'startTime'\n\t\t\t\t\t}; //Optional query parameters referencing google APIs\n\t\t\t\t\tlet calendarId = 'it90dqq43q3ratq248t4eqhrd0@group.calendar.google.com'\n\n\t\t\t\t\tgetCal = Meteor.bindEnvironment(function(json) {\n\n\t\t\t\t\t}, function(e) {\n\t\t\t\t\t\tthrow e\n\t\t\t\t\t})\n\n\t\t\t\t\tcal.Events.list(calendarId, params)\n\t\t\t\t\t\t.then(Meteor.bindEnvironment(function(json) {\n\t\t\t\t\t\t\t\tfor (var i = json.length - 1; i >= 0; i--) {\n\t\t\t\t\t\t\t\t\t// console.log(json[i])\n\t\t\t\t\t\t\t\t\tvar date = moment(json[i].start.dateTime).format()\n\t\t\t\t\t\t\t\t\tconsole.log(!!!RidesDB.find({calId: json[i].id}).count())\n\t\t\t\t\t\t\t\t\tif(!!!RidesDB.find({calId: json[i].id}).count()) {\n\t\t\t\t\t\t\t\t\t\tRidesDB.insert({\n\t\t\t\t\t\t\t\t\t\tcalId : json[i].id,\n\t\t\t\t\t\t\t\t\t\tdate: date,\n\t\t\t\t\t\t\t\t\t\tlocatie: json[i].location,\n\t\t\t\t\t\t\t\t\t\tbedrijf: json[i].summary\n\t\t\t\t\t\t\t\t\t\t})\n\t\t\t\t\t\t\t\t\t} else {\n\t\t\t\t\t\t\t\t\t\tconsole.log('date updatedid: '+RidesDB.find({calId: json[i].id})._Id)\n\t\t\t\t\t\t\t\t\t\t// RidesDB.update(RidesDB.find({calId: json[i].id}._id),{\n\t\t\t\t\t\t\t\t\t\t// calId : json[i].id,\n\t\t\t\t\t\t\t\t\t\t// date: date,\n\t\t\t\t\t\t\t\t\t\t// locatie: json[i].location,\n\t\t\t\t\t\t\t\t\t\t// bedrijf: json[i].summary\n\t\t\t\t\t\t\t\t\t\t// })\n\t\t\t\t\t\t\t\t\t}\n\t\t\t\t\t\t\t\t\t\n\t\t\t\t\t\t\t\t};\n\t\t\t\t\t\t\t\treturn json\n\n\t\t\t\t\t\t\t}, function(e) {\n\t\t\t\t\t\t\t\tthrow e\n\t\t\t\t\t\t\t}))\n\t\t\t\t\t\t}\n\t\t\t\t}\n\t\t\t})"]},"sourceType":"script","hash":"3074e0795f5edc867f988f0c54c6caeda6f643ec"}
