{"metadata":{},"options":{"plugins":[{"key":"base$0$0","visitor":{"Program":{"enter":[null]},"_exploded":true,"_verified":true},"options":{"generateLetDeclarations":true,"enforceStrictMode":false}},{"key":"transform-meteor-dynamic-import","visitor":{"_exploded":{},"_verified":{},"CallExpression":{"enter":[null]}},"options":{}},{"key":"base$0$2","visitor":{"CallExpression":{"enter":[null]},"BinaryExpression":{"enter":[null]},"MemberExpression":{"enter":[null],"exit":[null]},"_exploded":true,"_verified":true,"Identifier":{"enter":[null]},"JSXIdentifier":{"enter":[null]}},"options":{"polyfill":false,"useBuiltIns":false}},{"key":"base$0$3","visitor":{"_exploded":{},"_verified":{},"ClassDeclaration":{"enter":[null]},"ClassExpression":{"enter":[null]}},"options":{"loose":true}},{"key":"base$0$4","visitor":{"FunctionExpression":{"exit":[null]},"_exploded":true,"_verified":true},"options":{}},{"key":"base$0$5","visitor":{"ForInStatement":{"enter":[null]},"_exploded":true,"_verified":true},"options":{}},{"key":"base$0$6","visitor":{"Program":{"exit":[null]},"_exploded":true,"_verified":true},"options":{"allowTopLevelThis":true,"strictMode":false,"loose":true}},{"key":"base$0$1$0","visitor":{"_exploded":{},"_verified":{},"JSXNamespacedName":{"enter":[null]},"JSXElement":{"exit":[null]},"JSXFragment":{"exit":[null]},"Program":{"enter":[null],"exit":[null]},"JSXAttribute":{"enter":[null]}},"options":{"pragma":"React.createElement","pragmaFrag":"React.Fragment","throwIfNamespace":true,"useBuiltIns":false}},{"key":"base$0$1$1","visitor":{"_exploded":true,"_verified":true},"options":{}},{"key":"base$0$1$2","visitor":{"ExportDefaultDeclaration":{"enter":[null]},"CallExpression":{"enter":[null]},"_exploded":true,"_verified":true},"options":{}},{"key":"base$0$0$0","visitor":{"_exploded":true,"_verified":true},"options":{}},{"key":"base$0$0$1","visitor":{"_exploded":true,"_verified":true},"options":{}},{"key":"base$0$0$2","visitor":{"ArrowFunctionExpression":{"enter":[null]},"_exploded":true,"_verified":true},"options":{}},{"key":"base$0$0$3","visitor":{"BlockStatement":{"enter":[null]},"SwitchCase":{"enter":[null]},"_exploded":true,"_verified":true},"options":{}},{"key":"base$0$0$4","visitor":{"VariableDeclaration":{"enter":[null]},"CatchClause":{"enter":[null]},"_exploded":true,"BlockStatement":{"enter":[null]},"SwitchStatement":{"enter":[null]},"Program":{"enter":[null]},"_verified":true,"DoWhileStatement":{"enter":[null]},"ForInStatement":{"enter":[null]},"ForStatement":{"enter":[null]},"WhileStatement":{"enter":[null]},"ForOfStatement":{"enter":[null]}},"options":{}},{"key":"base$0$0$5","visitor":{"ExportDefaultDeclaration":{"enter":[null]},"ClassDeclaration":{"enter":[null]},"ClassExpression":{"enter":[null]},"_exploded":true,"_verified":true},"options":{"loose":true}},{"key":"base$0$0$6","visitor":{"ObjectExpression":{"exit":[null]},"_exploded":true,"_verified":true},"options":{"loose":true}},{"key":"base$0$0$7","visitor":{"ExportNamedDeclaration":{"enter":[null]},"CatchClause":{"enter":[null]},"AssignmentExpression":{"enter":[null]},"VariableDeclaration":{"enter":[null]},"_exploded":true,"_verified":true,"ForInStatement":{"enter":[null]},"ForOfStatement":{"enter":[null]}},"options":{}},{"key":"base$0$0$8","visitor":{"ForOfStatement":{"enter":[null]},"_exploded":true,"_verified":true},"options":{"loose":true}},{"key":"base$0$0$9","visitor":{"NumericLiteral":{"enter":[null]},"StringLiteral":{"enter":[null]},"_exploded":true,"_verified":true},"options":{}},{"key":"base$0$0$10","visitor":{"ObjectExpression":{"enter":[null]},"_exploded":true,"_verified":true},"options":{}},{"key":"base$0$0$11","visitor":{"_exploded":true,"_verified":true,"FunctionDeclaration":{"enter":[null]},"FunctionExpression":{"enter":[null]},"ObjectMethod":{"enter":[null]},"ArrowFunctionExpression":{"enter":[null]},"ClassMethod":{"enter":[null]}},"options":{}},{"key":"base$0$0$12","visitor":{"ObjectMethod":{"enter":[null]},"ObjectProperty":{"enter":[null]},"_exploded":true,"_verified":true},"options":{}},{"key":"base$0$0$13","visitor":{"ArrayExpression":{"enter":[null]},"CallExpression":{"enter":[null]},"NewExpression":{"enter":[null]},"_exploded":true,"_verified":true},"options":{}},{"key":"base$0$0$14","visitor":{"RegExpLiteral":{"enter":[null]},"_exploded":true,"_verified":true},"options":{}},{"key":"base$0$0$15","visitor":{"TaggedTemplateExpression":{"enter":[null]},"TemplateLiteral":{"enter":[null]},"_exploded":true,"_verified":true},"options":{"loose":true}},{"key":"base$0$0$16","visitor":{"UnaryExpression":{"enter":[null]},"_exploded":true,"_verified":true,"BlockStatement":{"enter":[null]},"CatchClause":{"enter":[null]},"DoWhileStatement":{"enter":[null]},"ForInStatement":{"enter":[null]},"ForStatement":{"enter":[null]},"FunctionDeclaration":{"enter":[null]},"FunctionExpression":{"enter":[null]},"Program":{"enter":[null]},"ObjectMethod":{"enter":[null]},"SwitchStatement":{"enter":[null]},"WhileStatement":{"enter":[null]},"ArrowFunctionExpression":{"enter":[null]},"ClassDeclaration":{"enter":[null]},"ClassExpression":{"enter":[null]},"ForOfStatement":{"enter":[null]},"ClassMethod":{"enter":[null]}},"options":{}},{"key":"base$0$0$17","visitor":{"RegExpLiteral":{"enter":[null]},"_exploded":true,"_verified":true},"options":{}},{"key":"base$0$0$18","visitor":{"_exploded":true,"_verified":true},"options":{}},{"key":"base$0$0$19","visitor":{"_exploded":{},"_verified":{},"VariableDeclarator":{"enter":[null]},"ExportNamedDeclaration":{"enter":[null]},"CatchClause":{"enter":[null]},"AssignmentExpression":{"enter":[null]},"ObjectExpression":{"enter":[null]},"FunctionDeclaration":{"enter":[null]},"FunctionExpression":{"enter":[null]},"ObjectMethod":{"enter":[null]},"ArrowFunctionExpression":{"enter":[null]},"ClassMethod":{"enter":[null]},"ForInStatement":{"enter":[null]},"ForOfStatement":{"enter":[null]}},"options":{}},{"key":"base$0$0$20","visitor":{"ObjectProperty":{"exit":[null]},"_exploded":true,"_verified":true},"options":{}},{"key":"base$0$0$21","visitor":{"_exploded":{},"_verified":{},"Program":{"enter":[null]},"ImportDeclaration":{"enter":[null,null]},"ClassProperty":{"enter":[null]},"AssignmentPattern":{"enter":[null]},"TypeCastExpression":{"enter":[null,null]},"ImportSpecifier":{"enter":[null]},"ClassDeclaration":{"enter":[null]},"ClassExpression":{"enter":[null]},"FunctionDeclaration":{"enter":[null]},"FunctionExpression":{"enter":[null]},"ObjectMethod":{"enter":[null]},"ArrowFunctionExpression":{"enter":[null]},"ClassMethod":{"enter":[null]},"AnyTypeAnnotation":{"enter":[null]},"ArrayTypeAnnotation":{"enter":[null]},"BooleanTypeAnnotation":{"enter":[null]},"BooleanLiteralTypeAnnotation":{"enter":[null]},"NullLiteralTypeAnnotation":{"enter":[null]},"ClassImplements":{"enter":[null]},"DeclareClass":{"enter":[null]},"DeclareFunction":{"enter":[null]},"DeclareInterface":{"enter":[null]},"DeclareModule":{"enter":[null]},"DeclareModuleExports":{"enter":[null]},"DeclareTypeAlias":{"enter":[null]},"DeclareOpaqueType":{"enter":[null]},"DeclareVariable":{"enter":[null]},"DeclareExportDeclaration":{"enter":[null]},"DeclareExportAllDeclaration":{"enter":[null]},"DeclaredPredicate":{"enter":[null]},"ExistsTypeAnnotation":{"enter":[null]},"FunctionTypeAnnotation":{"enter":[null]},"FunctionTypeParam":{"enter":[null]},"GenericTypeAnnotation":{"enter":[null]},"InferredPredicate":{"enter":[null]},"InterfaceExtends":{"enter":[null]},"InterfaceDeclaration":{"enter":[null]},"IntersectionTypeAnnotation":{"enter":[null]},"MixedTypeAnnotation":{"enter":[null]},"EmptyTypeAnnotation":{"enter":[null]},"NullableTypeAnnotation":{"enter":[null]},"NumberLiteralTypeAnnotation":{"enter":[null]},"NumberTypeAnnotation":{"enter":[null]},"ObjectTypeAnnotation":{"enter":[null]},"ObjectTypeCallProperty":{"enter":[null]},"ObjectTypeIndexer":{"enter":[null]},"ObjectTypeProperty":{"enter":[null]},"ObjectTypeSpreadProperty":{"enter":[null]},"OpaqueType":{"enter":[null]},"QualifiedTypeIdentifier":{"enter":[null]},"StringLiteralTypeAnnotation":{"enter":[null]},"StringTypeAnnotation":{"enter":[null]},"ThisTypeAnnotation":{"enter":[null]},"TupleTypeAnnotation":{"enter":[null]},"TypeofTypeAnnotation":{"enter":[null]},"TypeAlias":{"enter":[null]},"TypeAnnotation":{"enter":[null]},"TypeParameter":{"enter":[null]},"TypeParameterDeclaration":{"enter":[null]},"TypeParameterInstantiation":{"enter":[null]},"UnionTypeAnnotation":{"enter":[null]},"Variance":{"enter":[null]},"VoidTypeAnnotation":{"enter":[null]},"ExportAllDeclaration":{"enter":[null]},"ExportDefaultDeclaration":{"enter":[null]},"ExportNamedDeclaration":{"enter":[null]}},"options":{}},{"key":"base$0$0$22","visitor":{"AssignmentExpression":{"enter":[null]},"BinaryExpression":{"enter":[null]},"_exploded":true,"_verified":true},"options":{}},{"key":"base$0$0$23","visitor":{"_exploded":{},"_verified":{},"Program":{"enter":[null]}},"options":{}},{"key":"regenerator-transform","visitor":{"_exploded":true,"_verified":true,"FunctionDeclaration":{"exit":[null]},"FunctionExpression":{"exit":[null]},"ObjectMethod":{"exit":[null]},"ArrowFunctionExpression":{"exit":[null]},"ClassMethod":{"exit":[null]}},"options":{}}],"presets":[],"compact":false,"ast":true,"babelrc":false,"sourceFileName":"imports/ui/Input.js","filename":"imports/ui/Input.js","sourceMaps":true,"envName":"development","cwd":"/Users/linjoe/MEGA/7code/web/taxiapp/client/compatibility","passPerPreset":false,"parserOpts":{"sourceType":"module","sourceFileName":"imports/ui/Input.js","plugins":["dynamicImport","classProperties","jsx","jsx","flow","asyncGenerators","objectRestSpread","objectRestSpread","flow","asyncGenerators"]},"generatorOpts":{"filename":"imports/ui/Input.js","comments":true,"compact":false,"sourceMaps":true,"sourceFileName":"imports/ui/Input.js"}},"code":"var _interopRequireDefault = require(\"@babel/runtime/helpers/interopRequireDefault\");\n\nvar _inheritsLoose2 = _interopRequireDefault(require(\"@babel/runtime/helpers/inheritsLoose\"));\n\nvar _assertThisInitialized2 = _interopRequireDefault(require(\"@babel/runtime/helpers/assertThisInitialized\"));\n\nmodule.export({\n  \"default\": function () {\n    return Input;\n  }\n});\nvar React;\nmodule.watch(require(\"react\"), {\n  \"default\": function (v) {\n    React = v;\n  }\n}, 0);\nvar Meteor;\nmodule.watch(require(\"meteor/meteor\"), {\n  Meteor: function (v) {\n    Meteor = v;\n  }\n}, 1);\nvar Link, browserHistory;\nmodule.watch(require(\"react-router\"), {\n  Link: function (v) {\n    Link = v;\n  },\n  browserHistory: function (v) {\n    browserHistory = v;\n  }\n}, 2);\nvar Menu;\nmodule.watch(require(\"./Menu\"), {\n  \"default\": function (v) {\n    Menu = v;\n  }\n}, 3);\nvar DatePicker;\nmodule.watch(require(\"react-datepicker\"), {\n  \"default\": function (v) {\n    DatePicker = v;\n  }\n}, 4);\nvar moment;\nmodule.watch(require(\"moment\"), {\n  \"default\": function (v) {\n    moment = v;\n  }\n}, 5);\nvar RidesDB;\nmodule.watch(require(\"./../api/rides\"), {\n  RidesDB: function (v) {\n    RidesDB = v;\n  }\n}, 6);\nmodule.watch(require(\"react-datepicker/dist/react-datepicker.css\"));\nmodule.watch(require(\"react-datepicker/dist/react-datepicker-cssmodules.css\"));\nvar TimePicker;\nmodule.watch(require(\"react-bootstrap-time-picker\"), {\n  \"default\": function (v) {\n    TimePicker = v;\n  }\n}, 7);\n\nvar Input =\n/*#__PURE__*/\nfunction (_React$Component) {\n  (0, _inheritsLoose2.default)(Input, _React$Component);\n\n  function Input(props) {\n    var _this;\n\n    _this = _React$Component.call(this, props) || this;\n    _this.state = {\n      startDate: moment(),\n      error: ''\n    };\n    _this.handleChange = _this.handleChange.bind((0, _assertThisInitialized2.default)(_this));\n    return _this;\n  }\n\n  var _proto = Input.prototype;\n\n  _proto.handleChange = function () {\n    function handleChange(date) {\n      this.setState({\n        startDate: date\n      });\n    }\n\n    return handleChange;\n  }();\n\n  _proto.onSubmit = function () {\n    function onSubmit(e) {\n      e.preventDefault();\n      var date = this.state.startDate._d;\n      var time = this.refs.time.value;\n      var bestuurder = this.refs.bestuurder.value.trim();\n      var locatie = this.refs.locatie.value.trim();\n      var bedrijf = this.refs.bedrijf.value.trim();\n      var inzittende = this.refs.inzittende.value.trim();\n      var kosten = this.refs.kosten.value.trim();\n      var kostenplaats = this.refs.kostenplaats.value.trim();\n      var roadshow = this.refs.roadshow.checked;\n      var wachttijd = this.refs.wachttijd.checked;\n      var agendapunt = {\n        date: date,\n        time: time,\n        bestuurder: bestuurder,\n        locatie: locatie,\n        naar: naar,\n        bedrijf: bedrijf,\n        inzittende: inzittende,\n        kosten: kosten,\n        kostenplaats: kostenplaats,\n        roadshow: roadshow,\n        wachttijd: wachttijd // console.log(agendapunt)\n\n      };\n      Meteor.call('RidesDB.insert', agendapunt); // RidesDB.insert(agendapunt)\n\n      browserHistory.push('/ritten');\n    }\n\n    return onSubmit;\n  }();\n\n  _proto.render = function () {\n    function render() {\n      return React.createElement(\"div\", null, React.createElement(Menu, null), React.createElement(\"div\", {\n        className: \"container\"\n      }, React.createElement(\"div\", {\n        className: \"row\"\n      }, React.createElement(\"div\", {\n        className: \"col-md-6 col-md-offset-3\"\n      }, this.state.error ? React.createElement(\"p\", null, this.state.error) : undefined, React.createElement(\"form\", {\n        onSubmit: this.onSubmit.bind(this),\n        noValidate: true\n      }, React.createElement(\"label\", null, \"Datum/tijd\"), React.createElement(\"div\", {\n        className: \"form-group\"\n      }, React.createElement(\"input\", {\n        type: \"datetime-local\",\n        type: \"time\",\n        ref: \"time\"\n      })), React.createElement(\"div\", {\n        className: \"form-group\"\n      }, React.createElement(\"label\", null, \"Bestuurder\"), React.createElement(\"input\", {\n        className: \"form-control\",\n        type: \"string\",\n        ref: \"bestuurder\",\n        name: \"bestuurder\",\n        placeholder: \"Bestuurder\"\n      })), React.createElement(\"div\", {\n        className: \"form-group\"\n      }, React.createElement(\"label\", null, \"Locatie\"), React.createElement(\"input\", {\n        className: \"form-control\",\n        type: \"string\",\n        ref: \"locatie\",\n        name: \"locatie\",\n        placeholder: \"van/naar\"\n      })), React.createElement(\"div\", {\n        className: \"form-group\"\n      }, React.createElement(\"label\", null, \"Bedrijf\"), React.createElement(\"input\", {\n        className: \"form-control\",\n        type: \"string\",\n        ref: \"bedrijf\",\n        name: \"bedrijf\",\n        placeholder: \"Bedrijf\"\n      })), React.createElement(\"div\", {\n        className: \"form-group\"\n      }, React.createElement(\"label\", null, \"Inzittende\"), React.createElement(\"input\", {\n        className: \"form-control\",\n        type: \"string\",\n        ref: \"inzittende\",\n        name: \"inzittende\",\n        placeholder: \"Inzittende\"\n      })), React.createElement(\"div\", {\n        className: \"form-group\"\n      }, React.createElement(\"label\", null, \"Kosten\"), React.createElement(\"input\", {\n        className: \"form-control\",\n        type: \"string\",\n        ref: \"kosten\",\n        name: \"kosten\",\n        placeholder: \"Kosten\"\n      })), React.createElement(\"div\", {\n        className: \"form-group\"\n      }, React.createElement(\"label\", null, \"Kostenplaats\"), React.createElement(\"input\", {\n        className: \"form-control\",\n        type: \"string\",\n        ref: \"kostenplaats\",\n        name: \"kostenplaats\",\n        placeholder: \"Kostenplaats\"\n      })), React.createElement(\"label\", null, \"Roadshow\", React.createElement(\"input\", {\n        name: \"roadshow\",\n        ref: \"roadshow\",\n        type: \"checkbox\"\n      })), React.createElement(\"label\", null, \"Wachttijd\", React.createElement(\"input\", {\n        name: \"wachttijd\",\n        ref: \"wachttijd\",\n        type: \"checkbox\"\n      })), React.createElement(\"div\", {\n        className: \"form-group\"\n      }, React.createElement(\"button\", {\n        className: \"btn btn-default\"\n      }, \" Invoeren\")))))));\n    }\n\n    return render;\n  }();\n\n  return Input;\n}(React.Component);","map":{"version":3,"sources":["imports/ui/Input.js"],"names":["module","export","Input","React","watch","require","v","Meteor","Link","browserHistory","Menu","DatePicker","moment","RidesDB","TimePicker","props","state","startDate","error","handleChange","bind","date","setState","onSubmit","e","preventDefault","_d","time","refs","value","bestuurder","trim","locatie","bedrijf","inzittende","kosten","kostenplaats","roadshow","checked","wachttijd","agendapunt","naar","call","push","render","undefined","Component"],"mappings":";;;;;;AAAAA,OAAOC,MAAP,CAAc;AAAC,aAAQ;AAAA,WAAIC,KAAJ;AAAA;AAAT,CAAd;AAAmC,IAAIC,KAAJ;AAAUH,OAAOI,KAAP,CAAaC,QAAQ,OAAR,CAAb,EAA8B;AAAA,uBAASC,CAAT,EAAW;AAACH,YAAMG,CAAN;AAAQ;AAApB,CAA9B,EAAoD,CAApD;AAAuD,IAAIC,MAAJ;AAAWP,OAAOI,KAAP,CAAaC,QAAQ,eAAR,CAAb,EAAsC;AAACE,QAAD,YAAQD,CAAR,EAAU;AAACC,aAAOD,CAAP;AAAS;AAApB,CAAtC,EAA4D,CAA5D;AAA+D,IAAIE,IAAJ,EAASC,cAAT;AAAwBT,OAAOI,KAAP,CAAaC,QAAQ,cAAR,CAAb,EAAqC;AAACG,MAAD,YAAMF,CAAN,EAAQ;AAACE,WAAKF,CAAL;AAAO,GAAhB;AAAiBG,gBAAjB,YAAgCH,CAAhC,EAAkC;AAACG,qBAAeH,CAAf;AAAiB;AAApD,CAArC,EAA2F,CAA3F;AAA8F,IAAII,IAAJ;AAASV,OAAOI,KAAP,CAAaC,QAAQ,QAAR,CAAb,EAA+B;AAAA,uBAASC,CAAT,EAAW;AAACI,WAAKJ,CAAL;AAAO;AAAnB,CAA/B,EAAoD,CAApD;AAAuD,IAAIK,UAAJ;AAAeX,OAAOI,KAAP,CAAaC,QAAQ,kBAAR,CAAb,EAAyC;AAAA,uBAASC,CAAT,EAAW;AAACK,iBAAWL,CAAX;AAAa;AAAzB,CAAzC,EAAoE,CAApE;AAAuE,IAAIM,MAAJ;AAAWZ,OAAOI,KAAP,CAAaC,QAAQ,QAAR,CAAb,EAA+B;AAAA,uBAASC,CAAT,EAAW;AAACM,aAAON,CAAP;AAAS;AAArB,CAA/B,EAAsD,CAAtD;AAAyD,IAAIO,OAAJ;AAAYb,OAAOI,KAAP,CAAaC,QAAQ,gBAAR,CAAb,EAAuC;AAACQ,SAAD,YAASP,CAAT,EAAW;AAACO,cAAQP,CAAR;AAAU;AAAtB,CAAvC,EAA+D,CAA/D;AAAkEN,OAAOI,KAAP,CAAaC,QAAQ,4CAAR,CAAb;AAAoEL,OAAOI,KAAP,CAAaC,QAAQ,uDAAR,CAAb;AAA+E,IAAIS,UAAJ;AAAed,OAAOI,KAAP,CAAaC,QAAQ,6BAAR,CAAb,EAAoD;AAAA,uBAASC,CAAT,EAAW;AAACQ,iBAAWR,CAAX;AAAa;AAAzB,CAApD,EAA+E,CAA/E;;IAaztBJ,K;;;;;AACpB,iBAAaa,KAAb,EAAoB;AAAA;;AACpB,wCAAMA,KAAN;AACA,UAAKC,KAAL,GAAa;AACXC,iBAAWL,QADA;AAEXM,aAAO;AAFI,KAAb;AAIA,UAAKC,YAAL,GAAoB,MAAKA,YAAL,CAAkBC,IAAlB,6CAApB;AANoB;AAOnB;;;;SAEDD,Y;0BAAaE,I,EAAM;AACnB,WAAKC,QAAL,CAAc;AACZL,mBAAWI;AADC,OAAd;AAGC;;;;;SAEDE,Q;sBAASC,C,EAAE;AACVA,QAAEC,cAAF;AACA,UAAIJ,OAAO,KAAKL,KAAL,CAAWC,SAAX,CAAqBS,EAAhC;AACA,UAAIC,OAAO,KAAKC,IAAL,CAAUD,IAAV,CAAeE,KAA1B;AACA,UAAIC,aAAa,KAAKF,IAAL,CAAUE,UAAV,CAAqBD,KAArB,CAA2BE,IAA3B,EAAjB;AACA,UAAIC,UAAU,KAAKJ,IAAL,CAAUI,OAAV,CAAkBH,KAAlB,CAAwBE,IAAxB,EAAd;AACA,UAAIE,UAAU,KAAKL,IAAL,CAAUK,OAAV,CAAkBJ,KAAlB,CAAwBE,IAAxB,EAAd;AACA,UAAIG,aAAa,KAAKN,IAAL,CAAUM,UAAV,CAAqBL,KAArB,CAA2BE,IAA3B,EAAjB;AACA,UAAII,SAAS,KAAKP,IAAL,CAAUO,MAAV,CAAiBN,KAAjB,CAAuBE,IAAvB,EAAb;AACA,UAAIK,eAAe,KAAKR,IAAL,CAAUQ,YAAV,CAAuBP,KAAvB,CAA6BE,IAA7B,EAAnB;AACA,UAAIM,WAAW,KAAKT,IAAL,CAAUS,QAAV,CAAmBC,OAAlC;AACA,UAAIC,YAAY,KAAKX,IAAL,CAAUW,SAAV,CAAoBD,OAApC;AACA,UAAIE,aAAa;AAACnB,cAAMA,IAAP;AAAaM,cAAMA,IAAnB;AAAyBG,oBAAYA,UAArC;AAAiDE,iBAASA,OAA1D;AAAmES,cAAMA,IAAzE;AAA8ER,iBAASA,OAAvF;AAAgGC,oBAAYA,UAA5G;AAAuHC,gBAAQA,MAA/H;AAAuIC,sBAAcA,YAArJ;AAAkKC,kBAAUA,QAA5K;AAAqLE,mBAAWA,SAAhM,CACjB;;AADiB,OAAjB;AAEAhC,aAAOmC,IAAP,CAAY,gBAAZ,EAA8BF,UAA9B,EAdU,CAeV;;AACA/B,qBAAekC,IAAf,CAAoB,SAApB;AACA;;;;;SAKAC,M;sBAAS;AACP,aACC,iCACC,oBAAC,IAAD,OADD,EAEI;AAAK,mBAAU;AAAf,SACF;AAAK,mBAAU;AAAf,SACC;AAAK,mBAAU;AAAf,SACE,KAAK5B,KAAL,CAAWE,KAAX,GAAmB,+BAAI,KAAKF,KAAL,CAAWE,KAAf,CAAnB,GAA+C2B,SADjD,EAEC;AAAM,kBAAU,KAAKtB,QAAL,CAAcH,IAAd,CAAmB,IAAnB,CAAhB;AAA0C;AAA1C,SACC,gDADD,EAEC;AAAK,mBAAU;AAAf,SACC;AAAO,cAAK,gBAAZ;AAA6B,cAAK,MAAlC;AAAyC,aAAI;AAA7C,QADD,CAFD,EAKF;AAAK,mBAAU;AAAf,SACA,gDADA,EAEG;AAAO,mBAAU,cAAjB;AAAgC,cAAK,QAArC;AAA8C,aAAI,YAAlD;AAA+D,cAAK,YAApE;AAAiF,qBAAY;AAA7F,QAFH,CALE,EASC;AAAK,mBAAU;AAAf,SACC,6CADD,EAEC;AAAO,mBAAU,cAAjB;AAAgC,cAAK,QAArC;AAA8C,aAAI,SAAlD;AAA4D,cAAK,SAAjE;AAA2E,qBAAY;AAAvF,QAFD,CATD,EAaC;AAAK,mBAAU;AAAf,SACC,6CADD,EAEC;AAAO,mBAAU,cAAjB;AAAgC,cAAK,QAArC;AAA8C,aAAI,SAAlD;AAA4D,cAAK,SAAjE;AAA2E,qBAAY;AAAvF,QAFD,CAbD,EAiBC;AAAK,mBAAU;AAAf,SACC,gDADD,EAEC;AAAO,mBAAU,cAAjB;AAAgC,cAAK,QAArC;AAA8C,aAAI,YAAlD;AAA+D,cAAK,YAApE;AAAiF,qBAAY;AAA7F,QAFD,CAjBD,EAqBC;AAAK,mBAAU;AAAf,SACC,4CADD,EAEC;AAAO,mBAAU,cAAjB;AAAgC,cAAK,QAArC;AAA8C,aAAI,QAAlD;AAA2D,cAAK,QAAhE;AAAyE,qBAAY;AAArF,QAFD,CArBD,EAyBC;AAAK,mBAAU;AAAf,SACC,kDADD,EAEC;AAAO,mBAAU,cAAjB;AAAgC,cAAK,QAArC;AAA8C,aAAI,cAAlD;AAAiE,cAAK,cAAtE;AAAqF,qBAAY;AAAjG,QAFD,CAzBD,EA6BC,+CAAe;AAAO,cAAK,UAAZ;AAAuB,aAAI,UAA3B;AAAsC,cAAK;AAA3C,QAAf,CA7BD,EA8BC,gDAAgB;AAAO,cAAK,WAAZ;AAAwB,aAAI,WAA5B;AAAwC,cAAK;AAA7C,QAAhB,CA9BD,EA+BC;AAAK,mBAAU;AAAf,SACC;AAAQ,mBAAU;AAAlB,qBADD,CA/BD,CAFD,CADD,CADE,CAFJ,CADD;AAgDD;;;;;;EAvFgCjB,MAAM2C,S","sourcesContent":["import React from 'react';\nimport { Meteor } from 'meteor/meteor'\nimport { Link, browserHistory } from 'react-router';\nimport Menu from './Menu'\nimport DatePicker from 'react-datepicker';\nimport moment from 'moment';\nimport { RidesDB } from './../api/rides'\n\nimport 'react-datepicker/dist/react-datepicker.css';\n// CSS Modules, react-datepicker-cssmodules.css\nimport 'react-datepicker/dist/react-datepicker-cssmodules.css';\nimport TimePicker from 'react-bootstrap-time-picker';\n\nexport default class Input extends React.Component {\n\tconstructor (props) {\n\tsuper(props)\n\tthis.state = {\n\t  startDate: moment(),\n\t  error: ''\n\t};\n\tthis.handleChange = this.handleChange.bind(this);\n\t}\n\n\thandleChange(date) {\n\tthis.setState({\n\t  startDate: date\n\t});\n\t}\n\n\tonSubmit(e){\n\t\te.preventDefault();\n\t\tlet date = this.state.startDate._d\n\t\tlet time = this.refs.time.value;\n\t\tlet bestuurder = this.refs.bestuurder.value.trim();\n\t\tlet locatie = this.refs.locatie.value.trim();\n\t\tlet bedrijf = this.refs.bedrijf.value.trim();\n\t\tlet inzittende = this.refs.inzittende.value.trim();\n\t\tlet kosten = this.refs.kosten.value.trim();\n\t\tlet kostenplaats = this.refs.kostenplaats.value.trim();\n\t\tlet roadshow = this.refs.roadshow.checked\n\t\tlet wachttijd = this.refs.wachttijd.checked\n\t\tlet agendapunt = {date: date, time: time, bestuurder: bestuurder, locatie: locatie, naar: naar,bedrijf: bedrijf, inzittende: inzittende,kosten: kosten, kostenplaats: kostenplaats,roadshow: roadshow,wachttijd: wachttijd}\n\t\t// console.log(agendapunt)\n\t\tMeteor.call('RidesDB.insert', agendapunt)\n\t\t// RidesDB.insert(agendapunt)\n\t\tbrowserHistory.push('/ritten')\n\t}\n\t\n\n\n\n  render() {\n    return (\n    \t<div>\n    \t\t<Menu/>\n    \t   \t<div className=\"container\">\n\t    \t\t<div className=\"row\">\n\t    \t\t\t<div className='col-md-6 col-md-offset-3'>\n\t\t\t    \t\t{this.state.error ? <p>{this.state.error}</p> : undefined}\n\t\t\t    \t\t<form onSubmit={this.onSubmit.bind(this)} noValidate>\n\t\t\t\t    \t\t<label>Datum/tijd</label>\n\t\t\t\t    \t\t<div className=\"form-group\">\n\t\t\t\t\t    \t\t<input type=\"datetime-local\" type=\"time\" ref=\"time\"></input>\n\t\t\t\t\t\t\t</div>\n\t\t\t\t\t\t\t<div className=\"form-group\">\n\t\t\t\t\t\t\t<label>Bestuurder</label>\n\t\t\t    \t\t\t<input className=\"form-control\" type=\"string\" ref='bestuurder' name='bestuurder' placeholder=\"Bestuurder\"></input>\n\t\t\t    \t\t\t</div>\n\t\t\t    \t\t\t<div className=\"form-group\">\n\t\t\t    \t\t\t\t<label>Locatie</label>\n\t\t\t    \t\t\t\t<input className=\"form-control\" type=\"string\" ref='locatie' name='locatie' placeholder='van/naar'></input>\n\t\t\t    \t\t\t</div>\n\t\t\t    \t\t\t<div className=\"form-group\">\n\t\t\t    \t\t\t\t<label>Bedrijf</label>\n\t\t\t    \t\t\t\t<input className=\"form-control\" type='string' ref='bedrijf' name='bedrijf' placeholder='Bedrijf'></input>\n\t\t\t    \t\t\t</div>\n\t\t\t    \t\t\t<div className=\"form-group\">\n\t\t\t    \t\t\t\t<label>Inzittende</label>\n\t\t\t    \t\t\t\t<input className=\"form-control\" type='string' ref='inzittende' name='inzittende' placeholder='Inzittende'></input>\n\t\t\t    \t\t\t</div>\n\t\t\t    \t\t\t<div className=\"form-group\">\n\t\t\t    \t\t\t\t<label>Kosten</label>\n\t\t\t    \t\t\t\t<input className=\"form-control\" type='string' ref='kosten' name='kosten' placeholder='Kosten'></input>\n\t\t\t    \t\t\t</div>\n\t\t\t    \t\t\t<div className=\"form-group\">\n\t\t\t    \t\t\t\t<label>Kostenplaats</label>\n\t\t\t    \t\t\t\t<input className=\"form-control\" type='string' ref='kostenplaats' name='kostenplaats' placeholder='Kostenplaats'></input>\n\t\t\t    \t\t\t</div>\n\t\t\t    \t\t\t<label>Roadshow<input name=\"roadshow\" ref=\"roadshow\" type=\"checkbox\"></input></label>\n\t\t\t    \t\t\t<label>Wachttijd<input name=\"wachttijd\" ref=\"wachttijd\" type=\"checkbox\"></input></label>\n\t\t\t    \t\t\t<div className=\"form-group\">\n\t\t\t    \t\t\t\t<button className=\"btn btn-default\"> Invoeren</button>\n\t\t\t    \t\t\t</div>\n\t\t\t    \t\t</form>\n\t\t\t   \t\t</div>\n\t\t    \t</div>\n\t\t    </div>\n\n    \t</div>\n    \t);\n  }\n}\n"]},"sourceType":"script","hash":"34312a655b03cf337180e5d897adebb09da3ff1c"}
