{"metadata":{},"options":{"plugins":[{"key":"base$0$0","visitor":{"Program":{"enter":[null]},"_exploded":true,"_verified":true},"options":{"generateLetDeclarations":true,"enforceStrictMode":false}},{"key":"transform-meteor-dynamic-import","visitor":{"_exploded":{},"_verified":{},"CallExpression":{"enter":[null]}},"options":{}},{"key":"base$0$2","visitor":{"CallExpression":{"enter":[null]},"BinaryExpression":{"enter":[null]},"MemberExpression":{"enter":[null],"exit":[null]},"_exploded":true,"_verified":true,"Identifier":{"enter":[null]},"JSXIdentifier":{"enter":[null]}},"options":{"polyfill":false,"useBuiltIns":false}},{"key":"base$0$3","visitor":{"_exploded":{},"_verified":{},"ClassDeclaration":{"enter":[null]},"ClassExpression":{"enter":[null]}},"options":{"loose":true}},{"key":"base$0$4","visitor":{"FunctionExpression":{"exit":[null]},"_exploded":true,"_verified":true},"options":{}},{"key":"base$0$5","visitor":{"ForInStatement":{"enter":[null]},"_exploded":true,"_verified":true},"options":{}},{"key":"base$0$6","visitor":{"Program":{"exit":[null]},"_exploded":true,"_verified":true},"options":{"allowTopLevelThis":true,"strictMode":false,"loose":true}},{"key":"base$0$1$0","visitor":{"_exploded":{},"_verified":{},"JSXNamespacedName":{"enter":[null]},"JSXElement":{"exit":[null]},"JSXFragment":{"exit":[null]},"Program":{"enter":[null],"exit":[null]},"JSXAttribute":{"enter":[null]}},"options":{"pragma":"React.createElement","pragmaFrag":"React.Fragment","throwIfNamespace":true,"useBuiltIns":false}},{"key":"base$0$1$1","visitor":{"_exploded":true,"_verified":true},"options":{}},{"key":"base$0$1$2","visitor":{"ExportDefaultDeclaration":{"enter":[null]},"CallExpression":{"enter":[null]},"_exploded":true,"_verified":true},"options":{}},{"key":"base$0$0$0","visitor":{"_exploded":true,"_verified":true},"options":{}},{"key":"base$0$0$1","visitor":{"_exploded":true,"_verified":true},"options":{}},{"key":"base$0$0$2","visitor":{"ArrowFunctionExpression":{"enter":[null]},"_exploded":true,"_verified":true},"options":{}},{"key":"base$0$0$3","visitor":{"BlockStatement":{"enter":[null]},"SwitchCase":{"enter":[null]},"_exploded":true,"_verified":true},"options":{}},{"key":"base$0$0$4","visitor":{"VariableDeclaration":{"enter":[null]},"CatchClause":{"enter":[null]},"_exploded":true,"BlockStatement":{"enter":[null]},"SwitchStatement":{"enter":[null]},"Program":{"enter":[null]},"_verified":true,"DoWhileStatement":{"enter":[null]},"ForInStatement":{"enter":[null]},"ForStatement":{"enter":[null]},"WhileStatement":{"enter":[null]},"ForOfStatement":{"enter":[null]}},"options":{}},{"key":"base$0$0$5","visitor":{"ExportDefaultDeclaration":{"enter":[null]},"ClassDeclaration":{"enter":[null]},"ClassExpression":{"enter":[null]},"_exploded":true,"_verified":true},"options":{"loose":true}},{"key":"base$0$0$6","visitor":{"ObjectExpression":{"exit":[null]},"_exploded":true,"_verified":true},"options":{"loose":true}},{"key":"base$0$0$7","visitor":{"ExportNamedDeclaration":{"enter":[null]},"CatchClause":{"enter":[null]},"AssignmentExpression":{"enter":[null]},"VariableDeclaration":{"enter":[null]},"_exploded":true,"_verified":true,"ForInStatement":{"enter":[null]},"ForOfStatement":{"enter":[null]}},"options":{}},{"key":"base$0$0$8","visitor":{"ForOfStatement":{"enter":[null]},"_exploded":true,"_verified":true},"options":{"loose":true}},{"key":"base$0$0$9","visitor":{"NumericLiteral":{"enter":[null]},"StringLiteral":{"enter":[null]},"_exploded":true,"_verified":true},"options":{}},{"key":"base$0$0$10","visitor":{"ObjectExpression":{"enter":[null]},"_exploded":true,"_verified":true},"options":{}},{"key":"base$0$0$11","visitor":{"_exploded":true,"_verified":true,"FunctionDeclaration":{"enter":[null]},"FunctionExpression":{"enter":[null]},"ObjectMethod":{"enter":[null]},"ArrowFunctionExpression":{"enter":[null]},"ClassMethod":{"enter":[null]}},"options":{}},{"key":"base$0$0$12","visitor":{"ObjectMethod":{"enter":[null]},"ObjectProperty":{"enter":[null]},"_exploded":true,"_verified":true},"options":{}},{"key":"base$0$0$13","visitor":{"ArrayExpression":{"enter":[null]},"CallExpression":{"enter":[null]},"NewExpression":{"enter":[null]},"_exploded":true,"_verified":true},"options":{}},{"key":"base$0$0$14","visitor":{"RegExpLiteral":{"enter":[null]},"_exploded":true,"_verified":true},"options":{}},{"key":"base$0$0$15","visitor":{"TaggedTemplateExpression":{"enter":[null]},"TemplateLiteral":{"enter":[null]},"_exploded":true,"_verified":true},"options":{"loose":true}},{"key":"base$0$0$16","visitor":{"UnaryExpression":{"enter":[null]},"_exploded":true,"_verified":true,"BlockStatement":{"enter":[null]},"CatchClause":{"enter":[null]},"DoWhileStatement":{"enter":[null]},"ForInStatement":{"enter":[null]},"ForStatement":{"enter":[null]},"FunctionDeclaration":{"enter":[null]},"FunctionExpression":{"enter":[null]},"Program":{"enter":[null]},"ObjectMethod":{"enter":[null]},"SwitchStatement":{"enter":[null]},"WhileStatement":{"enter":[null]},"ArrowFunctionExpression":{"enter":[null]},"ClassDeclaration":{"enter":[null]},"ClassExpression":{"enter":[null]},"ForOfStatement":{"enter":[null]},"ClassMethod":{"enter":[null]}},"options":{}},{"key":"base$0$0$17","visitor":{"RegExpLiteral":{"enter":[null]},"_exploded":true,"_verified":true},"options":{}},{"key":"base$0$0$18","visitor":{"_exploded":true,"_verified":true},"options":{}},{"key":"base$0$0$19","visitor":{"_exploded":{},"_verified":{},"VariableDeclarator":{"enter":[null]},"ExportNamedDeclaration":{"enter":[null]},"CatchClause":{"enter":[null]},"AssignmentExpression":{"enter":[null]},"ObjectExpression":{"enter":[null]},"FunctionDeclaration":{"enter":[null]},"FunctionExpression":{"enter":[null]},"ObjectMethod":{"enter":[null]},"ArrowFunctionExpression":{"enter":[null]},"ClassMethod":{"enter":[null]},"ForInStatement":{"enter":[null]},"ForOfStatement":{"enter":[null]}},"options":{}},{"key":"base$0$0$20","visitor":{"ObjectProperty":{"exit":[null]},"_exploded":true,"_verified":true},"options":{}},{"key":"base$0$0$21","visitor":{"_exploded":{},"_verified":{},"Program":{"enter":[null]},"ImportDeclaration":{"enter":[null,null]},"ClassProperty":{"enter":[null]},"AssignmentPattern":{"enter":[null]},"TypeCastExpression":{"enter":[null,null]},"ImportSpecifier":{"enter":[null]},"ClassDeclaration":{"enter":[null]},"ClassExpression":{"enter":[null]},"FunctionDeclaration":{"enter":[null]},"FunctionExpression":{"enter":[null]},"ObjectMethod":{"enter":[null]},"ArrowFunctionExpression":{"enter":[null]},"ClassMethod":{"enter":[null]},"AnyTypeAnnotation":{"enter":[null]},"ArrayTypeAnnotation":{"enter":[null]},"BooleanTypeAnnotation":{"enter":[null]},"BooleanLiteralTypeAnnotation":{"enter":[null]},"NullLiteralTypeAnnotation":{"enter":[null]},"ClassImplements":{"enter":[null]},"DeclareClass":{"enter":[null]},"DeclareFunction":{"enter":[null]},"DeclareInterface":{"enter":[null]},"DeclareModule":{"enter":[null]},"DeclareModuleExports":{"enter":[null]},"DeclareTypeAlias":{"enter":[null]},"DeclareOpaqueType":{"enter":[null]},"DeclareVariable":{"enter":[null]},"DeclareExportDeclaration":{"enter":[null]},"DeclareExportAllDeclaration":{"enter":[null]},"DeclaredPredicate":{"enter":[null]},"ExistsTypeAnnotation":{"enter":[null]},"FunctionTypeAnnotation":{"enter":[null]},"FunctionTypeParam":{"enter":[null]},"GenericTypeAnnotation":{"enter":[null]},"InferredPredicate":{"enter":[null]},"InterfaceExtends":{"enter":[null]},"InterfaceDeclaration":{"enter":[null]},"IntersectionTypeAnnotation":{"enter":[null]},"MixedTypeAnnotation":{"enter":[null]},"EmptyTypeAnnotation":{"enter":[null]},"NullableTypeAnnotation":{"enter":[null]},"NumberLiteralTypeAnnotation":{"enter":[null]},"NumberTypeAnnotation":{"enter":[null]},"ObjectTypeAnnotation":{"enter":[null]},"ObjectTypeCallProperty":{"enter":[null]},"ObjectTypeIndexer":{"enter":[null]},"ObjectTypeProperty":{"enter":[null]},"ObjectTypeSpreadProperty":{"enter":[null]},"OpaqueType":{"enter":[null]},"QualifiedTypeIdentifier":{"enter":[null]},"StringLiteralTypeAnnotation":{"enter":[null]},"StringTypeAnnotation":{"enter":[null]},"ThisTypeAnnotation":{"enter":[null]},"TupleTypeAnnotation":{"enter":[null]},"TypeofTypeAnnotation":{"enter":[null]},"TypeAlias":{"enter":[null]},"TypeAnnotation":{"enter":[null]},"TypeParameter":{"enter":[null]},"TypeParameterDeclaration":{"enter":[null]},"TypeParameterInstantiation":{"enter":[null]},"UnionTypeAnnotation":{"enter":[null]},"Variance":{"enter":[null]},"VoidTypeAnnotation":{"enter":[null]},"ExportAllDeclaration":{"enter":[null]},"ExportDefaultDeclaration":{"enter":[null]},"ExportNamedDeclaration":{"enter":[null]}},"options":{}},{"key":"base$0$0$22","visitor":{"AssignmentExpression":{"enter":[null]},"BinaryExpression":{"enter":[null]},"_exploded":true,"_verified":true},"options":{}},{"key":"base$0$0$23","visitor":{"_exploded":{},"_verified":{},"Program":{"enter":[null]}},"options":{}},{"key":"regenerator-transform","visitor":{"_exploded":true,"_verified":true,"FunctionDeclaration":{"exit":[null]},"FunctionExpression":{"exit":[null]},"ObjectMethod":{"exit":[null]},"ArrowFunctionExpression":{"exit":[null]},"ClassMethod":{"exit":[null]}},"options":{}}],"presets":[],"compact":false,"ast":true,"babelrc":false,"sourceFileName":"packages/server-render/client-sink.js","filename":"packages/server-render/client-sink.js","sourceMaps":true,"envName":"development","cwd":"/Users/linjoe/MEGA/7code/web/taxiapp/client/compatibility","passPerPreset":false,"parserOpts":{"sourceType":"module","sourceFileName":"packages/server-render/client-sink.js","plugins":["dynamicImport","classProperties","jsx","jsx","flow","asyncGenerators","objectRestSpread","objectRestSpread","flow","asyncGenerators"]},"generatorOpts":{"filename":"packages/server-render/client-sink.js","comments":true,"compact":false,"sourceMaps":true,"sourceFileName":"packages/server-render/client-sink.js"}},"code":"module.export({\n  ClientSink: function () {\n    return ClientSink;\n  }\n});\nvar doc = document;\nvar head = doc.getElementsByTagName(\"head\")[0];\nvar body = doc.body;\n\nvar isoError = function (method) {\n  console.error(\"sink.\" + method + \" was called on the client when\\n    it should only be called on the server.\");\n};\n\nvar ClientSink =\n/*#__PURE__*/\nfunction () {\n  function ClientSink() {}\n\n  var _proto = ClientSink.prototype;\n\n  _proto.appendToHead = function () {\n    function appendToHead(nodeOrHtml) {\n      appendContent(head, nodeOrHtml);\n    }\n\n    return appendToHead;\n  }();\n\n  _proto.appendToBody = function () {\n    function appendToBody(nodeOrHtml) {\n      appendContent(body, nodeOrHtml);\n    }\n\n    return appendToBody;\n  }();\n\n  _proto.appendToElementById = function () {\n    function appendToElementById(id, nodeOrHtml) {\n      appendContent(doc.getElementById(id), nodeOrHtml);\n    }\n\n    return appendToElementById;\n  }();\n\n  _proto.renderIntoElementById = function () {\n    function renderIntoElementById(id, nodeOrHtml) {\n      var element = doc.getElementById(id);\n\n      while (element.lastChild) {\n        element.removeChild(element.lastChild);\n      }\n\n      appendContent(element, nodeOrHtml);\n    }\n\n    return renderIntoElementById;\n  }();\n\n  _proto.redirect = function () {\n    function redirect(location) {\n      // code can't be set on the client\n      window.location = location;\n    }\n\n    return redirect;\n  }(); // server only methods\n\n\n  _proto.setStatusCode = function () {\n    function setStatusCode() {\n      isoError(\"setStatusCode\");\n    }\n\n    return setStatusCode;\n  }();\n\n  _proto.setHeader = function () {\n    function setHeader() {\n      isoError(\"setHeader\");\n    }\n\n    return setHeader;\n  }();\n\n  _proto.getHeaders = function () {\n    function getHeaders() {\n      isoError(\"getHeaders\");\n    }\n\n    return getHeaders;\n  }();\n\n  _proto.getCookies = function () {\n    function getCookies() {\n      isoError(\"getCookies\");\n    }\n\n    return getCookies;\n  }();\n\n  return ClientSink;\n}();\n\nfunction appendContent(destination, nodeOrHtml) {\n  if (typeof nodeOrHtml === \"string\") {\n    // Make a shallow clone of the destination node to ensure the new\n    // children can legally be appended to it.\n    var container = destination.cloneNode(false); // Parse the HTML into the container, allowing for multiple children.\n\n    container.innerHTML = nodeOrHtml; // Transplant the children to the destination.\n\n    while (container.firstChild) {\n      destination.appendChild(container.firstChild);\n    }\n  } else if (Array.isArray(nodeOrHtml)) {\n    nodeOrHtml.forEach(function (elem) {\n      return appendContent(destination, elem);\n    });\n  } else {\n    destination.appendChild(nodeOrHtml);\n  }\n}","map":{"version":3,"sources":["packages/server-render/client-sink.js"],"names":["module","export","ClientSink","doc","document","head","getElementsByTagName","body","isoError","method","console","error","appendToHead","nodeOrHtml","appendContent","appendToBody","appendToElementById","id","getElementById","renderIntoElementById","element","lastChild","removeChild","redirect","location","window","setStatusCode","setHeader","getHeaders","getCookies","destination","container","cloneNode","innerHTML","firstChild","appendChild","Array","isArray","forEach","elem"],"mappings":"AAAAA,OAAOC,MAAP,CAAc;AAACC,cAAW;AAAA,WAAIA,UAAJ;AAAA;AAAZ,CAAd;AAAA,IAAMC,MAAMC,QAAZ;AACA,IAAMC,OAAOF,IAAIG,oBAAJ,CAAyB,MAAzB,EAAiC,CAAjC,CAAb;AACA,IAAMC,OAAOJ,IAAII,IAAjB;;AAEA,IAAMC,WAAW,UAACC,MAAD,EAAY;AAC3BC,UAAQC,KAAR,WAAsBF,MAAtB;AAED,CAHD;;IAIaP,U;;;;;;;SACXU,Y;0BAAaC,U,EAAY;AACvBC,oBAAcT,IAAd,EAAoBQ,UAApB;AACD;;;;;SAEDE,Y;0BAAaF,U,EAAY;AACvBC,oBAAcP,IAAd,EAAoBM,UAApB;AACD;;;;;SAEDG,mB;iCAAoBC,E,EAAIJ,U,EAAY;AAClCC,oBAAcX,IAAIe,cAAJ,CAAmBD,EAAnB,CAAd,EAAsCJ,UAAtC;AACD;;;;;SAEDM,qB;mCAAsBF,E,EAAIJ,U,EAAY;AACpC,UAAMO,UAAUjB,IAAIe,cAAJ,CAAmBD,EAAnB,CAAhB;;AACA,aAAOG,QAAQC,SAAf,EAA0B;AACxBD,gBAAQE,WAAR,CAAoBF,QAAQC,SAA5B;AACD;;AACDP,oBAAcM,OAAd,EAAuBP,UAAvB;AACD;;;;;SAEDU,Q;sBAASC,Q,EAAU;AACjB;AACAC,aAAOD,QAAP,GAAkBA,QAAlB;AACD;;;OAED;;;SACAE,a;6BAAgB;AACdlB,eAAS,eAAT;AACD;;;;;SAEDmB,S;yBAAY;AACVnB,eAAS,WAAT;AACD;;;;;SAEDoB,U;0BAAa;AACXpB,eAAS,YAAT;AACD;;;;;SAEDqB,U;0BAAa;AACXrB,eAAS,YAAT;AACD;;;;;;;;AAIH,SAASM,aAAT,CAAuBgB,WAAvB,EAAoCjB,UAApC,EAAgD;AAC9C,MAAI,OAAOA,UAAP,KAAsB,QAA1B,EAAoC;AAClC;AACA;AACA,QAAMkB,YAAYD,YAAYE,SAAZ,CAAsB,KAAtB,CAAlB,CAHkC,CAIlC;;AACAD,cAAUE,SAAV,GAAsBpB,UAAtB,CALkC,CAMlC;;AACA,WAAOkB,UAAUG,UAAjB,EAA6B;AAC3BJ,kBAAYK,WAAZ,CAAwBJ,UAAUG,UAAlC;AACD;AACF,GAVD,MAUO,IAAIE,MAAMC,OAAN,CAAcxB,UAAd,CAAJ,EAA+B;AACpCA,eAAWyB,OAAX,CAAmB;AAAA,aAAQxB,cAAcgB,WAAd,EAA2BS,IAA3B,CAAR;AAAA,KAAnB;AACD,GAFM,MAEA;AACLT,gBAAYK,WAAZ,CAAwBtB,UAAxB;AACD;AACF","sourcesContent":["const doc = document;\nconst head = doc.getElementsByTagName(\"head\")[0];\nconst body = doc.body;\n\nconst isoError = (method) => {\n  console.error(`sink.${method} was called on the client when\n    it should only be called on the server.`);\n}\nexport class ClientSink {\n  appendToHead(nodeOrHtml) {\n    appendContent(head, nodeOrHtml);\n  }\n\n  appendToBody(nodeOrHtml) {\n    appendContent(body, nodeOrHtml);\n  }\n\n  appendToElementById(id, nodeOrHtml) {\n    appendContent(doc.getElementById(id), nodeOrHtml);\n  }\n\n  renderIntoElementById(id, nodeOrHtml) {\n    const element = doc.getElementById(id);\n    while (element.lastChild) {\n      element.removeChild(element.lastChild);\n    }\n    appendContent(element, nodeOrHtml);\n  }\n\n  redirect(location) {\n    // code can't be set on the client\n    window.location = location;\n  }\n\n  // server only methods\n  setStatusCode() {\n    isoError(\"setStatusCode\");\n  }\n\n  setHeader() {\n    isoError(\"setHeader\");\n  }\n\n  getHeaders() {\n    isoError(\"getHeaders\");\n  }\n\n  getCookies() {\n    isoError(\"getCookies\");\n  }\n}\n\n\nfunction appendContent(destination, nodeOrHtml) {\n  if (typeof nodeOrHtml === \"string\") {\n    // Make a shallow clone of the destination node to ensure the new\n    // children can legally be appended to it.\n    const container = destination.cloneNode(false);\n    // Parse the HTML into the container, allowing for multiple children.\n    container.innerHTML = nodeOrHtml;\n    // Transplant the children to the destination.\n    while (container.firstChild) {\n      destination.appendChild(container.firstChild);\n    }\n  } else if (Array.isArray(nodeOrHtml)) {\n    nodeOrHtml.forEach(elem => appendContent(destination, elem));\n  } else {\n    destination.appendChild(nodeOrHtml);\n  }\n}\n"]},"sourceType":"script","hash":"36fdacf8e1cefd2a6be548c174d9f21e729d541f"}
