{"metadata":{},"options":{"plugins":[{"key":"base$0$0","visitor":{"Program":{"enter":[null]},"_exploded":true,"_verified":true},"options":{"generateLetDeclarations":true,"enforceStrictMode":false}},{"key":"transform-meteor-dynamic-import","visitor":{"_exploded":{},"_verified":{},"CallExpression":{"enter":[null]}},"options":{}},{"key":"base$0$2","visitor":{"CallExpression":{"enter":[null]},"BinaryExpression":{"enter":[null]},"MemberExpression":{"enter":[null],"exit":[null]},"_exploded":true,"_verified":true,"Identifier":{"enter":[null]},"JSXIdentifier":{"enter":[null]}},"options":{"polyfill":false,"useBuiltIns":false}},{"key":"base$0$3","visitor":{"_exploded":{},"_verified":{},"ClassDeclaration":{"enter":[null]},"ClassExpression":{"enter":[null]}},"options":{"loose":true}},{"key":"base$0$4","visitor":{"FunctionExpression":{"exit":[null]},"_exploded":true,"_verified":true},"options":{}},{"key":"base$0$5","visitor":{"ForInStatement":{"enter":[null]},"_exploded":true,"_verified":true},"options":{}},{"key":"base$0$6","visitor":{"Program":{"exit":[null]},"_exploded":true,"_verified":true},"options":{"allowTopLevelThis":true,"strictMode":false,"loose":true}},{"key":"base$0$1$0","visitor":{"_exploded":{},"_verified":{},"JSXNamespacedName":{"enter":[null]},"JSXElement":{"exit":[null]},"JSXFragment":{"exit":[null]},"Program":{"enter":[null],"exit":[null]},"JSXAttribute":{"enter":[null]}},"options":{"pragma":"React.createElement","pragmaFrag":"React.Fragment","throwIfNamespace":true,"useBuiltIns":false}},{"key":"base$0$1$1","visitor":{"_exploded":true,"_verified":true},"options":{}},{"key":"base$0$1$2","visitor":{"ExportDefaultDeclaration":{"enter":[null]},"CallExpression":{"enter":[null]},"_exploded":true,"_verified":true},"options":{}},{"key":"base$0$0$0","visitor":{"_exploded":true,"_verified":true},"options":{}},{"key":"base$0$0$1","visitor":{"_exploded":true,"_verified":true},"options":{}},{"key":"base$0$0$2","visitor":{"ArrowFunctionExpression":{"enter":[null]},"_exploded":true,"_verified":true},"options":{}},{"key":"base$0$0$3","visitor":{"BlockStatement":{"enter":[null]},"SwitchCase":{"enter":[null]},"_exploded":true,"_verified":true},"options":{}},{"key":"base$0$0$4","visitor":{"VariableDeclaration":{"enter":[null]},"CatchClause":{"enter":[null]},"_exploded":true,"BlockStatement":{"enter":[null]},"SwitchStatement":{"enter":[null]},"Program":{"enter":[null]},"_verified":true,"DoWhileStatement":{"enter":[null]},"ForInStatement":{"enter":[null]},"ForStatement":{"enter":[null]},"WhileStatement":{"enter":[null]},"ForOfStatement":{"enter":[null]}},"options":{}},{"key":"base$0$0$5","visitor":{"ExportDefaultDeclaration":{"enter":[null]},"ClassDeclaration":{"enter":[null]},"ClassExpression":{"enter":[null]},"_exploded":true,"_verified":true},"options":{"loose":true}},{"key":"base$0$0$6","visitor":{"ObjectExpression":{"exit":[null]},"_exploded":true,"_verified":true},"options":{"loose":true}},{"key":"base$0$0$7","visitor":{"ExportNamedDeclaration":{"enter":[null]},"CatchClause":{"enter":[null]},"AssignmentExpression":{"enter":[null]},"VariableDeclaration":{"enter":[null]},"_exploded":true,"_verified":true,"ForInStatement":{"enter":[null]},"ForOfStatement":{"enter":[null]}},"options":{}},{"key":"base$0$0$8","visitor":{"ForOfStatement":{"enter":[null]},"_exploded":true,"_verified":true},"options":{"loose":true}},{"key":"base$0$0$9","visitor":{"NumericLiteral":{"enter":[null]},"StringLiteral":{"enter":[null]},"_exploded":true,"_verified":true},"options":{}},{"key":"base$0$0$10","visitor":{"ObjectExpression":{"enter":[null]},"_exploded":true,"_verified":true},"options":{}},{"key":"base$0$0$11","visitor":{"_exploded":true,"_verified":true,"FunctionDeclaration":{"enter":[null]},"FunctionExpression":{"enter":[null]},"ObjectMethod":{"enter":[null]},"ArrowFunctionExpression":{"enter":[null]},"ClassMethod":{"enter":[null]}},"options":{}},{"key":"base$0$0$12","visitor":{"ObjectMethod":{"enter":[null]},"ObjectProperty":{"enter":[null]},"_exploded":true,"_verified":true},"options":{}},{"key":"base$0$0$13","visitor":{"ArrayExpression":{"enter":[null]},"CallExpression":{"enter":[null]},"NewExpression":{"enter":[null]},"_exploded":true,"_verified":true},"options":{}},{"key":"base$0$0$14","visitor":{"RegExpLiteral":{"enter":[null]},"_exploded":true,"_verified":true},"options":{}},{"key":"base$0$0$15","visitor":{"TaggedTemplateExpression":{"enter":[null]},"TemplateLiteral":{"enter":[null]},"_exploded":true,"_verified":true},"options":{"loose":true}},{"key":"base$0$0$16","visitor":{"UnaryExpression":{"enter":[null]},"_exploded":true,"_verified":true,"BlockStatement":{"enter":[null]},"CatchClause":{"enter":[null]},"DoWhileStatement":{"enter":[null]},"ForInStatement":{"enter":[null]},"ForStatement":{"enter":[null]},"FunctionDeclaration":{"enter":[null]},"FunctionExpression":{"enter":[null]},"Program":{"enter":[null]},"ObjectMethod":{"enter":[null]},"SwitchStatement":{"enter":[null]},"WhileStatement":{"enter":[null]},"ArrowFunctionExpression":{"enter":[null]},"ClassDeclaration":{"enter":[null]},"ClassExpression":{"enter":[null]},"ForOfStatement":{"enter":[null]},"ClassMethod":{"enter":[null]}},"options":{}},{"key":"base$0$0$17","visitor":{"RegExpLiteral":{"enter":[null]},"_exploded":true,"_verified":true},"options":{}},{"key":"base$0$0$18","visitor":{"_exploded":true,"_verified":true},"options":{}},{"key":"base$0$0$19","visitor":{"_exploded":{},"_verified":{},"VariableDeclarator":{"enter":[null]},"ExportNamedDeclaration":{"enter":[null]},"CatchClause":{"enter":[null]},"AssignmentExpression":{"enter":[null]},"ObjectExpression":{"enter":[null]},"FunctionDeclaration":{"enter":[null]},"FunctionExpression":{"enter":[null]},"ObjectMethod":{"enter":[null]},"ArrowFunctionExpression":{"enter":[null]},"ClassMethod":{"enter":[null]},"ForInStatement":{"enter":[null]},"ForOfStatement":{"enter":[null]}},"options":{}},{"key":"base$0$0$20","visitor":{"ObjectProperty":{"exit":[null]},"_exploded":true,"_verified":true},"options":{}},{"key":"base$0$0$21","visitor":{"_exploded":{},"_verified":{},"Program":{"enter":[null]},"ImportDeclaration":{"enter":[null,null]},"ClassProperty":{"enter":[null]},"AssignmentPattern":{"enter":[null]},"TypeCastExpression":{"enter":[null,null]},"ImportSpecifier":{"enter":[null]},"ClassDeclaration":{"enter":[null]},"ClassExpression":{"enter":[null]},"FunctionDeclaration":{"enter":[null]},"FunctionExpression":{"enter":[null]},"ObjectMethod":{"enter":[null]},"ArrowFunctionExpression":{"enter":[null]},"ClassMethod":{"enter":[null]},"AnyTypeAnnotation":{"enter":[null]},"ArrayTypeAnnotation":{"enter":[null]},"BooleanTypeAnnotation":{"enter":[null]},"BooleanLiteralTypeAnnotation":{"enter":[null]},"NullLiteralTypeAnnotation":{"enter":[null]},"ClassImplements":{"enter":[null]},"DeclareClass":{"enter":[null]},"DeclareFunction":{"enter":[null]},"DeclareInterface":{"enter":[null]},"DeclareModule":{"enter":[null]},"DeclareModuleExports":{"enter":[null]},"DeclareTypeAlias":{"enter":[null]},"DeclareOpaqueType":{"enter":[null]},"DeclareVariable":{"enter":[null]},"DeclareExportDeclaration":{"enter":[null]},"DeclareExportAllDeclaration":{"enter":[null]},"DeclaredPredicate":{"enter":[null]},"ExistsTypeAnnotation":{"enter":[null]},"FunctionTypeAnnotation":{"enter":[null]},"FunctionTypeParam":{"enter":[null]},"GenericTypeAnnotation":{"enter":[null]},"InferredPredicate":{"enter":[null]},"InterfaceExtends":{"enter":[null]},"InterfaceDeclaration":{"enter":[null]},"IntersectionTypeAnnotation":{"enter":[null]},"MixedTypeAnnotation":{"enter":[null]},"EmptyTypeAnnotation":{"enter":[null]},"NullableTypeAnnotation":{"enter":[null]},"NumberLiteralTypeAnnotation":{"enter":[null]},"NumberTypeAnnotation":{"enter":[null]},"ObjectTypeAnnotation":{"enter":[null]},"ObjectTypeCallProperty":{"enter":[null]},"ObjectTypeIndexer":{"enter":[null]},"ObjectTypeProperty":{"enter":[null]},"ObjectTypeSpreadProperty":{"enter":[null]},"OpaqueType":{"enter":[null]},"QualifiedTypeIdentifier":{"enter":[null]},"StringLiteralTypeAnnotation":{"enter":[null]},"StringTypeAnnotation":{"enter":[null]},"ThisTypeAnnotation":{"enter":[null]},"TupleTypeAnnotation":{"enter":[null]},"TypeofTypeAnnotation":{"enter":[null]},"TypeAlias":{"enter":[null]},"TypeAnnotation":{"enter":[null]},"TypeParameter":{"enter":[null]},"TypeParameterDeclaration":{"enter":[null]},"TypeParameterInstantiation":{"enter":[null]},"UnionTypeAnnotation":{"enter":[null]},"Variance":{"enter":[null]},"VoidTypeAnnotation":{"enter":[null]},"ExportAllDeclaration":{"enter":[null]},"ExportDefaultDeclaration":{"enter":[null]},"ExportNamedDeclaration":{"enter":[null]}},"options":{}},{"key":"base$0$0$22","visitor":{"AssignmentExpression":{"enter":[null]},"BinaryExpression":{"enter":[null]},"_exploded":true,"_verified":true},"options":{}},{"key":"base$0$0$23","visitor":{"_exploded":{},"_verified":{},"Program":{"enter":[null]}},"options":{}},{"key":"regenerator-transform","visitor":{"_exploded":true,"_verified":true,"FunctionDeclaration":{"exit":[null]},"FunctionExpression":{"exit":[null]},"ObjectMethod":{"exit":[null]},"ArrowFunctionExpression":{"exit":[null]},"ClassMethod":{"exit":[null]}},"options":{}}],"presets":[],"compact":false,"ast":true,"babelrc":false,"sourceFileName":"client/main.js","filename":"client/main.js","sourceMaps":true,"envName":"development","cwd":"/Users/linjoe/MEGA/7code/web/taxiapp/client/compatibility","passPerPreset":false,"parserOpts":{"sourceType":"module","sourceFileName":"client/main.js","plugins":["dynamicImport","classProperties","jsx","jsx","flow","asyncGenerators","objectRestSpread","objectRestSpread","flow","asyncGenerators"]},"generatorOpts":{"filename":"client/main.js","comments":true,"compact":false,"sourceMaps":true,"sourceFileName":"client/main.js"}},"code":"var Meteor;\nmodule.watch(require(\"meteor/meteor\"), {\n  Meteor: function (v) {\n    Meteor = v;\n  }\n}, 0);\nvar React;\nmodule.watch(require(\"react\"), {\n  \"default\": function (v) {\n    React = v;\n  }\n}, 1);\nvar ReactDOM;\nmodule.watch(require(\"react-dom\"), {\n  \"default\": function (v) {\n    ReactDOM = v;\n  }\n}, 2);\nvar Tracker;\nmodule.watch(require(\"meteor/tracker\"), {\n  Tracker: function (v) {\n    Tracker = v;\n  }\n}, 3);\nvar Router, Route, browserHistory;\nmodule.watch(require(\"react-router\"), {\n  Router: function (v) {\n    Router = v;\n  },\n  Route: function (v) {\n    Route = v;\n  },\n  browserHistory: function (v) {\n    browserHistory = v;\n  }\n}, 4);\nvar RidesDB;\nmodule.watch(require(\"../imports/api/rides\"), {\n  RidesDB: function (v) {\n    RidesDB = v;\n  }\n}, 5);\nvar ClientsDB;\nmodule.watch(require(\"../imports/api/clients\"), {\n  ClientsDB: function (v) {\n    ClientsDB = v;\n  }\n}, 6);\nvar Signup;\nmodule.watch(require(\"../imports/ui/users/Signup\"), {\n  \"default\": function (v) {\n    Signup = v;\n  }\n}, 7);\nvar Login;\nmodule.watch(require(\"../imports/ui/users/Login\"), {\n  \"default\": function (v) {\n    Login = v;\n  }\n}, 8);\nvar Input;\nmodule.watch(require(\"../imports/ui/Input\"), {\n  \"default\": function (v) {\n    Input = v;\n  }\n}, 9);\nvar Import;\nmodule.watch(require(\"../imports/ui/Import\"), {\n  \"default\": function (v) {\n    Import = v;\n  }\n}, 10);\nvar Rides;\nmodule.watch(require(\"../imports/ui/Rides\"), {\n  \"default\": function (v) {\n    Rides = v;\n  }\n}, 11);\nvar Factuur;\nmodule.watch(require(\"../imports/ui/Factuur\"), {\n  \"default\": function (v) {\n    Factuur = v;\n  }\n}, 12);\nvar Admin;\nmodule.watch(require(\"../imports/ui/users/Admin\"), {\n  \"default\": function (v) {\n    Admin = v;\n  }\n}, 13);\nvar NotFound;\nmodule.watch(require(\"../imports/ui/NotFound\"), {\n  \"default\": function (v) {\n    NotFound = v;\n  }\n}, 14);\nvar Edit;\nmodule.watch(require(\"../imports/ui/Edit\"), {\n  \"default\": function (v) {\n    Edit = v;\n  }\n}, 15);\nmodule.watch(require(\"bootstrap-sass\"));\nvar unauthenticatedPages = ['/'];\nvar AuthenticatedPages = ['/signup', '/invoer', '/import', '/ritten', '/bewerk', '/factuur', '/admin'];\n\nvar onEnterPublicPage = function () {\n  if (Meteor.userId()) {\n    browserHistory.replace('/ritten');\n  }\n};\n\nvar onEnterPrivatePage = function () {\n  if (!Meteor.userId()) {\n    browserHistory.replace('/');\n  }\n};\n\nvar routes = React.createElement(Router, {\n  history: browserHistory\n}, React.createElement(Route, {\n  path: \"/\",\n  component: Login,\n  onEnter: onEnterPublicPage\n}), React.createElement(Route, {\n  path: \"/signup\",\n  component: Signup\n}), React.createElement(Route, {\n  path: \"/invoer\",\n  component: Input,\n  onEnter: onEnterPrivatePage\n}), React.createElement(Route, {\n  path: \"/import\",\n  component: Import,\n  onEnter: onEnterPrivatePage\n}), React.createElement(Route, {\n  path: \"/ritten\",\n  component: Rides,\n  onEnter: onEnterPrivatePage\n}), React.createElement(Route, {\n  path: \"/bewerk\",\n  component: Edit,\n  onEnter: onEnterPrivatePage\n}), React.createElement(Route, {\n  path: \"/factuur\",\n  component: Factuur,\n  onEnter: onEnterPrivatePage\n}), React.createElement(Route, {\n  path: \"/admin\",\n  component: Admin,\n  onEnter: onEnterPrivatePage\n}), React.createElement(Route, {\n  path: \"*\",\n  component: NotFound\n}));\nTracker.autorun(function () {\n  var isAuthenticated = !!Meteor.userId();\n  var pathname = browserHistory.getCurrentLocation().pathname;\n  var isUnauthenticatedPage = unauthenticatedPages.includes(pathname);\n  var isAuthenticatedPage = AuthenticatedPages.includes;\n  console.log('is Authenticated' + isAuthenticated);\n\n  if (isUnauthenticatedPage && isAuthenticated) {\n    browserHistory.replace('/ritten');\n  } else if (isAuthenticatedPage && !isAuthenticated) {\n    browserHistory.replace('/');\n  }\n});\nMeteor.startup(function () {\n  var rides = RidesDB.find().fetch();\n  console.log('rides: ' + rides);\n  ReactDOM.render(routes, document.getElementById('app'));\n});","map":{"version":3,"sources":["client/main.js"],"names":["Meteor","module","watch","require","v","React","ReactDOM","Tracker","Router","Route","browserHistory","RidesDB","ClientsDB","Signup","Login","Input","Import","Rides","Factuur","Admin","NotFound","Edit","unauthenticatedPages","AuthenticatedPages","onEnterPublicPage","userId","replace","onEnterPrivatePage","routes","autorun","isAuthenticated","pathname","getCurrentLocation","isUnauthenticatedPage","includes","isAuthenticatedPage","console","log","startup","rides","find","fetch","render","document","getElementById"],"mappings":"AAAA,IAAIA,MAAJ;AAAWC,OAAOC,KAAP,CAAaC,QAAQ,eAAR,CAAb,EAAsC;AAACH,QAAD,YAAQI,CAAR,EAAU;AAACJ,aAAOI,CAAP;AAAS;AAApB,CAAtC,EAA4D,CAA5D;AAA+D,IAAIC,KAAJ;AAAUJ,OAAOC,KAAP,CAAaC,QAAQ,OAAR,CAAb,EAA8B;AAAA,uBAASC,CAAT,EAAW;AAACC,YAAMD,CAAN;AAAQ;AAApB,CAA9B,EAAoD,CAApD;AAAuD,IAAIE,QAAJ;AAAaL,OAAOC,KAAP,CAAaC,QAAQ,WAAR,CAAb,EAAkC;AAAA,uBAASC,CAAT,EAAW;AAACE,eAASF,CAAT;AAAW;AAAvB,CAAlC,EAA2D,CAA3D;AAA8D,IAAIG,OAAJ;AAAYN,OAAOC,KAAP,CAAaC,QAAQ,gBAAR,CAAb,EAAuC;AAACI,SAAD,YAASH,CAAT,EAAW;AAACG,cAAQH,CAAR;AAAU;AAAtB,CAAvC,EAA+D,CAA/D;AAAkE,IAAII,MAAJ,EAAWC,KAAX,EAAiBC,cAAjB;AAAgCT,OAAOC,KAAP,CAAaC,QAAQ,cAAR,CAAb,EAAqC;AAACK,QAAD,YAAQJ,CAAR,EAAU;AAACI,aAAOJ,CAAP;AAAS,GAApB;AAAqBK,OAArB,YAA2BL,CAA3B,EAA6B;AAACK,YAAML,CAAN;AAAQ,GAAtC;AAAuCM,gBAAvC,YAAsDN,CAAtD,EAAwD;AAACM,qBAAeN,CAAf;AAAiB;AAA1E,CAArC,EAAiH,CAAjH;AAAoH,IAAIO,OAAJ;AAAYV,OAAOC,KAAP,CAAaC,QAAQ,sBAAR,CAAb,EAA6C;AAACQ,SAAD,YAASP,CAAT,EAAW;AAACO,cAAQP,CAAR;AAAU;AAAtB,CAA7C,EAAqE,CAArE;AAAwE,IAAIQ,SAAJ;AAAcX,OAAOC,KAAP,CAAaC,QAAQ,wBAAR,CAAb,EAA+C;AAACS,WAAD,YAAWR,CAAX,EAAa;AAACQ,gBAAUR,CAAV;AAAY;AAA1B,CAA/C,EAA2E,CAA3E;AAA8E,IAAIS,MAAJ;AAAWZ,OAAOC,KAAP,CAAaC,QAAQ,4BAAR,CAAb,EAAmD;AAAA,uBAASC,CAAT,EAAW;AAACS,aAAOT,CAAP;AAAS;AAArB,CAAnD,EAA0E,CAA1E;AAA6E,IAAIU,KAAJ;AAAUb,OAAOC,KAAP,CAAaC,QAAQ,2BAAR,CAAb,EAAkD;AAAA,uBAASC,CAAT,EAAW;AAACU,YAAMV,CAAN;AAAQ;AAApB,CAAlD,EAAwE,CAAxE;AAA2E,IAAIW,KAAJ;AAAUd,OAAOC,KAAP,CAAaC,QAAQ,qBAAR,CAAb,EAA4C;AAAA,uBAASC,CAAT,EAAW;AAACW,YAAMX,CAAN;AAAQ;AAApB,CAA5C,EAAkE,CAAlE;AAAqE,IAAIY,MAAJ;AAAWf,OAAOC,KAAP,CAAaC,QAAQ,sBAAR,CAAb,EAA6C;AAAA,uBAASC,CAAT,EAAW;AAACY,aAAOZ,CAAP;AAAS;AAArB,CAA7C,EAAoE,EAApE;AAAwE,IAAIa,KAAJ;AAAUhB,OAAOC,KAAP,CAAaC,QAAQ,qBAAR,CAAb,EAA4C;AAAA,uBAASC,CAAT,EAAW;AAACa,YAAMb,CAAN;AAAQ;AAApB,CAA5C,EAAkE,EAAlE;AAAsE,IAAIc,OAAJ;AAAYjB,OAAOC,KAAP,CAAaC,QAAQ,uBAAR,CAAb,EAA8C;AAAA,uBAASC,CAAT,EAAW;AAACc,cAAQd,CAAR;AAAU;AAAtB,CAA9C,EAAsE,EAAtE;AAA0E,IAAIe,KAAJ;AAAUlB,OAAOC,KAAP,CAAaC,QAAQ,2BAAR,CAAb,EAAkD;AAAA,uBAASC,CAAT,EAAW;AAACe,YAAMf,CAAN;AAAQ;AAApB,CAAlD,EAAwE,EAAxE;AAA4E,IAAIgB,QAAJ;AAAanB,OAAOC,KAAP,CAAaC,QAAQ,wBAAR,CAAb,EAA+C;AAAA,uBAASC,CAAT,EAAW;AAACgB,eAAShB,CAAT;AAAW;AAAvB,CAA/C,EAAwE,EAAxE;AAA4E,IAAIiB,IAAJ;AAASpB,OAAOC,KAAP,CAAaC,QAAQ,oBAAR,CAAb,EAA2C;AAAA,uBAASC,CAAT,EAAW;AAACiB,WAAKjB,CAAL;AAAO;AAAnB,CAA3C,EAAgE,EAAhE;AAAoEH,OAAOC,KAAP,CAAaC,QAAQ,gBAAR,CAAb;AAqBz1C,IAAMmB,uBAAuB,CAAC,GAAD,CAA7B;AACA,IAAMC,qBAAqB,CAAC,SAAD,EAAW,SAAX,EAAqB,SAArB,EAA+B,SAA/B,EAAyC,SAAzC,EAAmD,UAAnD,EAA8D,QAA9D,CAA3B;;AACA,IAAMC,oBAAoB,YAAM;AAC/B,MAAGxB,OAAOyB,MAAP,EAAH,EAAoB;AACnBf,mBAAegB,OAAf,CAAuB,SAAvB;AACA;AACD,CAJD;;AAKA,IAAMC,qBAAqB,YAAM;AAChC,MAAG,CAAC3B,OAAOyB,MAAP,EAAJ,EAAqB;AACpBf,mBAAegB,OAAf,CAAuB,GAAvB;AACA;AACD,CAJD;;AAQA,IAAME,SACJ,oBAAC,MAAD;AAAQ,WAASlB;AAAjB,GACE,oBAAC,KAAD;AAAO,QAAK,GAAZ;AAAgB,aAAWI,KAA3B;AAAkC,WAASU;AAA3C,EADF,EAEE,oBAAC,KAAD;AAAO,QAAK,SAAZ;AAAsB,aAAWX;AAAjC,EAFF,EAGE,oBAAC,KAAD;AAAO,QAAK,SAAZ;AAAsB,aAAWE,KAAjC;AAAwC,WAASY;AAAjD,EAHF,EAIE,oBAAC,KAAD;AAAO,QAAK,SAAZ;AAAsB,aAAWX,MAAjC;AAAyC,WAASW;AAAlD,EAJF,EAKE,oBAAC,KAAD;AAAO,QAAK,SAAZ;AAAsB,aAAWV,KAAjC;AAAwC,WAASU;AAAjD,EALF,EAME,oBAAC,KAAD;AAAO,QAAK,SAAZ;AAAsB,aAAWN,IAAjC;AAAuC,WAASM;AAAhD,EANF,EAOE,oBAAC,KAAD;AAAO,QAAK,UAAZ;AAAuB,aAAWT,OAAlC;AAA2C,WAASS;AAApD,EAPF,EAQE,oBAAC,KAAD;AAAO,QAAK,QAAZ;AAAqB,aAAWR,KAAhC;AAAuC,WAASQ;AAAhD,EARF,EASE,oBAAC,KAAD;AAAO,QAAK,GAAZ;AAAgB,aAAWP;AAA3B,EATF,CADF;AAcAb,QAAQsB,OAAR,CAAgB,YAAM;AACrB,MAAMC,kBAAkB,CAAC,CAAC9B,OAAOyB,MAAP,EAA1B;AACA,MAAMM,WAAWrB,eAAesB,kBAAf,GAAoCD,QAArD;AACA,MAAME,wBAAwBX,qBAAqBY,QAArB,CAA8BH,QAA9B,CAA9B;AACA,MAAMI,sBAAsBZ,mBAAmBW,QAA/C;AACAE,UAAQC,GAAR,CAAY,qBAAqBP,eAAjC;;AAGA,MAAIG,yBAAyBH,eAA7B,EAA8C;AAC7CpB,mBAAegB,OAAf,CAAuB,SAAvB;AACA,GAFD,MAEO,IAAIS,uBAAuB,CAACL,eAA5B,EAA4C;AAClDpB,mBAAegB,OAAf,CAAuB,GAAvB;AACA;AAED,CAdD;AAkBA1B,OAAOsC,OAAP,CAAe,YAAM;AACpB,MAAIC,QAAQ5B,QAAQ6B,IAAR,GAAeC,KAAf,EAAZ;AACAL,UAAQC,GAAR,CAAY,YAAUE,KAAtB;AAGCjC,WAASoC,MAAT,CAAgBd,MAAhB,EAAwBe,SAASC,cAAT,CAAwB,KAAxB,CAAxB;AACD,CAND","sourcesContent":["import {Meteor} from 'meteor/meteor';\nimport React from 'react';\nimport ReactDOM from 'react-dom';\nimport { Tracker } from 'meteor/tracker'\nimport { Router, Route, browserHistory } from 'react-router';\nimport {RidesDB} from '../imports/api/rides'\nimport {ClientsDB} from '../imports/api/clients'\nimport Signup from '../imports/ui/users/Signup'\nimport Login from '../imports/ui/users/Login';\nimport Input from '../imports/ui/Input';\nimport Import from '../imports/ui/Import';\nimport Rides from '../imports/ui/Rides';\nimport Factuur from '../imports/ui/Factuur';\nimport Admin from '../imports/ui/users/Admin';\nimport NotFound from '../imports/ui/NotFound';\nimport Edit from '../imports/ui/Edit'\nimport 'bootstrap-sass';\n\n\n\n\nconst unauthenticatedPages = ['/'];\nconst AuthenticatedPages = ['/signup','/invoer','/import','/ritten','/bewerk','/factuur','/admin' ];\nconst onEnterPublicPage = () => {\n\tif(Meteor.userId()) {\n\t\tbrowserHistory.replace('/ritten')\n\t}\n}\nconst onEnterPrivatePage = () => {\n\tif(!Meteor.userId()) {\n\t\tbrowserHistory.replace('/')\n\t}\n}\n\n\n\nconst routes = (\n  <Router history={browserHistory}>\n    <Route path=\"/\" component={Login} onEnter={onEnterPublicPage}/>\n    <Route path=\"/signup\" component={Signup} />\n    <Route path=\"/invoer\" component={Input} onEnter={onEnterPrivatePage}/>\n    <Route path=\"/import\" component={Import} onEnter={onEnterPrivatePage}/>\n    <Route path=\"/ritten\" component={Rides} onEnter={onEnterPrivatePage}/>\n    <Route path=\"/bewerk\" component={Edit} onEnter={onEnterPrivatePage}/>\n    <Route path=\"/factuur\" component={Factuur} onEnter={onEnterPrivatePage}/>\n    <Route path=\"/admin\" component={Admin} onEnter={onEnterPrivatePage}/>\n    <Route path=\"*\" component={NotFound}/>\n  </Router>\n);\n\nTracker.autorun(() => {\n\tconst isAuthenticated = !!Meteor.userId();\n\tconst pathname = browserHistory.getCurrentLocation().pathname;\n\tconst isUnauthenticatedPage = unauthenticatedPages.includes(pathname)\n\tconst isAuthenticatedPage = AuthenticatedPages.includes\n\tconsole.log('is Authenticated' + isAuthenticated)\n\n\n\tif (isUnauthenticatedPage && isAuthenticated) {\n\t\tbrowserHistory.replace('/ritten');\n\t} else if (isAuthenticatedPage && !isAuthenticated){\n\t\tbrowserHistory.replace('/')\n\t}\n\t\t\n})\n\n\n\nMeteor.startup(() => {\n\tlet rides = RidesDB.find().fetch();\n\tconsole.log('rides: '+rides)\n\n\n  ReactDOM.render(routes, document.getElementById('app'));\n});\n"]},"sourceType":"script","hash":"3e4e416c2e4d4997bc90cd28fad86b8495e08aa5"}
