{"metadata":{},"options":{"plugins":[{"key":"base$1$0","visitor":{"_exploded":{},"_verified":{},"JSXNamespacedName":{"enter":[null]},"JSXElement":{"exit":[null]},"JSXFragment":{"exit":[null]},"Program":{"enter":[null],"exit":[null]},"JSXAttribute":{"enter":[null]}},"options":{"pragma":"React.createElement","pragmaFrag":"React.Fragment","throwIfNamespace":true,"useBuiltIns":false}},{"key":"base$1$1","visitor":{"_exploded":true,"_verified":true},"options":{}},{"key":"base$1$2","visitor":{"ExportDefaultDeclaration":{"enter":[null]},"CallExpression":{"enter":[null]},"_exploded":true,"_verified":true},"options":{}},{"key":"base$0$0","visitor":{"Program":{"enter":[null]},"_exploded":true,"_verified":true},"options":{"generateLetDeclarations":true,"enforceStrictMode":false}},{"key":"base$0$1","visitor":{"_exploded":true,"_verified":true},"options":{}},{"key":"base$0$2","visitor":{"_exploded":{},"_verified":{},"Program":{"enter":[null]},"ImportDeclaration":{"enter":[null,null]},"ClassProperty":{"enter":[null]},"AssignmentPattern":{"enter":[null]},"TypeCastExpression":{"enter":[null,null]},"ImportSpecifier":{"enter":[null]},"ClassDeclaration":{"enter":[null]},"ClassExpression":{"enter":[null]},"FunctionDeclaration":{"enter":[null]},"FunctionExpression":{"enter":[null]},"ObjectMethod":{"enter":[null]},"ArrowFunctionExpression":{"enter":[null]},"ClassMethod":{"enter":[null]},"AnyTypeAnnotation":{"enter":[null]},"ArrayTypeAnnotation":{"enter":[null]},"BooleanTypeAnnotation":{"enter":[null]},"BooleanLiteralTypeAnnotation":{"enter":[null]},"NullLiteralTypeAnnotation":{"enter":[null]},"ClassImplements":{"enter":[null]},"DeclareClass":{"enter":[null]},"DeclareFunction":{"enter":[null]},"DeclareInterface":{"enter":[null]},"DeclareModule":{"enter":[null]},"DeclareModuleExports":{"enter":[null]},"DeclareTypeAlias":{"enter":[null]},"DeclareOpaqueType":{"enter":[null]},"DeclareVariable":{"enter":[null]},"DeclareExportDeclaration":{"enter":[null]},"DeclareExportAllDeclaration":{"enter":[null]},"DeclaredPredicate":{"enter":[null]},"ExistsTypeAnnotation":{"enter":[null]},"FunctionTypeAnnotation":{"enter":[null]},"FunctionTypeParam":{"enter":[null]},"GenericTypeAnnotation":{"enter":[null]},"InferredPredicate":{"enter":[null]},"InterfaceExtends":{"enter":[null]},"InterfaceDeclaration":{"enter":[null]},"IntersectionTypeAnnotation":{"enter":[null]},"MixedTypeAnnotation":{"enter":[null]},"EmptyTypeAnnotation":{"enter":[null]},"NullableTypeAnnotation":{"enter":[null]},"NumberLiteralTypeAnnotation":{"enter":[null]},"NumberTypeAnnotation":{"enter":[null]},"ObjectTypeAnnotation":{"enter":[null]},"ObjectTypeCallProperty":{"enter":[null]},"ObjectTypeIndexer":{"enter":[null]},"ObjectTypeProperty":{"enter":[null]},"ObjectTypeSpreadProperty":{"enter":[null]},"OpaqueType":{"enter":[null]},"QualifiedTypeIdentifier":{"enter":[null]},"StringLiteralTypeAnnotation":{"enter":[null]},"StringTypeAnnotation":{"enter":[null]},"ThisTypeAnnotation":{"enter":[null]},"TupleTypeAnnotation":{"enter":[null]},"TypeofTypeAnnotation":{"enter":[null]},"TypeAlias":{"enter":[null]},"TypeAnnotation":{"enter":[null]},"TypeParameter":{"enter":[null]},"TypeParameterDeclaration":{"enter":[null]},"TypeParameterInstantiation":{"enter":[null]},"UnionTypeAnnotation":{"enter":[null]},"Variance":{"enter":[null]},"VoidTypeAnnotation":{"enter":[null]},"ExportAllDeclaration":{"enter":[null]},"ExportDefaultDeclaration":{"enter":[null]},"ExportNamedDeclaration":{"enter":[null]}},"options":{}},{"key":"base$0$3","visitor":{"CallExpression":{"enter":[null]},"BinaryExpression":{"enter":[null]},"MemberExpression":{"enter":[null],"exit":[null]},"_exploded":true,"_verified":true,"Identifier":{"enter":[null]},"JSXIdentifier":{"enter":[null]}},"options":{"polyfill":false,"useBuiltIns":true}},{"key":"base$0$4","visitor":{"_exploded":true,"_verified":true},"options":{}},{"key":"base$0$5","visitor":{"_exploded":{},"_verified":{},"VariableDeclarator":{"enter":[null]},"ExportNamedDeclaration":{"enter":[null]},"CatchClause":{"enter":[null]},"AssignmentExpression":{"enter":[null]},"ObjectExpression":{"enter":[null]},"FunctionDeclaration":{"enter":[null]},"FunctionExpression":{"enter":[null]},"ObjectMethod":{"enter":[null]},"ArrowFunctionExpression":{"enter":[null]},"ClassMethod":{"enter":[null]},"ForInStatement":{"enter":[null]},"ForOfStatement":{"enter":[null]}},"options":{}},{"key":"transform-meteor-async-await","visitor":{"AwaitExpression":{"enter":[null]},"_exploded":true,"_verified":true,"FunctionDeclaration":{"exit":[null]},"FunctionExpression":{"exit":[null]},"ObjectMethod":{"exit":[null]},"ArrowFunctionExpression":{"exit":[null]},"ClassMethod":{"exit":[null]}},"options":{"useNativeAsyncAwait":false}},{"key":"transform-meteor-dynamic-import","visitor":{"_exploded":{},"_verified":{},"CallExpression":{"enter":[null]}},"options":{}},{"key":"base$0$8","visitor":{"_exploded":{},"_verified":{},"Program":{"enter":[null]}},"options":{}},{"key":"base$0$9","visitor":{"Program":{"exit":[null]},"_exploded":true,"_verified":true},"options":{"allowTopLevelThis":true,"strictMode":false,"loose":true}},{"key":"base$0$10","visitor":{"_exploded":{},"_verified":{},"ClassDeclaration":{"enter":[null]},"ClassExpression":{"enter":[null]}},"options":{"loose":true}}],"compact":false,"ast":true,"babelrc":false,"sourceFileName":"imports/api/clients.js","filename":"imports/api/clients.js","sourceMaps":true,"envName":"development","cwd":"/Users/linjoe/MEGA/7code/web/taxiapp","passPerPreset":false,"presets":[],"parserOpts":{"sourceType":"module","sourceFileName":"imports/api/clients.js","plugins":["jsx","jsx","flow","flow","objectRestSpread","objectRestSpread","dynamicImport","asyncGenerators","classProperties"]},"generatorOpts":{"filename":"imports/api/clients.js","comments":true,"compact":false,"sourceMaps":true,"sourceFileName":"imports/api/clients.js"}},"code":"module.export({\n  Clients: () => Clients\n});\nlet Mongo;\nmodule.watch(require(\"meteor/mongo\"), {\n  Mongo(v) {\n    Mongo = v;\n  }\n\n}, 0);\nlet Meteor;\nmodule.watch(require(\"meteor/meteor\"), {\n  Meteor(v) {\n    Meteor = v;\n  }\n\n}, 1);\nlet CalendarAPI;\nmodule.watch(require(\"node-google-calendar\"), {\n  default(v) {\n    CalendarAPI = v;\n  }\n\n}, 2);\nlet moment;\nmodule.watch(require(\"moment\"), {\n  default(v) {\n    moment = v;\n  }\n\n}, 3);\n\nconst CONFIG = require('./google/Settings');\n\nlet cal = new CalendarAPI(CONFIG);\nconst Clients = new Mongo.Collection('clients');\n\nif (Meteor.isServer) {\n  Meteor.publish('Clients', function () {\n    if (!!this.userId) {\n      return Clients.find();\n    }\n  });\n}\n\n;\nMeteor.methods({\n  'Clients.delete'(ID) {\n    if (!this.userId) {\n      throw new Meteor.error('not autherized');\n    } else {\n      for (var i = ID.length - 1; i >= 0; i--) {\n        console.log('removed id: ' + ID[i]);\n        Clients.remove({\n          _id: ID[i]\n        });\n      }\n\n      ;\n    }\n  },\n\n  'Clients.update'(rideId, row) {\n    if (!this.userId) {\n      throw new Meteor.error('not autherized');\n    } else {\n      Clients.update(rideId, row);\n    }\n  },\n\n  'Clients.insert'(newRide) {\n    if (!this.userId) {\n      throw new Meteor.error('not autherized');\n    } else {\n      Clients.insert(newRide);\n    }\n  }\n\n});","map":{"version":3,"sources":["imports/api/clients.js"],"names":["module","export","Clients","Mongo","watch","require","v","Meteor","CalendarAPI","default","moment","CONFIG","cal","Collection","isServer","publish","userId","find","methods","ID","error","i","length","console","log","remove","_id","rideId","row","update","newRide","insert"],"mappings":"AAAAA,OAAOC,MAAP,CAAc;AAACC,WAAQ,MAAIA;AAAb,CAAd;AAAqC,IAAIC,KAAJ;AAAUH,OAAOI,KAAP,CAAaC,QAAQ,cAAR,CAAb,EAAqC;AAACF,QAAMG,CAAN,EAAQ;AAACH,YAAMG,CAAN;AAAQ;;AAAlB,CAArC,EAAyD,CAAzD;AAA4D,IAAIC,MAAJ;AAAWP,OAAOI,KAAP,CAAaC,QAAQ,eAAR,CAAb,EAAsC;AAACE,SAAOD,CAAP,EAAS;AAACC,aAAOD,CAAP;AAAS;;AAApB,CAAtC,EAA4D,CAA5D;AAA+D,IAAIE,WAAJ;AAAgBR,OAAOI,KAAP,CAAaC,QAAQ,sBAAR,CAAb,EAA6C;AAACI,UAAQH,CAAR,EAAU;AAACE,kBAAYF,CAAZ;AAAc;;AAA1B,CAA7C,EAAyE,CAAzE;AAA4E,IAAII,MAAJ;AAAWV,OAAOI,KAAP,CAAaC,QAAQ,QAAR,CAAb,EAA+B;AAACI,UAAQH,CAAR,EAAU;AAACI,aAAOJ,CAAP;AAAS;;AAArB,CAA/B,EAAsD,CAAtD;;AAI5R,MAAMK,SAASN,QAAQ,mBAAR,CAAf;;AAEA,IAAIO,MAAM,IAAIJ,WAAJ,CAAgBG,MAAhB,CAAV;AAGO,MAAMT,UAAU,IAAIC,MAAMU,UAAV,CAAqB,SAArB,CAAhB;;AAEP,IAAIN,OAAOO,QAAX,EAAqB;AACpBP,SAAOQ,OAAP,CAAe,SAAf,EAA0B,YAAW;AACpC,QAAI,CAAC,CAAC,KAAKC,MAAX,EAAmB;AAClB,aAAOd,QAAQe,IAAR,EAAP;AACA;AACD,GAJD;AAKA;;AAAA;AAEDV,OAAOW,OAAP,CAAe;AACZ,mBAAkBC,EAAlB,EAAsB;AACrB,QAAI,CAAC,KAAKH,MAAV,EAAkB;AACjB,YAAM,IAAIT,OAAOa,KAAX,CAAiB,gBAAjB,CAAN;AACA,KAFD,MAEO;AACN,WAAK,IAAIC,IAAIF,GAAGG,MAAH,GAAY,CAAzB,EAA4BD,KAAK,CAAjC,EAAoCA,GAApC,EAAyC;AACxCE,gBAAQC,GAAR,CAAY,iBAAgBL,GAAGE,CAAH,CAA5B;AACAnB,gBAAQuB,MAAR,CAAe;AAACC,eAAKP,GAAGE,CAAH;AAAN,SAAf;AACA;;AAAA;AACD;AAED,GAXW;;AAWV,mBAAkBM,MAAlB,EAAyBC,GAAzB,EAA8B;AAC/B,QAAI,CAAC,KAAKZ,MAAV,EAAkB;AACjB,YAAM,IAAIT,OAAOa,KAAX,CAAiB,gBAAjB,CAAN;AACA,KAFD,MAEO;AACNlB,cAAQ2B,MAAR,CAAeF,MAAf,EAAsBC,GAAtB;AACA;AAED,GAlBW;;AAkBV,mBAAkBE,OAAlB,EAA2B;AAC5B,QAAI,CAAC,KAAKd,MAAV,EAAkB;AACjB,YAAM,IAAIT,OAAOa,KAAX,CAAiB,gBAAjB,CAAN;AACA,KAFD,MAEO;AACNlB,cAAQ6B,MAAR,CAAeD,OAAf;AACA;AAED;;AAzBW,CAAf","sourcesContent":["import {Mongo} from 'meteor/mongo'\nimport {Meteor} from 'meteor/meteor'\nimport CalendarAPI from 'node-google-calendar'\nimport moment from 'moment'\nconst CONFIG = require('./google/Settings');\n\nlet cal = new CalendarAPI(CONFIG);\n\n\nexport const Clients = new Mongo.Collection('clients')\n\nif (Meteor.isServer) {\n\tMeteor.publish('Clients', function() {\n\t\tif (!!this.userId) {\n\t\t\treturn Clients.find();\n\t\t}\n\t})\n};\n\nMeteor.methods({\n\t\t\t'Clients.delete' (ID) {\n\t\t\t\tif (!this.userId) {\n\t\t\t\t\tthrow new Meteor.error('not autherized')\n\t\t\t\t} else {\n\t\t\t\t\tfor (var i = ID.length - 1; i >= 0; i--) {\n\t\t\t\t\t\tconsole.log('removed id: '+ ID[i])\n\t\t\t\t\t\tClients.remove({_id: ID[i]})\n\t\t\t\t\t};\n\t\t\t\t}\n\n\t\t\t},'Clients.update' (rideId,row) {\n\t\t\t\tif (!this.userId) {\n\t\t\t\t\tthrow new Meteor.error('not autherized')\n\t\t\t\t} else {\n\t\t\t\t\tClients.update(rideId,row)\n\t\t\t\t}\n\n\t\t\t},'Clients.insert' (newRide) {\n\t\t\t\tif (!this.userId) {\n\t\t\t\t\tthrow new Meteor.error('not autherized')\n\t\t\t\t} else {\n\t\t\t\t\tClients.insert(newRide)\n\t\t\t\t}\n\n\t\t\t}\n\t\t\t})"]},"sourceType":"script","hash":"429297820d63e8f3cc52296a92ae384f5d486308"}
