{"metadata":{},"options":{"plugins":[{"key":"base$0$0","visitor":{"Program":{"enter":[null]},"_exploded":true,"_verified":true},"options":{"generateLetDeclarations":true,"enforceStrictMode":false}},{"key":"transform-meteor-dynamic-import","visitor":{"_exploded":{},"_verified":{},"CallExpression":{"enter":[null]}},"options":{}},{"key":"base$0$2","visitor":{"CallExpression":{"enter":[null]},"BinaryExpression":{"enter":[null]},"MemberExpression":{"enter":[null],"exit":[null]},"_exploded":true,"_verified":true,"Identifier":{"enter":[null]},"JSXIdentifier":{"enter":[null]}},"options":{"polyfill":false,"useBuiltIns":false}},{"key":"base$0$3","visitor":{"_exploded":{},"_verified":{},"ClassDeclaration":{"enter":[null]},"ClassExpression":{"enter":[null]}},"options":{"loose":true}},{"key":"base$0$4","visitor":{"FunctionExpression":{"exit":[null]},"_exploded":true,"_verified":true},"options":{}},{"key":"base$0$5","visitor":{"ForInStatement":{"enter":[null]},"_exploded":true,"_verified":true},"options":{}},{"key":"base$0$6","visitor":{"Program":{"exit":[null]},"_exploded":true,"_verified":true},"options":{"allowTopLevelThis":true,"strictMode":false,"loose":true}},{"key":"base$0$1$0","visitor":{"_exploded":{},"_verified":{},"JSXNamespacedName":{"enter":[null]},"JSXElement":{"exit":[null]},"JSXFragment":{"exit":[null]},"Program":{"enter":[null],"exit":[null]},"JSXAttribute":{"enter":[null]}},"options":{"pragma":"React.createElement","pragmaFrag":"React.Fragment","throwIfNamespace":true,"useBuiltIns":false}},{"key":"base$0$1$1","visitor":{"_exploded":true,"_verified":true},"options":{}},{"key":"base$0$1$2","visitor":{"ExportDefaultDeclaration":{"enter":[null]},"CallExpression":{"enter":[null]},"_exploded":true,"_verified":true},"options":{}},{"key":"base$0$0$0","visitor":{"_exploded":true,"_verified":true},"options":{}},{"key":"base$0$0$1","visitor":{"_exploded":true,"_verified":true},"options":{}},{"key":"base$0$0$2","visitor":{"ArrowFunctionExpression":{"enter":[null]},"_exploded":true,"_verified":true},"options":{}},{"key":"base$0$0$3","visitor":{"BlockStatement":{"enter":[null]},"SwitchCase":{"enter":[null]},"_exploded":true,"_verified":true},"options":{}},{"key":"base$0$0$4","visitor":{"VariableDeclaration":{"enter":[null]},"CatchClause":{"enter":[null]},"_exploded":true,"BlockStatement":{"enter":[null]},"SwitchStatement":{"enter":[null]},"Program":{"enter":[null]},"_verified":true,"DoWhileStatement":{"enter":[null]},"ForInStatement":{"enter":[null]},"ForStatement":{"enter":[null]},"WhileStatement":{"enter":[null]},"ForOfStatement":{"enter":[null]}},"options":{}},{"key":"base$0$0$5","visitor":{"ExportDefaultDeclaration":{"enter":[null]},"ClassDeclaration":{"enter":[null]},"ClassExpression":{"enter":[null]},"_exploded":true,"_verified":true},"options":{"loose":true}},{"key":"base$0$0$6","visitor":{"ObjectExpression":{"exit":[null]},"_exploded":true,"_verified":true},"options":{"loose":true}},{"key":"base$0$0$7","visitor":{"ExportNamedDeclaration":{"enter":[null]},"CatchClause":{"enter":[null]},"AssignmentExpression":{"enter":[null]},"VariableDeclaration":{"enter":[null]},"_exploded":true,"_verified":true,"ForInStatement":{"enter":[null]},"ForOfStatement":{"enter":[null]}},"options":{}},{"key":"base$0$0$8","visitor":{"ForOfStatement":{"enter":[null]},"_exploded":true,"_verified":true},"options":{"loose":true}},{"key":"base$0$0$9","visitor":{"NumericLiteral":{"enter":[null]},"StringLiteral":{"enter":[null]},"_exploded":true,"_verified":true},"options":{}},{"key":"base$0$0$10","visitor":{"ObjectExpression":{"enter":[null]},"_exploded":true,"_verified":true},"options":{}},{"key":"base$0$0$11","visitor":{"_exploded":true,"_verified":true,"FunctionDeclaration":{"enter":[null]},"FunctionExpression":{"enter":[null]},"ObjectMethod":{"enter":[null]},"ArrowFunctionExpression":{"enter":[null]},"ClassMethod":{"enter":[null]}},"options":{}},{"key":"base$0$0$12","visitor":{"ObjectMethod":{"enter":[null]},"ObjectProperty":{"enter":[null]},"_exploded":true,"_verified":true},"options":{}},{"key":"base$0$0$13","visitor":{"ArrayExpression":{"enter":[null]},"CallExpression":{"enter":[null]},"NewExpression":{"enter":[null]},"_exploded":true,"_verified":true},"options":{}},{"key":"base$0$0$14","visitor":{"RegExpLiteral":{"enter":[null]},"_exploded":true,"_verified":true},"options":{}},{"key":"base$0$0$15","visitor":{"TaggedTemplateExpression":{"enter":[null]},"TemplateLiteral":{"enter":[null]},"_exploded":true,"_verified":true},"options":{"loose":true}},{"key":"base$0$0$16","visitor":{"UnaryExpression":{"enter":[null]},"_exploded":true,"_verified":true,"BlockStatement":{"enter":[null]},"CatchClause":{"enter":[null]},"DoWhileStatement":{"enter":[null]},"ForInStatement":{"enter":[null]},"ForStatement":{"enter":[null]},"FunctionDeclaration":{"enter":[null]},"FunctionExpression":{"enter":[null]},"Program":{"enter":[null]},"ObjectMethod":{"enter":[null]},"SwitchStatement":{"enter":[null]},"WhileStatement":{"enter":[null]},"ArrowFunctionExpression":{"enter":[null]},"ClassDeclaration":{"enter":[null]},"ClassExpression":{"enter":[null]},"ForOfStatement":{"enter":[null]},"ClassMethod":{"enter":[null]}},"options":{}},{"key":"base$0$0$17","visitor":{"RegExpLiteral":{"enter":[null]},"_exploded":true,"_verified":true},"options":{}},{"key":"base$0$0$18","visitor":{"_exploded":true,"_verified":true},"options":{}},{"key":"base$0$0$19","visitor":{"_exploded":{},"_verified":{},"VariableDeclarator":{"enter":[null]},"ExportNamedDeclaration":{"enter":[null]},"CatchClause":{"enter":[null]},"AssignmentExpression":{"enter":[null]},"ObjectExpression":{"enter":[null]},"FunctionDeclaration":{"enter":[null]},"FunctionExpression":{"enter":[null]},"ObjectMethod":{"enter":[null]},"ArrowFunctionExpression":{"enter":[null]},"ClassMethod":{"enter":[null]},"ForInStatement":{"enter":[null]},"ForOfStatement":{"enter":[null]}},"options":{}},{"key":"base$0$0$20","visitor":{"ObjectProperty":{"exit":[null]},"_exploded":true,"_verified":true},"options":{}},{"key":"base$0$0$21","visitor":{"_exploded":{},"_verified":{},"Program":{"enter":[null]},"ImportDeclaration":{"enter":[null,null]},"ClassProperty":{"enter":[null]},"AssignmentPattern":{"enter":[null]},"TypeCastExpression":{"enter":[null,null]},"ImportSpecifier":{"enter":[null]},"ClassDeclaration":{"enter":[null]},"ClassExpression":{"enter":[null]},"FunctionDeclaration":{"enter":[null]},"FunctionExpression":{"enter":[null]},"ObjectMethod":{"enter":[null]},"ArrowFunctionExpression":{"enter":[null]},"ClassMethod":{"enter":[null]},"AnyTypeAnnotation":{"enter":[null]},"ArrayTypeAnnotation":{"enter":[null]},"BooleanTypeAnnotation":{"enter":[null]},"BooleanLiteralTypeAnnotation":{"enter":[null]},"NullLiteralTypeAnnotation":{"enter":[null]},"ClassImplements":{"enter":[null]},"DeclareClass":{"enter":[null]},"DeclareFunction":{"enter":[null]},"DeclareInterface":{"enter":[null]},"DeclareModule":{"enter":[null]},"DeclareModuleExports":{"enter":[null]},"DeclareTypeAlias":{"enter":[null]},"DeclareOpaqueType":{"enter":[null]},"DeclareVariable":{"enter":[null]},"DeclareExportDeclaration":{"enter":[null]},"DeclareExportAllDeclaration":{"enter":[null]},"DeclaredPredicate":{"enter":[null]},"ExistsTypeAnnotation":{"enter":[null]},"FunctionTypeAnnotation":{"enter":[null]},"FunctionTypeParam":{"enter":[null]},"GenericTypeAnnotation":{"enter":[null]},"InferredPredicate":{"enter":[null]},"InterfaceExtends":{"enter":[null]},"InterfaceDeclaration":{"enter":[null]},"IntersectionTypeAnnotation":{"enter":[null]},"MixedTypeAnnotation":{"enter":[null]},"EmptyTypeAnnotation":{"enter":[null]},"NullableTypeAnnotation":{"enter":[null]},"NumberLiteralTypeAnnotation":{"enter":[null]},"NumberTypeAnnotation":{"enter":[null]},"ObjectTypeAnnotation":{"enter":[null]},"ObjectTypeCallProperty":{"enter":[null]},"ObjectTypeIndexer":{"enter":[null]},"ObjectTypeProperty":{"enter":[null]},"ObjectTypeSpreadProperty":{"enter":[null]},"OpaqueType":{"enter":[null]},"QualifiedTypeIdentifier":{"enter":[null]},"StringLiteralTypeAnnotation":{"enter":[null]},"StringTypeAnnotation":{"enter":[null]},"ThisTypeAnnotation":{"enter":[null]},"TupleTypeAnnotation":{"enter":[null]},"TypeofTypeAnnotation":{"enter":[null]},"TypeAlias":{"enter":[null]},"TypeAnnotation":{"enter":[null]},"TypeParameter":{"enter":[null]},"TypeParameterDeclaration":{"enter":[null]},"TypeParameterInstantiation":{"enter":[null]},"UnionTypeAnnotation":{"enter":[null]},"Variance":{"enter":[null]},"VoidTypeAnnotation":{"enter":[null]},"ExportAllDeclaration":{"enter":[null]},"ExportDefaultDeclaration":{"enter":[null]},"ExportNamedDeclaration":{"enter":[null]}},"options":{}},{"key":"base$0$0$22","visitor":{"AssignmentExpression":{"enter":[null]},"BinaryExpression":{"enter":[null]},"_exploded":true,"_verified":true},"options":{}},{"key":"base$0$0$23","visitor":{"_exploded":{},"_verified":{},"Program":{"enter":[null]}},"options":{}},{"key":"regenerator-transform","visitor":{"_exploded":true,"_verified":true,"FunctionDeclaration":{"exit":[null]},"FunctionExpression":{"exit":[null]},"ObjectMethod":{"exit":[null]},"ArrowFunctionExpression":{"exit":[null]},"ClassMethod":{"exit":[null]}},"options":{}}],"presets":[],"compact":false,"ast":true,"babelrc":false,"sourceFileName":"imports/ui/Rides.js","filename":"imports/ui/Rides.js","sourceMaps":true,"envName":"development","cwd":"/Users/linjoe/MEGA/7code/web/taxiapp","passPerPreset":false,"parserOpts":{"sourceType":"module","sourceFileName":"imports/ui/Rides.js","plugins":["dynamicImport","classProperties","jsx","jsx","flow","asyncGenerators","objectRestSpread","objectRestSpread","flow","asyncGenerators"]},"generatorOpts":{"filename":"imports/ui/Rides.js","comments":true,"compact":false,"sourceMaps":true,"sourceFileName":"imports/ui/Rides.js"}},"code":"var _interopRequireDefault = require(\"@babel/runtime/helpers/interopRequireDefault\");\n\nvar _inheritsLoose2 = _interopRequireDefault(require(\"@babel/runtime/helpers/inheritsLoose\"));\n\nvar _extends2 = _interopRequireDefault(require(\"@babel/runtime/helpers/extends\"));\n\nmodule.export({\n  \"default\": function () {\n    return Rides;\n  }\n});\nvar Meteor;\nmodule.watch(require(\"meteor/meteor\"), {\n  Meteor: function (v) {\n    Meteor = v;\n  }\n}, 0);\nvar React;\nmodule.watch(require(\"react\"), {\n  \"default\": function (v) {\n    React = v;\n  }\n}, 1);\nvar Link, browserHistory;\nmodule.watch(require(\"react-router\"), {\n  Link: function (v) {\n    Link = v;\n  },\n  browserHistory: function (v) {\n    browserHistory = v;\n  }\n}, 2);\nvar Menu;\nmodule.watch(require(\"./Menu\"), {\n  \"default\": function (v) {\n    Menu = v;\n  }\n}, 3);\nvar BootstrapTable, TableHeaderColumn;\nmodule.watch(require(\"react-bootstrap-table\"), {\n  BootstrapTable: function (v) {\n    BootstrapTable = v;\n  },\n  TableHeaderColumn: function (v) {\n    TableHeaderColumn = v;\n  }\n}, 4);\nvar RidesDB;\nmodule.watch(require(\"./../api/rides\"), {\n  RidesDB: function (v) {\n    RidesDB = v;\n  }\n}, 5);\nvar Clients;\nmodule.watch(require(\"./../api/clients\"), {\n  Clients: function (v) {\n    Clients = v;\n  }\n}, 6);\nvar Import;\nmodule.watch(require(\"./../api/google\"), {\n  \"default\": function (v) {\n    Import = v;\n  }\n}, 7);\nvar AddClient;\nmodule.watch(require(\"./addClient\"), {\n  \"default\": function (v) {\n    AddClient = v;\n  }\n}, 8);\nMeteor.subscribe('RidesDB');\nvar clientsList = [];\nsetTimeout(function () {\n  var clientsList2 = Clients.find().fetch();\n\n  for (var i = clientsList2.length - 1; i >= 0; i--) {\n    clientsList.push(clientsList2[i].bedrijf);\n  }\n\n  ;\n  console.log(clientsList);\n}, 1000);\n\nvar createClientEditor = function (onUpdate, props) {\n  return React.createElement(ClientEditor, (0, _extends2.default)({\n    onUpdate: onUpdate\n  }, props));\n};\n\nvar cellEditProp = {\n  mode: 'dbclick',\n  blurToSave: true,\n  afterSaveCell: onAfterSaveCell // a hook for after saving cell\n\n};\nvar selectRowProp = {\n  mode: 'checkbox'\n};\n\nfunction onAfterSaveCell(row, cellName, cellValue) {\n  Meteor.call('RidesDB.update', {\n    _id: row._id\n  }, row);\n}\n\nfunction onAfterDeleteRow(rowKeys) {\n  Meteor.call('RidesDB.delete', rowKeys); // alert('The rowkey you drop: ' + rowKeys);\n}\n\nfunction checkFormatter(cell, row) {\n  if (cell === true || cell === 'true') {\n    return \"<div align=\\\"right\\\"><i class=\\\"fa fa-check\\\" aria-hidden=\\\"true\\\"></i></div>\";\n  } else if (cell === false || cell === 'false') {\n    return \"<div align=\\\"right\\\"><i class=\\\"fa fa-times\\\" aria-hidden=\\\"true\\\"></i></div>\";\n  } else if (cell === undefined) {\n    return \"<div align=\\\"right\\\"><i class=\\\"fa fa-question\\\" aria-hidden=\\\"true\\\"></i></div>\";\n  }\n}\n\nfunction bestuurderFormatter(cell, row) {\n  if (cell === '' || cell === undefined) {\n    return \"<a href=\\\"whatsapp://send?text=Nieuwe rit beschikbaar: van: \" + row.van + \" naar: \" + row.naar + \" datum: \" + row.date + \" tijd: \" + row.time + \"\\\" data-action=\\\"share/whatsapp/share\\\">Whatsapp</a>\\n\";\n  } else {\n    return \"\" + cell;\n  }\n}\n\nfunction priceFormatter(cell, row) {\n  if (cell === undefined) {\n    cell = '';\n  }\n\n  return \"&#8364; \" + cell;\n}\n\nfunction timeFormatter(cell, row) {\n  return moment(cell).format('DD MMM YYYY HH:mm');\n}\n\nfunction bewerkFormatter(cell, row) {\n  return \"<i class=\\\"fa fa-pencil\\\" aria-hidden=\\\"true\\\"></i>\\n\";\n}\n\nfunction refresh() {\n  browserHistory.push('/ritten');\n}\n\n;\n\nvar Rides =\n/*#__PURE__*/\nfunction (_React$Component) {\n  (0, _inheritsLoose2.default)(Rides, _React$Component);\n\n  function Rides(props) {\n    var _this;\n\n    _this = _React$Component.call(this, props) || this;\n    _this.state = {\n      error: ''\n    };\n    _this.options = {\n      defaultSortName: 'date',\n      // default sort column name\n      defaultSortOrder: 'desc',\n      // default sort order\n      afterDeleteRow: onAfterDeleteRow,\n      exportCSVText: 'Exporteer',\n      insertText: 'Voeg toe',\n      deleteText: 'Verwijder',\n      saveText: 'Opslaan',\n      closeText: 'Sluit'\n    };\n    return _this;\n  }\n\n  var _proto = Rides.prototype;\n\n  _proto.render = function () {\n    function render() {\n      return React.createElement(\"div\", null, React.createElement(Menu, null), React.createElement(\"div\", {\n        className: \"container-fluid\"\n      }, React.createElement(\"div\", {\n        className: \"row\"\n      }, React.createElement(\"div\", {\n        className: \"col-md-8\"\n      }, React.createElement(\"h1\", null, \"ritten\"), this.state.error ? React.createElement(\"p\", null, this.state.error) : undefined), React.createElement(\"div\", {\n        className: \"col-md-4\"\n      }, React.createElement(Import, null), React.createElement(\"button\", {\n        className: \"btn btn-info\",\n        onClick: refresh\n      }, \"Herlaad\"))), React.createElement(\"div\", {\n        className: \"row\"\n      }, React.createElement(\"div\", {\n        className: \"col-md-12 \"\n      }, React.createElement(BootstrapTable, {\n        exportCSV: true,\n        insertRow: true,\n        deleteRow: true,\n        selectRow: selectRowProp,\n        options: this.options,\n        search: true,\n        data: RidesDB.find().fetch(),\n        striped: true,\n        hover: true,\n        pagination: true,\n        cellEdit: cellEditProp\n      }, React.createElement(TableHeaderColumn, {\n        isKey: true,\n        editable: false,\n        width: \"0px\",\n        dataField: \"_id\",\n        \"export\": false\n      }), React.createElement(TableHeaderColumn, {\n        width: \"175px\",\n        editable: {\n          type: 'datetime-local',\n          placeholder: \"$(cell)\"\n        },\n        dataSort: true,\n        dataFormat: timeFormatter,\n        dataField: \"date\"\n      }, \"Datum\"), React.createElement(TableHeaderColumn, {\n        width: \"150px\",\n        dataField: \"bedrijf\",\n        dataSort: true,\n        editable: {\n          type: 'select',\n          options: {\n            values: clientsList\n          }\n        }\n      }, \"Bedrijf\"), React.createElement(TableHeaderColumn, {\n        width: \"250px\",\n        dataField: \"locatie\"\n      }, \"Van/naar\"), React.createElement(TableHeaderColumn, {\n        width: \"150px\",\n        dataField: \"bestuurder\",\n        dataFormat: bestuurderFormatter\n      }, \"Bestuurder\"), React.createElement(TableHeaderColumn, {\n        width: \"150px\",\n        dataField: \"inzittende\"\n      }, \"Inzittende\"), React.createElement(TableHeaderColumn, {\n        width: \"100px\",\n        dataField: \"kosten\",\n        dataFormat: priceFormatter\n      }, \"Kosten\"), React.createElement(TableHeaderColumn, {\n        width: \"200px\",\n        dataField: \"kostenplaats\"\n      }, \"Kostenplaats\"), React.createElement(TableHeaderColumn, {\n        width: \"40px\",\n        dataField: \"roadshow\",\n        dataFormat: checkFormatter,\n        editable: {\n          type: 'checkbox',\n          options: {\n            values: 'true:false'\n          }\n        }\n      }, \"RS\"), React.createElement(TableHeaderColumn, {\n        width: \"40px\",\n        dataField: \"wachttijd\",\n        dataFormat: checkFormatter,\n        editable: {\n          type: 'checkbox',\n          options: {\n            values: 'true:false'\n          }\n        }\n      }, \"WT\")), React.createElement(\"p\", null, \"RS = Roadshow, WT = Wachttijd\")))), React.createElement(AddClient, null));\n    }\n\n    return render;\n  }();\n\n  return Rides;\n}(React.Component);","map":{"version":3,"sources":["imports/ui/Rides.js"],"names":["module","export","Rides","Meteor","watch","require","v","React","Link","browserHistory","Menu","BootstrapTable","TableHeaderColumn","RidesDB","Clients","Import","AddClient","subscribe","clientsList","setTimeout","clientsList2","find","fetch","i","length","push","bedrijf","console","log","createClientEditor","onUpdate","props","cellEditProp","mode","blurToSave","afterSaveCell","onAfterSaveCell","selectRowProp","row","cellName","cellValue","call","_id","onAfterDeleteRow","rowKeys","checkFormatter","cell","undefined","bestuurderFormatter","van","naar","date","time","priceFormatter","timeFormatter","moment","format","bewerkFormatter","refresh","state","error","options","defaultSortName","defaultSortOrder","afterDeleteRow","exportCSVText","insertText","deleteText","saveText","closeText","render","type","placeholder","values","Component"],"mappings":";;;;;;AAAAA,OAAOC,MAAP,CAAc;AAAC,aAAQ;AAAA,WAAIC,KAAJ;AAAA;AAAT,CAAd;AAAmC,IAAIC,MAAJ;AAAWH,OAAOI,KAAP,CAAaC,QAAQ,eAAR,CAAb,EAAsC;AAACF,QAAD,YAAQG,CAAR,EAAU;AAACH,aAAOG,CAAP;AAAS;AAApB,CAAtC,EAA4D,CAA5D;AAA+D,IAAIC,KAAJ;AAAUP,OAAOI,KAAP,CAAaC,QAAQ,OAAR,CAAb,EAA8B;AAAA,uBAASC,CAAT,EAAW;AAACC,YAAMD,CAAN;AAAQ;AAApB,CAA9B,EAAoD,CAApD;AAAuD,IAAIE,IAAJ,EAASC,cAAT;AAAwBT,OAAOI,KAAP,CAAaC,QAAQ,cAAR,CAAb,EAAqC;AAACG,MAAD,YAAMF,CAAN,EAAQ;AAACE,WAAKF,CAAL;AAAO,GAAhB;AAAiBG,gBAAjB,YAAgCH,CAAhC,EAAkC;AAACG,qBAAeH,CAAf;AAAiB;AAApD,CAArC,EAA2F,CAA3F;AAA8F,IAAII,IAAJ;AAASV,OAAOI,KAAP,CAAaC,QAAQ,QAAR,CAAb,EAA+B;AAAA,uBAASC,CAAT,EAAW;AAACI,WAAKJ,CAAL;AAAO;AAAnB,CAA/B,EAAoD,CAApD;AAAuD,IAAIK,cAAJ,EAAmBC,iBAAnB;AAAqCZ,OAAOI,KAAP,CAAaC,QAAQ,uBAAR,CAAb,EAA8C;AAACM,gBAAD,YAAgBL,CAAhB,EAAkB;AAACK,qBAAeL,CAAf;AAAiB,GAApC;AAAqCM,mBAArC,YAAuDN,CAAvD,EAAyD;AAACM,wBAAkBN,CAAlB;AAAoB;AAA9E,CAA9C,EAA8H,CAA9H;AAAiI,IAAIO,OAAJ;AAAYb,OAAOI,KAAP,CAAaC,QAAQ,gBAAR,CAAb,EAAuC;AAACQ,SAAD,YAASP,CAAT,EAAW;AAACO,cAAQP,CAAR;AAAU;AAAtB,CAAvC,EAA+D,CAA/D;AAAkE,IAAIQ,OAAJ;AAAYd,OAAOI,KAAP,CAAaC,QAAQ,kBAAR,CAAb,EAAyC;AAACS,SAAD,YAASR,CAAT,EAAW;AAACQ,cAAQR,CAAR;AAAU;AAAtB,CAAzC,EAAiE,CAAjE;AAAoE,IAAIS,MAAJ;AAAWf,OAAOI,KAAP,CAAaC,QAAQ,iBAAR,CAAb,EAAwC;AAAA,uBAASC,CAAT,EAAW;AAACS,aAAOT,CAAP;AAAS;AAArB,CAAxC,EAA+D,CAA/D;AAAkE,IAAIU,SAAJ;AAAchB,OAAOI,KAAP,CAAaC,QAAQ,aAAR,CAAb,EAAoC;AAAA,uBAASC,CAAT,EAAW;AAACU,gBAAUV,CAAV;AAAY;AAAxB,CAApC,EAA8D,CAA9D;AASnwBH,OAAOc,SAAP,CAAiB,SAAjB;AAGA,IAAMC,cAAc,EAApB;AAEAC,WAAW,YAAW;AACpB,MAAIC,eAAeN,QAAQO,IAAR,GAAeC,KAAf,EAAnB;;AACA,OAAK,IAAIC,IAAIH,aAAaI,MAAb,GAAsB,CAAnC,EAAsCD,KAAK,CAA3C,EAA8CA,GAA9C,EAAmD;AACjDL,gBAAYO,IAAZ,CAAiBL,aAAaG,CAAb,EAAgBG,OAAjC;AACD;;AAAA;AACDC,UAAQC,GAAR,CAAYV,WAAZ;AACD,CAND,EAMG,IANH;;AASA,IAAMW,qBAAqB,UAACC,QAAD,EAAWC,KAAX;AAAA,SAAsB,oBAAC,YAAD;AAAc,cAAWD;AAAzB,KAAwCC,KAAxC,EAAtB;AAAA,CAA3B;;AAEA,IAAMC,eAAe;AACnBC,QAAM,SADa;AAEnBC,cAAY,IAFO;AAGnBC,iBAAeC,eAHI,CAGY;;AAHZ,CAArB;AAMA,IAAMC,gBAAgB;AACpBJ,QAAM;AADc,CAAtB;;AAIA,SAASG,eAAT,CAAyBE,GAAzB,EAA8BC,QAA9B,EAAwCC,SAAxC,EAAmD;AACjDrC,SAAOsC,IAAP,CAAY,gBAAZ,EAA8B;AAACC,SAAKJ,IAAII;AAAV,GAA9B,EAA6CJ,GAA7C;AACD;;AAED,SAASK,gBAAT,CAA0BC,OAA1B,EAAmC;AACjCzC,SAAOsC,IAAP,CAAY,gBAAZ,EAA8BG,OAA9B,EADiC,CAEjC;AACD;;AAED,SAASC,cAAT,CAAwBC,IAAxB,EAA8BR,GAA9B,EAAmC;AAC/B,MAAGQ,SAAS,IAAT,IAAgBA,SAAU,MAA7B,EAAoC;AAChC;AACH,GAFD,MAEM,IAAGA,SAAS,KAAT,IAAgBA,SAAS,OAA5B,EAAoC;AACtC;AACH,GAFK,MAEA,IAAGA,SAASC,SAAZ,EAAsB;AAC1B;AACD;AACF;;AACH,SAASC,mBAAT,CAA6BF,IAA7B,EAAmCR,GAAnC,EAAwC;AACpC,MAAGQ,SAAS,EAAT,IAAcA,SAASC,SAA1B,EAAoC;AAChC,4EAAqET,IAAIW,GAAzE,eAAsFX,IAAIY,IAA1F,gBAAyGZ,IAAIa,IAA7G,eAA2Hb,IAAIc,IAA/H;AAEH,GAHD,MAGK;AACD,gBAAUN,IAAV;AACH;AACF;;AACH,SAASO,cAAT,CAAwBP,IAAxB,EAA8BR,GAA9B,EAAmC;AAC/B,MAAGQ,SAASC,SAAZ,EAAuB;AACrBD,WAAO,EAAP;AACD;;AACD,sBAAkBA,IAAlB;AACD;;AACH,SAASQ,aAAT,CAAuBR,IAAvB,EAA6BR,GAA7B,EAAkC;AAChC,SAAOiB,OAAOT,IAAP,EAAaU,MAAb,CAAoB,mBAApB,CAAP;AACD;;AAED,SAASC,eAAT,CAAyBX,IAAzB,EAA+BR,GAA/B,EAAoC;AAChC;AAEH;;AAED,SAASoB,OAAT,GAAkB;AAChBjD,iBAAegB,IAAf,CAAoB,SAApB;AACD;;AAAA;;IAGoBvB,K;;;;;AACnB,iBAAY6B,KAAZ,EAAmB;AAAA;;AACjB,wCAAMA,KAAN;AAEA,UAAK4B,KAAL,GAAa;AACXC,aAAO;AADI,KAAb;AAIA,UAAKC,OAAL,GAAe;AACbC,uBAAiB,MADJ;AACa;AAC1BC,wBAAkB,MAFL;AAEc;AAC3BC,sBAAgBrB,gBAHH;AAIbsB,qBAAe,WAJF;AAKbC,kBAAY,UALC;AAMbC,kBAAY,WANC;AAObC,gBAAU,SAPG;AAQbC,iBAAW;AARE,KAAf;AAPiB;AAiBlB;;;;SAMFC,M;sBAAS;AACL,aACC,iCACE,oBAAC,IAAD,OADF,EAEA;AAAK,mBAAU;AAAf,SACE;AAAK,mBAAU;AAAf,SACE;AAAK,mBAAU;AAAf,SACD,yCADC,EAEG,KAAKX,KAAL,CAAWC,KAAX,GAAmB,+BAAI,KAAKD,KAAL,CAAWC,KAAf,CAAnB,GAA+Cb,SAFlD,CADF,EAKE;AAAK,mBAAU;AAAf,SACE,oBAAC,MAAD,OADF,EAEE;AAAQ,mBAAU,cAAlB;AAAiC,iBAASW;AAA1C,mBAFF,CALF,CADF,EAWE;AAAK,mBAAU;AAAf,SACE;AAAK,mBAAU;AAAf,SACE,oBAAC,cAAD;AAAgB,mBAAY,IAA5B;AAAmC,mBAAY,IAA/C;AAAsD,mBAAY,IAAlE;AAA0E,mBAAYrB,aAAtF;AAAuG,iBAAU,KAAKwB,OAAtH;AAAgI,gBAAS,IAAzI;AAAgJ,cAAMhD,QAAQQ,IAAR,GAAeC,KAAf,EAAtJ;AAA8K,qBAA9K;AAAsL,mBAAtL;AAA4L,wBAA5L;AAAuM,kBAAWU;AAAlN,SACD,oBAAC,iBAAD;AAAmB,mBAAnB;AAAyB,kBAAU,KAAnC;AAA0C,eAAM,KAAhD;AAAsD,mBAAU,KAAhE;AAAsE,kBAAS;AAA/E,QADC,EAEE,oBAAC,iBAAD;AAAmB,eAAM,OAAzB;AAAiC,kBAAW;AAAEuC,gBAAM,gBAAR;AAA0BC;AAA1B,SAA5C;AAAgG,kBAAW,IAA3G;AAAkH,oBAAYlB,aAA9H;AAA6I,mBAAU;AAAvJ,iBAFF,EAGE,oBAAC,iBAAD;AAAmB,eAAM,OAAzB;AAAiC,mBAAU,SAA3C;AAAqD,kBAAW,IAAhE;AAAuE,kBAAW;AAAEiB,gBAAM,QAAR;AAAkBV,mBAAS;AAAEY,oBAAQvD;AAAV;AAA3B;AAAlF,mBAHF,EAIE,oBAAC,iBAAD;AAAmB,eAAM,OAAzB;AAAiC,mBAAU;AAA3C,oBAJF,EAKE,oBAAC,iBAAD;AAAmB,eAAM,OAAzB;AAAiC,mBAAU,YAA3C;AAAwD,oBAAY8B;AAApE,sBALF,EAME,oBAAC,iBAAD;AAAmB,eAAM,OAAzB;AAAiC,mBAAU;AAA3C,sBANF,EAOE,oBAAC,iBAAD;AAAmB,eAAM,OAAzB;AAAiC,mBAAU,QAA3C;AAAmD,oBAAYK;AAA/D,kBAPF,EAQE,oBAAC,iBAAD;AAAmB,eAAM,OAAzB;AAAiC,mBAAU;AAA3C,wBARF,EASF,oBAAC,iBAAD;AAAmB,eAAM,MAAzB;AAAgC,mBAAU,UAA1C;AAAqD,oBAAYR,cAAjE;AAAiF,kBAAW;AAAE0B,gBAAM,UAAR;AAAoBV,mBAAS;AAAEY,oBAAQ;AAAV;AAA7B;AAA5F,cATE,EAUE,oBAAC,iBAAD;AAAmB,eAAM,MAAzB;AAAgC,mBAAU,WAA1C;AAAsD,oBAAY5B,cAAlE;AAAkF,kBAAW;AAAE0B,gBAAM,UAAR;AAAoBV,mBAAS;AAAEY,oBAAQ;AAAV;AAA7B;AAA7F,cAVF,CADF,EAaE,+DAbF,CADF,CAXF,CAFA,EA+BE,oBAAC,SAAD,OA/BF,CADD;AAmCF;;;;;;EA5DgClE,MAAMmE,S","sourcesContent":["import { Meteor } from 'meteor/meteor' \nimport React from 'react';\nimport { Link, browserHistory } from 'react-router';\nimport Menu from './Menu'\nimport {BootstrapTable, TableHeaderColumn} from 'react-bootstrap-table';\nimport { RidesDB } from './../api/rides'\nimport { Clients } from './../api/clients'\nimport Import from './../api/google'\nimport AddClient from './addClient'\nMeteor.subscribe('RidesDB')\n\n\nconst clientsList = []\n\nsetTimeout(function() {\n  var clientsList2 = Clients.find().fetch()\n  for (var i = clientsList2.length - 1; i >= 0; i--) {\n    clientsList.push(clientsList2[i].bedrijf)\n  };\n  console.log(clientsList)  \n}, 1000);\n\n\nconst createClientEditor = (onUpdate, props) => (<ClientEditor onUpdate={ onUpdate } {...props}/>);\n\nconst cellEditProp = {\n  mode: 'dbclick',\n  blurToSave: true,\n  afterSaveCell: onAfterSaveCell // a hook for after saving cell\n}\n\nconst selectRowProp = {\n  mode: 'checkbox'\n};\n\nfunction onAfterSaveCell(row, cellName, cellValue) {\n  Meteor.call('RidesDB.update', {_id: row._id},row)\n}\n\nfunction onAfterDeleteRow(rowKeys) {\n  Meteor.call('RidesDB.delete', rowKeys)\n  // alert('The rowkey you drop: ' + rowKeys);\n}\n\nfunction checkFormatter(cell, row) {\n    if(cell === true ||cell ===  'true'){\n        return `<div align=\"right\"><i class=\"fa fa-check\" aria-hidden=\"true\"></i></div>`;\n    }else if(cell === false||cell === 'false'){\n        return `<div align=\"right\"><i class=\"fa fa-times\" aria-hidden=\"true\"></i></div>`;\n    }else if(cell === undefined){\n      return `<div align=\"right\"><i class=\"fa fa-question\" aria-hidden=\"true\"></i></div>`;\n    }\n  }\nfunction bestuurderFormatter(cell, row) {\n    if(cell === ''|| cell === undefined){\n        return `<a href=\"whatsapp://send?text=Nieuwe rit beschikbaar: van: ${row.van} naar: ${row.naar} datum: ${row.date} tijd: ${row.time}\" data-action=\"share/whatsapp/share\">Whatsapp</a>\n`;\n    }else{\n        return `${cell}`;\n    }\n  }\nfunction priceFormatter(cell, row) {\n    if(cell === undefined) {\n      cell = ''\n    }\n    return `&#8364; ${cell}`;\n  }\nfunction timeFormatter(cell, row) {\n  return moment(cell).format('DD MMM YYYY HH:mm');\n}\n\nfunction bewerkFormatter(cell, row) {\n    return `<i class=\"fa fa-pencil\" aria-hidden=\"true\"></i>\n`;\n}\n\nfunction refresh(){\n  browserHistory.push('/ritten')\n};\n\n\nexport default class Rides extends React.Component {\n  constructor(props) {\n    super(props);\n\n    this.state = {\n      error: ''\n    };\n\n    this.options = {\n      defaultSortName: 'date',  // default sort column name\n      defaultSortOrder: 'desc',  // default sort order\n      afterDeleteRow: onAfterDeleteRow,\n      exportCSVText: 'Exporteer',\n      insertText: 'Voeg toe',\n      deleteText: 'Verwijder',\n      saveText: 'Opslaan',\n      closeText: 'Sluit'\n    };\n  }\n\n\n\n\n\n\trender() {\n    \treturn (\n      <div>\n        <Menu/>\n\t    \t<div className='container-fluid'>\n        <div className='row'>\n          <div className='col-md-8'>\n  \t    \t\t<h1>ritten</h1>\n            {this.state.error ? <p>{this.state.error}</p> : undefined}\n          </div>\n          <div className='col-md-4'>\n            <Import/>\n            <button className=\"btn btn-info\" onClick={refresh}>Herlaad</button>\n  \t    \t</div>\n        </div>\n        <div className='row'>\n          <div className='col-md-12 '>\n            <BootstrapTable exportCSV={ true } insertRow={ true } deleteRow={ true }  selectRow={ selectRowProp }  options={ this.options } search={ true } data={RidesDB.find().fetch()} striped hover pagination cellEdit={ cellEditProp } >\n  \t\t\t      <TableHeaderColumn isKey editable={false} width=\"0px\" dataField='_id' export={ false }></TableHeaderColumn>\n              <TableHeaderColumn width=\"175px\" editable={ { type: 'datetime-local', placeholder: `$(cell)`} } dataSort={ true } dataFormat={timeFormatter} dataField='date'>Datum</TableHeaderColumn>\n              <TableHeaderColumn width=\"150px\" dataField='bedrijf' dataSort={ true } editable={ { type: 'select', options: { values: clientsList } } }>Bedrijf</TableHeaderColumn>\n              <TableHeaderColumn width=\"250px\" dataField='locatie'>Van/naar</TableHeaderColumn>\n              <TableHeaderColumn width=\"150px\" dataField='bestuurder' dataFormat={bestuurderFormatter}>Bestuurder</TableHeaderColumn>\n              <TableHeaderColumn width=\"150px\" dataField='inzittende'>Inzittende</TableHeaderColumn>\n              <TableHeaderColumn width=\"100px\" dataField='kosten'dataFormat={priceFormatter}>Kosten</TableHeaderColumn>\n              <TableHeaderColumn width=\"200px\" dataField='kostenplaats'>Kostenplaats</TableHeaderColumn>\n  \t\t\t  \t  <TableHeaderColumn width=\"40px\" dataField='roadshow' dataFormat={checkFormatter} editable={ { type: 'checkbox', options: { values: 'true:false' } } } >RS</TableHeaderColumn>\n              <TableHeaderColumn width=\"40px\" dataField='wachttijd' dataFormat={checkFormatter} editable={ { type: 'checkbox', options: { values: 'true:false' } } } >WT</TableHeaderColumn>\n            </BootstrapTable>\n            <p>RS = Roadshow, WT = Wachttijd</p>\n          </div>\n          </div>\n\t    \t</div>\n        <AddClient/>\n      </div>\n    \t);\n  }\n}\n\n\n\n"]},"sourceType":"script","hash":"488bbb800513a1d07c1f3b811ded29674ffc76e6"}
