{"metadata":{},"options":{"plugins":[{"key":"base$0$0","visitor":{"Program":{"enter":[null]},"_exploded":true,"_verified":true},"options":{"generateLetDeclarations":true,"enforceStrictMode":false}},{"key":"transform-meteor-dynamic-import","visitor":{"_exploded":{},"_verified":{},"CallExpression":{"enter":[null]}},"options":{}},{"key":"base$0$2","visitor":{"CallExpression":{"enter":[null]},"BinaryExpression":{"enter":[null]},"MemberExpression":{"enter":[null],"exit":[null]},"_exploded":true,"_verified":true,"Identifier":{"enter":[null]},"JSXIdentifier":{"enter":[null]}},"options":{"polyfill":false,"useBuiltIns":false}},{"key":"base$0$3","visitor":{"_exploded":{},"_verified":{},"ClassDeclaration":{"enter":[null]},"ClassExpression":{"enter":[null]}},"options":{"loose":true}},{"key":"base$0$4","visitor":{"FunctionExpression":{"exit":[null]},"_exploded":true,"_verified":true},"options":{}},{"key":"base$0$5","visitor":{"ForInStatement":{"enter":[null]},"_exploded":true,"_verified":true},"options":{}},{"key":"base$0$6","visitor":{"Program":{"exit":[null]},"_exploded":true,"_verified":true},"options":{"allowTopLevelThis":true,"strictMode":false,"loose":true}},{"key":"base$0$1$0","visitor":{"_exploded":{},"_verified":{},"JSXNamespacedName":{"enter":[null]},"JSXElement":{"exit":[null]},"JSXFragment":{"exit":[null]},"Program":{"enter":[null],"exit":[null]},"JSXAttribute":{"enter":[null]}},"options":{"pragma":"React.createElement","pragmaFrag":"React.Fragment","throwIfNamespace":true,"useBuiltIns":false}},{"key":"base$0$1$1","visitor":{"_exploded":true,"_verified":true},"options":{}},{"key":"base$0$1$2","visitor":{"ExportDefaultDeclaration":{"enter":[null]},"CallExpression":{"enter":[null]},"_exploded":true,"_verified":true},"options":{}},{"key":"base$0$0$0","visitor":{"_exploded":true,"_verified":true},"options":{}},{"key":"base$0$0$1","visitor":{"_exploded":true,"_verified":true},"options":{}},{"key":"base$0$0$2","visitor":{"ArrowFunctionExpression":{"enter":[null]},"_exploded":true,"_verified":true},"options":{}},{"key":"base$0$0$3","visitor":{"BlockStatement":{"enter":[null]},"SwitchCase":{"enter":[null]},"_exploded":true,"_verified":true},"options":{}},{"key":"base$0$0$4","visitor":{"VariableDeclaration":{"enter":[null]},"CatchClause":{"enter":[null]},"_exploded":true,"BlockStatement":{"enter":[null]},"SwitchStatement":{"enter":[null]},"Program":{"enter":[null]},"_verified":true,"DoWhileStatement":{"enter":[null]},"ForInStatement":{"enter":[null]},"ForStatement":{"enter":[null]},"WhileStatement":{"enter":[null]},"ForOfStatement":{"enter":[null]}},"options":{}},{"key":"base$0$0$5","visitor":{"ExportDefaultDeclaration":{"enter":[null]},"ClassDeclaration":{"enter":[null]},"ClassExpression":{"enter":[null]},"_exploded":true,"_verified":true},"options":{"loose":true}},{"key":"base$0$0$6","visitor":{"ObjectExpression":{"exit":[null]},"_exploded":true,"_verified":true},"options":{"loose":true}},{"key":"base$0$0$7","visitor":{"ExportNamedDeclaration":{"enter":[null]},"CatchClause":{"enter":[null]},"AssignmentExpression":{"enter":[null]},"VariableDeclaration":{"enter":[null]},"_exploded":true,"_verified":true,"ForInStatement":{"enter":[null]},"ForOfStatement":{"enter":[null]}},"options":{}},{"key":"base$0$0$8","visitor":{"ForOfStatement":{"enter":[null]},"_exploded":true,"_verified":true},"options":{"loose":true}},{"key":"base$0$0$9","visitor":{"NumericLiteral":{"enter":[null]},"StringLiteral":{"enter":[null]},"_exploded":true,"_verified":true},"options":{}},{"key":"base$0$0$10","visitor":{"ObjectExpression":{"enter":[null]},"_exploded":true,"_verified":true},"options":{}},{"key":"base$0$0$11","visitor":{"_exploded":true,"_verified":true,"FunctionDeclaration":{"enter":[null]},"FunctionExpression":{"enter":[null]},"ObjectMethod":{"enter":[null]},"ArrowFunctionExpression":{"enter":[null]},"ClassMethod":{"enter":[null]}},"options":{}},{"key":"base$0$0$12","visitor":{"ObjectMethod":{"enter":[null]},"ObjectProperty":{"enter":[null]},"_exploded":true,"_verified":true},"options":{}},{"key":"base$0$0$13","visitor":{"ArrayExpression":{"enter":[null]},"CallExpression":{"enter":[null]},"NewExpression":{"enter":[null]},"_exploded":true,"_verified":true},"options":{}},{"key":"base$0$0$14","visitor":{"RegExpLiteral":{"enter":[null]},"_exploded":true,"_verified":true},"options":{}},{"key":"base$0$0$15","visitor":{"TaggedTemplateExpression":{"enter":[null]},"TemplateLiteral":{"enter":[null]},"_exploded":true,"_verified":true},"options":{"loose":true}},{"key":"base$0$0$16","visitor":{"UnaryExpression":{"enter":[null]},"_exploded":true,"_verified":true,"BlockStatement":{"enter":[null]},"CatchClause":{"enter":[null]},"DoWhileStatement":{"enter":[null]},"ForInStatement":{"enter":[null]},"ForStatement":{"enter":[null]},"FunctionDeclaration":{"enter":[null]},"FunctionExpression":{"enter":[null]},"Program":{"enter":[null]},"ObjectMethod":{"enter":[null]},"SwitchStatement":{"enter":[null]},"WhileStatement":{"enter":[null]},"ArrowFunctionExpression":{"enter":[null]},"ClassDeclaration":{"enter":[null]},"ClassExpression":{"enter":[null]},"ForOfStatement":{"enter":[null]},"ClassMethod":{"enter":[null]}},"options":{}},{"key":"base$0$0$17","visitor":{"RegExpLiteral":{"enter":[null]},"_exploded":true,"_verified":true},"options":{}},{"key":"base$0$0$18","visitor":{"_exploded":true,"_verified":true},"options":{}},{"key":"base$0$0$19","visitor":{"_exploded":{},"_verified":{},"VariableDeclarator":{"enter":[null]},"ExportNamedDeclaration":{"enter":[null]},"CatchClause":{"enter":[null]},"AssignmentExpression":{"enter":[null]},"ObjectExpression":{"enter":[null]},"FunctionDeclaration":{"enter":[null]},"FunctionExpression":{"enter":[null]},"ObjectMethod":{"enter":[null]},"ArrowFunctionExpression":{"enter":[null]},"ClassMethod":{"enter":[null]},"ForInStatement":{"enter":[null]},"ForOfStatement":{"enter":[null]}},"options":{}},{"key":"base$0$0$20","visitor":{"ObjectProperty":{"exit":[null]},"_exploded":true,"_verified":true},"options":{}},{"key":"base$0$0$21","visitor":{"_exploded":{},"_verified":{},"Program":{"enter":[null]},"ImportDeclaration":{"enter":[null,null]},"ClassProperty":{"enter":[null]},"AssignmentPattern":{"enter":[null]},"TypeCastExpression":{"enter":[null,null]},"ImportSpecifier":{"enter":[null]},"ClassDeclaration":{"enter":[null]},"ClassExpression":{"enter":[null]},"FunctionDeclaration":{"enter":[null]},"FunctionExpression":{"enter":[null]},"ObjectMethod":{"enter":[null]},"ArrowFunctionExpression":{"enter":[null]},"ClassMethod":{"enter":[null]},"AnyTypeAnnotation":{"enter":[null]},"ArrayTypeAnnotation":{"enter":[null]},"BooleanTypeAnnotation":{"enter":[null]},"BooleanLiteralTypeAnnotation":{"enter":[null]},"NullLiteralTypeAnnotation":{"enter":[null]},"ClassImplements":{"enter":[null]},"DeclareClass":{"enter":[null]},"DeclareFunction":{"enter":[null]},"DeclareInterface":{"enter":[null]},"DeclareModule":{"enter":[null]},"DeclareModuleExports":{"enter":[null]},"DeclareTypeAlias":{"enter":[null]},"DeclareOpaqueType":{"enter":[null]},"DeclareVariable":{"enter":[null]},"DeclareExportDeclaration":{"enter":[null]},"DeclareExportAllDeclaration":{"enter":[null]},"DeclaredPredicate":{"enter":[null]},"ExistsTypeAnnotation":{"enter":[null]},"FunctionTypeAnnotation":{"enter":[null]},"FunctionTypeParam":{"enter":[null]},"GenericTypeAnnotation":{"enter":[null]},"InferredPredicate":{"enter":[null]},"InterfaceExtends":{"enter":[null]},"InterfaceDeclaration":{"enter":[null]},"IntersectionTypeAnnotation":{"enter":[null]},"MixedTypeAnnotation":{"enter":[null]},"EmptyTypeAnnotation":{"enter":[null]},"NullableTypeAnnotation":{"enter":[null]},"NumberLiteralTypeAnnotation":{"enter":[null]},"NumberTypeAnnotation":{"enter":[null]},"ObjectTypeAnnotation":{"enter":[null]},"ObjectTypeCallProperty":{"enter":[null]},"ObjectTypeIndexer":{"enter":[null]},"ObjectTypeProperty":{"enter":[null]},"ObjectTypeSpreadProperty":{"enter":[null]},"OpaqueType":{"enter":[null]},"QualifiedTypeIdentifier":{"enter":[null]},"StringLiteralTypeAnnotation":{"enter":[null]},"StringTypeAnnotation":{"enter":[null]},"ThisTypeAnnotation":{"enter":[null]},"TupleTypeAnnotation":{"enter":[null]},"TypeofTypeAnnotation":{"enter":[null]},"TypeAlias":{"enter":[null]},"TypeAnnotation":{"enter":[null]},"TypeParameter":{"enter":[null]},"TypeParameterDeclaration":{"enter":[null]},"TypeParameterInstantiation":{"enter":[null]},"UnionTypeAnnotation":{"enter":[null]},"Variance":{"enter":[null]},"VoidTypeAnnotation":{"enter":[null]},"ExportAllDeclaration":{"enter":[null]},"ExportDefaultDeclaration":{"enter":[null]},"ExportNamedDeclaration":{"enter":[null]}},"options":{}},{"key":"base$0$0$22","visitor":{"AssignmentExpression":{"enter":[null]},"BinaryExpression":{"enter":[null]},"_exploded":true,"_verified":true},"options":{}},{"key":"base$0$0$23","visitor":{"_exploded":{},"_verified":{},"Program":{"enter":[null]}},"options":{}},{"key":"regenerator-transform","visitor":{"_exploded":true,"_verified":true,"FunctionDeclaration":{"exit":[null]},"FunctionExpression":{"exit":[null]},"ObjectMethod":{"exit":[null]},"ArrowFunctionExpression":{"exit":[null]},"ClassMethod":{"exit":[null]}},"options":{}}],"presets":[],"compact":false,"ast":true,"babelrc":false,"sourceFileName":"imports/ui/clienteditor.js","filename":"imports/ui/clienteditor.js","sourceMaps":true,"envName":"development","cwd":"/Users/linjoe/MEGA/7code/web/taxiapp","passPerPreset":false,"parserOpts":{"sourceType":"module","sourceFileName":"imports/ui/clienteditor.js","plugins":["dynamicImport","classProperties","jsx","jsx","flow","asyncGenerators","objectRestSpread","objectRestSpread","flow","asyncGenerators"]},"generatorOpts":{"filename":"imports/ui/clienteditor.js","comments":true,"compact":false,"sourceMaps":true,"sourceFileName":"imports/ui/clienteditor.js"}},"code":"var _interopRequireDefault = require(\"@babel/runtime/helpers/interopRequireDefault\");\n\nvar _inheritsLoose2 = _interopRequireDefault(require(\"@babel/runtime/helpers/inheritsLoose\"));\n\nvar _assertThisInitialized2 = _interopRequireDefault(require(\"@babel/runtime/helpers/assertThisInitialized\"));\n\nvar React;\nmodule.watch(require(\"react\"), {\n  \"default\": function (v) {\n    React = v;\n  }\n}, 0);\nvar Clients;\nmodule.watch(require(\"./../api/clients\"), {\n  Clients: function (v) {\n    Clients = v;\n  }\n}, 1);\nvar clientsList = Clients.find().fetch();\nvar currencies = ['USD', 'GBP', 'EUR'];\n\nvar ClientEditor =\n/*#__PURE__*/\nfunction (_React$Component) {\n  (0, _inheritsLoose2.default)(ClientEditor, _React$Component);\n\n  function ClientEditor(props) {\n    var _this;\n\n    _this = _React$Component.call(this, props) || this;\n    _this.updateData = _this.updateData.bind((0, _assertThisInitialized2.default)(_this));\n    _this.state = {\n      amount: props.defaultValue.amount,\n      currency: props.defaultValue.currency\n    };\n    return _this;\n  }\n\n  var _proto = ClientEditor.prototype;\n\n  _proto.focus = function () {\n    function focus() {\n      this.refs.inputRef.focus();\n    }\n\n    return focus;\n  }();\n\n  _proto.updateData = function () {\n    function updateData() {\n      this.props.onUpdate({\n        amount: this.state.amount,\n        currency: this.state.currency\n      });\n    }\n\n    return updateData;\n  }();\n\n  _proto.render = function () {\n    function render() {\n      var _this2 = this;\n\n      return React.createElement(\"span\", null, React.createElement(\"input\", {\n        ref: \"inputRef\",\n        className: (this.props.editorClass || '') + ' form-control editor edit-text',\n        style: {\n          display: 'inline',\n          width: '50%'\n        },\n        type: \"text\",\n        value: this.state.amount,\n        onKeyDown: this.props.onKeyDown,\n        onChange: function (ev) {\n          _this2.setState({\n            amount: parseInt(ev.currentTarget.value, 10)\n          });\n        }\n      }), React.createElement(\"select\", {\n        value: this.state.currency,\n        onKeyDown: this.props.onKeyDown,\n        onChange: function (ev) {\n          _this2.setState({\n            currency: ev.currentTarget.value\n          });\n        }\n      }, currencies.map(function (currency) {\n        return React.createElement(\"option\", {\n          key: currency,\n          value: currency\n        }, currency);\n      })), React.createElement(\"button\", {\n        className: \"btn btn-info btn-xs textarea-save-btn\",\n        onClick: this.updateData\n      }, \"save\"));\n    }\n\n    return render;\n  }();\n\n  return ClientEditor;\n}(React.Component);","map":{"version":3,"sources":["imports/ui/clienteditor.js"],"names":["React","module","watch","require","v","Clients","clientsList","find","fetch","currencies","ClientEditor","props","updateData","bind","state","amount","defaultValue","currency","focus","refs","inputRef","onUpdate","render","editorClass","display","width","onKeyDown","ev","setState","parseInt","currentTarget","value","map","Component"],"mappings":";;;;;;AAAA,IAAIA,KAAJ;AAAUC,OAAOC,KAAP,CAAaC,QAAQ,OAAR,CAAb,EAA8B;AAAA,uBAASC,CAAT,EAAW;AAACJ,YAAMI,CAAN;AAAQ;AAApB,CAA9B,EAAoD,CAApD;AAAuD,IAAIC,OAAJ;AAAYJ,OAAOC,KAAP,CAAaC,QAAQ,kBAAR,CAAb,EAAyC;AAACE,SAAD,YAASD,CAAT,EAAW;AAACC,cAAQD,CAAR;AAAU;AAAtB,CAAzC,EAAiE,CAAjE;AAG7E,IAAME,cAAcD,QAAQE,IAAR,GAAeC,KAAf,EAApB;AACA,IAAMC,aAAa,CAAE,KAAF,EAAS,KAAT,EAAgB,KAAhB,CAAnB;;IAEMC,Y;;;;;AACJ,wBAAYC,KAAZ,EAAmB;AAAA;;AACjB,wCAAMA,KAAN;AACA,UAAKC,UAAL,GAAkB,MAAKA,UAAL,CAAgBC,IAAhB,6CAAlB;AACA,UAAKC,KAAL,GAAa;AAAEC,cAAQJ,MAAMK,YAAN,CAAmBD,MAA7B;AAAqCE,gBAAUN,MAAMK,YAAN,CAAmBC;AAAlE,KAAb;AAHiB;AAIlB;;;;SACDC,K;qBAAQ;AACN,WAAKC,IAAL,CAAUC,QAAV,CAAmBF,KAAnB;AACD;;;;;SACDN,U;0BAAa;AACX,WAAKD,KAAL,CAAWU,QAAX,CAAoB;AAAEN,gBAAQ,KAAKD,KAAL,CAAWC,MAArB;AAA6BE,kBAAU,KAAKH,KAAL,CAAWG;AAAlD,OAApB;AACD;;;;;SACDK,M;sBAAS;AAAA;;AACP,aACE,kCACE;AACE,aAAI,UADN;AAEE,mBAAY,CAAE,KAAKX,KAAL,CAAWY,WAAX,IAA0B,EAA5B,IAAkC,gCAFhD;AAGE,eAAQ;AAAEC,mBAAS,QAAX;AAAqBC,iBAAO;AAA5B,SAHV;AAIE,cAAK,MAJP;AAKE,eAAQ,KAAKX,KAAL,CAAWC,MALrB;AAME,mBAAY,KAAKJ,KAAL,CAAWe,SANzB;AAOE,kBAAW,UAACC,EAAD,EAAQ;AAAE,iBAAKC,QAAL,CAAc;AAAEb,oBAAQc,SAASF,GAAGG,aAAH,CAAiBC,KAA1B,EAAiC,EAAjC;AAAV,WAAd;AAAkE;AAPzF,QADF,EASE;AACE,eAAQ,KAAKjB,KAAL,CAAWG,QADrB;AAEE,mBAAY,KAAKN,KAAL,CAAWe,SAFzB;AAGE,kBAAW,UAACC,EAAD,EAAQ;AAAE,iBAAKC,QAAL,CAAc;AAAEX,sBAAUU,GAAGG,aAAH,CAAiBC;AAA7B,WAAd;AAAsD;AAH7E,SAIItB,WAAWuB,GAAX,CAAe;AAAA,eAAa;AAAQ,eAAMf,QAAd;AAAyB,iBAAQA;AAAjC,WAA8CA,QAA9C,CAAb;AAAA,OAAf,CAJJ,CATF,EAeE;AACE,mBAAU,uCADZ;AAEE,iBAAU,KAAKL;AAFjB,gBAfF,CADF;AAuBD;;;;;;EApCwBZ,MAAMiC,S","sourcesContent":["import React from 'react';\nimport { Clients } from './../api/clients'\n\nconst clientsList = Clients.find().fetch()\nconst currencies = [ 'USD', 'GBP', 'EUR' ];\n\nclass ClientEditor extends React.Component {\n  constructor(props) {\n    super(props);\n    this.updateData = this.updateData.bind(this);\n    this.state = { amount: props.defaultValue.amount, currency: props.defaultValue.currency };\n  }\n  focus() {\n    this.refs.inputRef.focus();\n  }\n  updateData() {\n    this.props.onUpdate({ amount: this.state.amount, currency: this.state.currency });\n  }\n  render() {\n    return (\n      <span>\n        <input\n          ref='inputRef'\n          className={ ( this.props.editorClass || '') + ' form-control editor edit-text' }\n          style={ { display: 'inline', width: '50%' } }\n          type='text'\n          value={ this.state.amount }\n          onKeyDown={ this.props.onKeyDown }\n          onChange={ (ev) => { this.setState({ amount: parseInt(ev.currentTarget.value, 10) }); } } />\n        <select\n          value={ this.state.currency }\n          onKeyDown={ this.props.onKeyDown }\n          onChange={ (ev) => { this.setState({ currency: ev.currentTarget.value }); } } >\n          { currencies.map(currency => (<option key={ currency } value={ currency }>{ currency }</option>)) }\n        </select>\n        <button\n          className='btn btn-info btn-xs textarea-save-btn'\n          onClick={ this.updateData }>\n          save\n        </button>\n      </span>\n    );\n  }\n}"]},"sourceType":"script","hash":"52a019632981f79b424efe7413db6d91daaa978b"}
