{"metadata":{},"options":{"plugins":[{"key":"base$0$0","visitor":{"Program":{"enter":[null]},"_exploded":true,"_verified":true},"options":{"generateLetDeclarations":true,"enforceStrictMode":false}},{"key":"transform-meteor-dynamic-import","visitor":{"_exploded":{},"_verified":{},"CallExpression":{"enter":[null]}},"options":{}},{"key":"base$0$2","visitor":{"CallExpression":{"enter":[null]},"BinaryExpression":{"enter":[null]},"MemberExpression":{"enter":[null],"exit":[null]},"_exploded":true,"_verified":true,"Identifier":{"enter":[null]},"JSXIdentifier":{"enter":[null]}},"options":{"polyfill":false,"useBuiltIns":false}},{"key":"base$0$3","visitor":{"_exploded":{},"_verified":{},"ClassDeclaration":{"enter":[null]},"ClassExpression":{"enter":[null]}},"options":{"loose":true}},{"key":"base$0$4","visitor":{"FunctionExpression":{"exit":[null]},"_exploded":true,"_verified":true},"options":{}},{"key":"base$0$5","visitor":{"ForInStatement":{"enter":[null]},"_exploded":true,"_verified":true},"options":{}},{"key":"base$0$6","visitor":{"Program":{"exit":[null]},"_exploded":true,"_verified":true},"options":{"allowTopLevelThis":true,"strictMode":false,"loose":true}},{"key":"base$0$1$0","visitor":{"_exploded":{},"_verified":{},"JSXNamespacedName":{"enter":[null]},"JSXElement":{"exit":[null]},"JSXFragment":{"exit":[null]},"Program":{"enter":[null],"exit":[null]},"JSXAttribute":{"enter":[null]}},"options":{"pragma":"React.createElement","pragmaFrag":"React.Fragment","throwIfNamespace":true,"useBuiltIns":false}},{"key":"base$0$1$1","visitor":{"_exploded":true,"_verified":true},"options":{}},{"key":"base$0$1$2","visitor":{"ExportDefaultDeclaration":{"enter":[null]},"CallExpression":{"enter":[null]},"_exploded":true,"_verified":true},"options":{}},{"key":"base$0$0$0","visitor":{"_exploded":true,"_verified":true},"options":{}},{"key":"base$0$0$1","visitor":{"_exploded":true,"_verified":true},"options":{}},{"key":"base$0$0$2","visitor":{"ArrowFunctionExpression":{"enter":[null]},"_exploded":true,"_verified":true},"options":{}},{"key":"base$0$0$3","visitor":{"BlockStatement":{"enter":[null]},"SwitchCase":{"enter":[null]},"_exploded":true,"_verified":true},"options":{}},{"key":"base$0$0$4","visitor":{"VariableDeclaration":{"enter":[null]},"CatchClause":{"enter":[null]},"_exploded":true,"BlockStatement":{"enter":[null]},"SwitchStatement":{"enter":[null]},"Program":{"enter":[null]},"_verified":true,"DoWhileStatement":{"enter":[null]},"ForInStatement":{"enter":[null]},"ForStatement":{"enter":[null]},"WhileStatement":{"enter":[null]},"ForOfStatement":{"enter":[null]}},"options":{}},{"key":"base$0$0$5","visitor":{"ExportDefaultDeclaration":{"enter":[null]},"ClassDeclaration":{"enter":[null]},"ClassExpression":{"enter":[null]},"_exploded":true,"_verified":true},"options":{"loose":true}},{"key":"base$0$0$6","visitor":{"ObjectExpression":{"exit":[null]},"_exploded":true,"_verified":true},"options":{"loose":true}},{"key":"base$0$0$7","visitor":{"ExportNamedDeclaration":{"enter":[null]},"CatchClause":{"enter":[null]},"AssignmentExpression":{"enter":[null]},"VariableDeclaration":{"enter":[null]},"_exploded":true,"_verified":true,"ForInStatement":{"enter":[null]},"ForOfStatement":{"enter":[null]}},"options":{}},{"key":"base$0$0$8","visitor":{"ForOfStatement":{"enter":[null]},"_exploded":true,"_verified":true},"options":{"loose":true}},{"key":"base$0$0$9","visitor":{"NumericLiteral":{"enter":[null]},"StringLiteral":{"enter":[null]},"_exploded":true,"_verified":true},"options":{}},{"key":"base$0$0$10","visitor":{"ObjectExpression":{"enter":[null]},"_exploded":true,"_verified":true},"options":{}},{"key":"base$0$0$11","visitor":{"_exploded":true,"_verified":true,"FunctionDeclaration":{"enter":[null]},"FunctionExpression":{"enter":[null]},"ObjectMethod":{"enter":[null]},"ArrowFunctionExpression":{"enter":[null]},"ClassMethod":{"enter":[null]}},"options":{}},{"key":"base$0$0$12","visitor":{"ObjectMethod":{"enter":[null]},"ObjectProperty":{"enter":[null]},"_exploded":true,"_verified":true},"options":{}},{"key":"base$0$0$13","visitor":{"ArrayExpression":{"enter":[null]},"CallExpression":{"enter":[null]},"NewExpression":{"enter":[null]},"_exploded":true,"_verified":true},"options":{}},{"key":"base$0$0$14","visitor":{"RegExpLiteral":{"enter":[null]},"_exploded":true,"_verified":true},"options":{}},{"key":"base$0$0$15","visitor":{"TaggedTemplateExpression":{"enter":[null]},"TemplateLiteral":{"enter":[null]},"_exploded":true,"_verified":true},"options":{"loose":true}},{"key":"base$0$0$16","visitor":{"UnaryExpression":{"enter":[null]},"_exploded":true,"_verified":true,"BlockStatement":{"enter":[null]},"CatchClause":{"enter":[null]},"DoWhileStatement":{"enter":[null]},"ForInStatement":{"enter":[null]},"ForStatement":{"enter":[null]},"FunctionDeclaration":{"enter":[null]},"FunctionExpression":{"enter":[null]},"Program":{"enter":[null]},"ObjectMethod":{"enter":[null]},"SwitchStatement":{"enter":[null]},"WhileStatement":{"enter":[null]},"ArrowFunctionExpression":{"enter":[null]},"ClassDeclaration":{"enter":[null]},"ClassExpression":{"enter":[null]},"ForOfStatement":{"enter":[null]},"ClassMethod":{"enter":[null]}},"options":{}},{"key":"base$0$0$17","visitor":{"RegExpLiteral":{"enter":[null]},"_exploded":true,"_verified":true},"options":{}},{"key":"base$0$0$18","visitor":{"_exploded":true,"_verified":true},"options":{}},{"key":"base$0$0$19","visitor":{"_exploded":{},"_verified":{},"VariableDeclarator":{"enter":[null]},"ExportNamedDeclaration":{"enter":[null]},"CatchClause":{"enter":[null]},"AssignmentExpression":{"enter":[null]},"ObjectExpression":{"enter":[null]},"FunctionDeclaration":{"enter":[null]},"FunctionExpression":{"enter":[null]},"ObjectMethod":{"enter":[null]},"ArrowFunctionExpression":{"enter":[null]},"ClassMethod":{"enter":[null]},"ForInStatement":{"enter":[null]},"ForOfStatement":{"enter":[null]}},"options":{}},{"key":"base$0$0$20","visitor":{"ObjectProperty":{"exit":[null]},"_exploded":true,"_verified":true},"options":{}},{"key":"base$0$0$21","visitor":{"_exploded":{},"_verified":{},"Program":{"enter":[null]},"ImportDeclaration":{"enter":[null,null]},"ClassProperty":{"enter":[null]},"AssignmentPattern":{"enter":[null]},"TypeCastExpression":{"enter":[null,null]},"ImportSpecifier":{"enter":[null]},"ClassDeclaration":{"enter":[null]},"ClassExpression":{"enter":[null]},"FunctionDeclaration":{"enter":[null]},"FunctionExpression":{"enter":[null]},"ObjectMethod":{"enter":[null]},"ArrowFunctionExpression":{"enter":[null]},"ClassMethod":{"enter":[null]},"AnyTypeAnnotation":{"enter":[null]},"ArrayTypeAnnotation":{"enter":[null]},"BooleanTypeAnnotation":{"enter":[null]},"BooleanLiteralTypeAnnotation":{"enter":[null]},"NullLiteralTypeAnnotation":{"enter":[null]},"ClassImplements":{"enter":[null]},"DeclareClass":{"enter":[null]},"DeclareFunction":{"enter":[null]},"DeclareInterface":{"enter":[null]},"DeclareModule":{"enter":[null]},"DeclareModuleExports":{"enter":[null]},"DeclareTypeAlias":{"enter":[null]},"DeclareOpaqueType":{"enter":[null]},"DeclareVariable":{"enter":[null]},"DeclareExportDeclaration":{"enter":[null]},"DeclareExportAllDeclaration":{"enter":[null]},"DeclaredPredicate":{"enter":[null]},"ExistsTypeAnnotation":{"enter":[null]},"FunctionTypeAnnotation":{"enter":[null]},"FunctionTypeParam":{"enter":[null]},"GenericTypeAnnotation":{"enter":[null]},"InferredPredicate":{"enter":[null]},"InterfaceExtends":{"enter":[null]},"InterfaceDeclaration":{"enter":[null]},"IntersectionTypeAnnotation":{"enter":[null]},"MixedTypeAnnotation":{"enter":[null]},"EmptyTypeAnnotation":{"enter":[null]},"NullableTypeAnnotation":{"enter":[null]},"NumberLiteralTypeAnnotation":{"enter":[null]},"NumberTypeAnnotation":{"enter":[null]},"ObjectTypeAnnotation":{"enter":[null]},"ObjectTypeCallProperty":{"enter":[null]},"ObjectTypeIndexer":{"enter":[null]},"ObjectTypeProperty":{"enter":[null]},"ObjectTypeSpreadProperty":{"enter":[null]},"OpaqueType":{"enter":[null]},"QualifiedTypeIdentifier":{"enter":[null]},"StringLiteralTypeAnnotation":{"enter":[null]},"StringTypeAnnotation":{"enter":[null]},"ThisTypeAnnotation":{"enter":[null]},"TupleTypeAnnotation":{"enter":[null]},"TypeofTypeAnnotation":{"enter":[null]},"TypeAlias":{"enter":[null]},"TypeAnnotation":{"enter":[null]},"TypeParameter":{"enter":[null]},"TypeParameterDeclaration":{"enter":[null]},"TypeParameterInstantiation":{"enter":[null]},"UnionTypeAnnotation":{"enter":[null]},"Variance":{"enter":[null]},"VoidTypeAnnotation":{"enter":[null]},"ExportAllDeclaration":{"enter":[null]},"ExportDefaultDeclaration":{"enter":[null]},"ExportNamedDeclaration":{"enter":[null]}},"options":{}},{"key":"base$0$0$22","visitor":{"AssignmentExpression":{"enter":[null]},"BinaryExpression":{"enter":[null]},"_exploded":true,"_verified":true},"options":{}},{"key":"base$0$0$23","visitor":{"_exploded":{},"_verified":{},"Program":{"enter":[null]}},"options":{}},{"key":"regenerator-transform","visitor":{"_exploded":true,"_verified":true,"FunctionDeclaration":{"exit":[null]},"FunctionExpression":{"exit":[null]},"ObjectMethod":{"exit":[null]},"ArrowFunctionExpression":{"exit":[null]},"ClassMethod":{"exit":[null]}},"options":{}}],"presets":[],"compact":false,"ast":true,"babelrc":false,"sourceFileName":"packages/tmeasday:check-npm-versions/check-npm-versions.js","filename":"packages/tmeasday:check-npm-versions/check-npm-versions.js","sourceMaps":true,"envName":"development","cwd":"/Users/linjoe/MEGA/7code/web/taxiapp/client/compatibility","passPerPreset":false,"parserOpts":{"sourceType":"module","sourceFileName":"packages/tmeasday:check-npm-versions/check-npm-versions.js","plugins":["dynamicImport","classProperties","jsx","jsx","flow","asyncGenerators","objectRestSpread","objectRestSpread","flow","asyncGenerators"]},"generatorOpts":{"filename":"packages/tmeasday:check-npm-versions/check-npm-versions.js","comments":true,"compact":false,"sourceMaps":true,"sourceFileName":"packages/tmeasday:check-npm-versions/check-npm-versions.js"}},"code":"var module1 = module;\nmodule1.export({\n  checkNpmVersions: function () {\n    return checkNpmVersions;\n  }\n});\nvar semver;\nmodule1.watch(require(\"semver\"), {\n  \"default\": function (v) {\n    semver = v;\n  }\n}, 0);\n\n// Returns:\n//   - true      if a version of the package in the range is installed\n//   - false     if no version is installed\n//   - version#  if incompatible version is installed\nvar compatibleVersionIsInstalled = function (name, range) {\n  try {\n    var installedVersion = require(name + \"/package.json\").version;\n\n    if (semver.satisfies(installedVersion, range)) {\n      return true;\n    } else {\n      return installedVersion;\n    }\n  } catch (e) {\n    // XXX add something to the tool to make this more reliable\n    var message = e.toString(); // One message comes out of the install npm package the other from npm directly\n\n    if (message.match(\"Cannot find module\") || message.match(\"Can't find npm module\")) {\n      return false;\n    } else {\n      throw e;\n    }\n  }\n};\n\nvar checkNpmVersions = function (packages, packageName) {\n  var failures = {};\n  Object.keys(packages).forEach(function (name) {\n    var range = packages[name];\n    var failure = compatibleVersionIsInstalled(name, range);\n\n    if (failure !== true) {\n      failures[name] = failure;\n    }\n  });\n\n  if (Object.keys(failures).length === 0) {\n    return true;\n  }\n\n  var errors = [];\n  Object.keys(failures).forEach(function (name) {\n    var installed = failures[name];\n    var requirement = name + \"@\" + packages[name];\n\n    if (installed) {\n      errors.push(\" - \" + name + \"@\" + installed + \" installed, \" + requirement + \" needed\");\n    } else {\n      errors.push(\" - \" + name + \"@\" + packages[name] + \" not installed.\");\n    }\n  });\n  var qualifier = packageName ? \"(for \" + packageName + \") \" : '';\n  console.warn(\"WARNING: npm peer requirements \" + qualifier + \"not installed:\\n\" + errors.join('\\n') + \"\\n\\nRead more about installing npm peer dependencies:\\n  http://guide.meteor.com/using-packages.html#peer-npm-dependencies\\n\");\n};","map":{"version":3,"sources":["packages/tmeasday:check-npm-versions/check-npm-versions.js"],"names":["module1","module","export","checkNpmVersions","semver","watch","require","v","compatibleVersionIsInstalled","name","range","installedVersion","version","satisfies","e","message","toString","match","packages","packageName","failures","Object","keys","forEach","failure","length","errors","installed","requirement","push","qualifier","console","warn","join"],"mappings":"AAAA,IAAMA,UAAQC,MAAd;AAAqBD,QAAQE,MAAR,CAAe;AAACC,oBAAiB;AAAA,WAAIA,gBAAJ;AAAA;AAAlB,CAAf;AAAwD,IAAIC,MAAJ;AAAWJ,QAAQK,KAAR,CAAcC,QAAQ,QAAR,CAAd,EAAgC;AAAA,uBAASC,CAAT,EAAW;AAACH,aAAOG,CAAP;AAAS;AAArB,CAAhC,EAAuD,CAAvD;;AAExF;AACA;AACA;AACA;AACA,IAAMC,+BAA+B,UAACC,IAAD,EAAOC,KAAP,EAAiB;AACpD,MAAI;AACF,QAAMC,mBAAmBL,QAAWG,IAAX,oBAAgCG,OAAzD;;AACA,QAAIR,OAAOS,SAAP,CAAiBF,gBAAjB,EAAmCD,KAAnC,CAAJ,EAA+C;AAC7C,aAAO,IAAP;AACD,KAFD,MAEO;AACL,aAAOC,gBAAP;AACD;AACF,GAPD,CAOE,OAAOG,CAAP,EAAU;AACV;AACA,QAAMC,UAAUD,EAAEE,QAAF,EAAhB,CAFU,CAGV;;AACA,QAAID,QAAQE,KAAR,CAAc,oBAAd,KAAuCF,QAAQE,KAAR,CAAc,uBAAd,CAA3C,EAAmF;AACjF,aAAO,KAAP;AACD,KAFD,MAEO;AACL,YAAMH,CAAN;AACD;AACF;AACF,CAlBD;;AAoBO,IAAMX,mBAAmB,UAACe,QAAD,EAAWC,WAAX,EAA2B;AACzD,MAAMC,WAAW,EAAjB;AAEAC,SAAOC,IAAP,CAAYJ,QAAZ,EAAsBK,OAAtB,CAA8B,UAACd,IAAD,EAAU;AACtC,QAAMC,QAAQQ,SAAST,IAAT,CAAd;AACA,QAAMe,UAAUhB,6BAA6BC,IAA7B,EAAmCC,KAAnC,CAAhB;;AAEA,QAAIc,YAAY,IAAhB,EAAsB;AACpBJ,eAASX,IAAT,IAAiBe,OAAjB;AACD;AACF,GAPD;;AASA,MAAIH,OAAOC,IAAP,CAAYF,QAAZ,EAAsBK,MAAtB,KAAiC,CAArC,EAAwC;AACtC,WAAO,IAAP;AACD;;AAED,MAAMC,SAAS,EAAf;AAEAL,SAAOC,IAAP,CAAYF,QAAZ,EAAsBG,OAAtB,CAA8B,UAACd,IAAD,EAAU;AACtC,QAAMkB,YAAYP,SAASX,IAAT,CAAlB;AACA,QAAMmB,cAAiBnB,IAAjB,SAAyBS,SAAST,IAAT,CAA/B;;AAEA,QAAIkB,SAAJ,EAAe;AACbD,aAAOG,IAAP,SAAkBpB,IAAlB,SAA0BkB,SAA1B,oBAAkDC,WAAlD;AACD,KAFD,MAEO;AACLF,aAAOG,IAAP,SAAkBpB,IAAlB,SAA0BS,SAAST,IAAT,CAA1B;AACD;AACF,GATD;AAWA,MAAMqB,YAAYX,wBAAsBA,WAAtB,UAAwC,EAA1D;AACAY,UAAQC,IAAR,qCAA+CF,SAA/C,wBACAJ,OAAOO,IAAP,CAAY,IAAZ,CADA;AAMD,CApCM","sourcesContent":["import semver from 'semver';\n\n// Returns:\n//   - true      if a version of the package in the range is installed\n//   - false     if no version is installed\n//   - version#  if incompatible version is installed\nconst compatibleVersionIsInstalled = (name, range) => {\n  try {\n    const installedVersion = require(`${name}/package.json`).version;\n    if (semver.satisfies(installedVersion, range)) {\n      return true;\n    } else {\n      return installedVersion;\n    }\n  } catch (e) {\n    // XXX add something to the tool to make this more reliable\n    const message = e.toString();\n    // One message comes out of the install npm package the other from npm directly\n    if (message.match(\"Cannot find module\") || message.match(\"Can't find npm module\")) {\n      return false;\n    } else {\n      throw e;\n    }\n  }\n};\n\nexport const checkNpmVersions = (packages, packageName) => {\n  const failures = {};\n\n  Object.keys(packages).forEach((name) => {\n    const range = packages[name];\n    const failure = compatibleVersionIsInstalled(name, range);\n\n    if (failure !== true) {\n      failures[name] = failure;\n    }\n  });\n\n  if (Object.keys(failures).length === 0) {\n    return true;\n  }\n\n  const errors = [];\n\n  Object.keys(failures).forEach((name) => {\n    const installed = failures[name];\n    const requirement = `${name}@${packages[name]}`;\n\n    if (installed) {\n      errors.push(` - ${name}@${installed} installed, ${requirement} needed`);\n    } else {\n      errors.push(` - ${name}@${packages[name]} not installed.`);\n    }\n  });\n\n  const qualifier = packageName ? `(for ${packageName}) ` : '';\n  console.warn(`WARNING: npm peer requirements ${qualifier}not installed:\n${errors.join('\\n')}\n\nRead more about installing npm peer dependencies:\n  http://guide.meteor.com/using-packages.html#peer-npm-dependencies\n`);\n};\n"]},"sourceType":"script","hash":"5be517b09327a845e269961f52a213fe23da0949"}
