{"metadata":{},"options":{"plugins":[{"key":"base$1$0","visitor":{"_exploded":{},"_verified":{},"JSXNamespacedName":{"enter":[null]},"JSXElement":{"exit":[null]},"JSXFragment":{"exit":[null]},"Program":{"enter":[null],"exit":[null]},"JSXAttribute":{"enter":[null]}},"options":{"pragma":"React.createElement","pragmaFrag":"React.Fragment","throwIfNamespace":true,"useBuiltIns":false}},{"key":"base$1$1","visitor":{"_exploded":true,"_verified":true},"options":{}},{"key":"base$1$2","visitor":{"ExportDefaultDeclaration":{"enter":[null]},"CallExpression":{"enter":[null]},"_exploded":true,"_verified":true},"options":{}},{"key":"base$0$0","visitor":{"Program":{"enter":[null]},"_exploded":true,"_verified":true},"options":{"generateLetDeclarations":true,"enforceStrictMode":false}},{"key":"base$0$1","visitor":{"_exploded":true,"_verified":true},"options":{}},{"key":"base$0$2","visitor":{"_exploded":{},"_verified":{},"Program":{"enter":[null]},"ImportDeclaration":{"enter":[null,null]},"ClassProperty":{"enter":[null]},"AssignmentPattern":{"enter":[null]},"TypeCastExpression":{"enter":[null,null]},"ImportSpecifier":{"enter":[null]},"ClassDeclaration":{"enter":[null]},"ClassExpression":{"enter":[null]},"FunctionDeclaration":{"enter":[null]},"FunctionExpression":{"enter":[null]},"ObjectMethod":{"enter":[null]},"ArrowFunctionExpression":{"enter":[null]},"ClassMethod":{"enter":[null]},"AnyTypeAnnotation":{"enter":[null]},"ArrayTypeAnnotation":{"enter":[null]},"BooleanTypeAnnotation":{"enter":[null]},"BooleanLiteralTypeAnnotation":{"enter":[null]},"NullLiteralTypeAnnotation":{"enter":[null]},"ClassImplements":{"enter":[null]},"DeclareClass":{"enter":[null]},"DeclareFunction":{"enter":[null]},"DeclareInterface":{"enter":[null]},"DeclareModule":{"enter":[null]},"DeclareModuleExports":{"enter":[null]},"DeclareTypeAlias":{"enter":[null]},"DeclareOpaqueType":{"enter":[null]},"DeclareVariable":{"enter":[null]},"DeclareExportDeclaration":{"enter":[null]},"DeclareExportAllDeclaration":{"enter":[null]},"DeclaredPredicate":{"enter":[null]},"ExistsTypeAnnotation":{"enter":[null]},"FunctionTypeAnnotation":{"enter":[null]},"FunctionTypeParam":{"enter":[null]},"GenericTypeAnnotation":{"enter":[null]},"InferredPredicate":{"enter":[null]},"InterfaceExtends":{"enter":[null]},"InterfaceDeclaration":{"enter":[null]},"IntersectionTypeAnnotation":{"enter":[null]},"MixedTypeAnnotation":{"enter":[null]},"EmptyTypeAnnotation":{"enter":[null]},"NullableTypeAnnotation":{"enter":[null]},"NumberLiteralTypeAnnotation":{"enter":[null]},"NumberTypeAnnotation":{"enter":[null]},"ObjectTypeAnnotation":{"enter":[null]},"ObjectTypeCallProperty":{"enter":[null]},"ObjectTypeIndexer":{"enter":[null]},"ObjectTypeProperty":{"enter":[null]},"ObjectTypeSpreadProperty":{"enter":[null]},"OpaqueType":{"enter":[null]},"QualifiedTypeIdentifier":{"enter":[null]},"StringLiteralTypeAnnotation":{"enter":[null]},"StringTypeAnnotation":{"enter":[null]},"ThisTypeAnnotation":{"enter":[null]},"TupleTypeAnnotation":{"enter":[null]},"TypeofTypeAnnotation":{"enter":[null]},"TypeAlias":{"enter":[null]},"TypeAnnotation":{"enter":[null]},"TypeParameter":{"enter":[null]},"TypeParameterDeclaration":{"enter":[null]},"TypeParameterInstantiation":{"enter":[null]},"UnionTypeAnnotation":{"enter":[null]},"Variance":{"enter":[null]},"VoidTypeAnnotation":{"enter":[null]},"ExportAllDeclaration":{"enter":[null]},"ExportDefaultDeclaration":{"enter":[null]},"ExportNamedDeclaration":{"enter":[null]}},"options":{}},{"key":"base$0$3","visitor":{"CallExpression":{"enter":[null]},"BinaryExpression":{"enter":[null]},"MemberExpression":{"enter":[null],"exit":[null]},"_exploded":true,"_verified":true,"Identifier":{"enter":[null]},"JSXIdentifier":{"enter":[null]}},"options":{"polyfill":false,"useBuiltIns":true}},{"key":"base$0$4","visitor":{"_exploded":true,"_verified":true},"options":{}},{"key":"base$0$5","visitor":{"_exploded":{},"_verified":{},"VariableDeclarator":{"enter":[null]},"ExportNamedDeclaration":{"enter":[null]},"CatchClause":{"enter":[null]},"AssignmentExpression":{"enter":[null]},"ObjectExpression":{"enter":[null]},"FunctionDeclaration":{"enter":[null]},"FunctionExpression":{"enter":[null]},"ObjectMethod":{"enter":[null]},"ArrowFunctionExpression":{"enter":[null]},"ClassMethod":{"enter":[null]},"ForInStatement":{"enter":[null]},"ForOfStatement":{"enter":[null]}},"options":{}},{"key":"transform-meteor-async-await","visitor":{"AwaitExpression":{"enter":[null]},"_exploded":true,"_verified":true,"FunctionDeclaration":{"exit":[null]},"FunctionExpression":{"exit":[null]},"ObjectMethod":{"exit":[null]},"ArrowFunctionExpression":{"exit":[null]},"ClassMethod":{"exit":[null]}},"options":{"useNativeAsyncAwait":false}},{"key":"transform-meteor-dynamic-import","visitor":{"_exploded":{},"_verified":{},"CallExpression":{"enter":[null]}},"options":{}},{"key":"base$0$8","visitor":{"_exploded":{},"_verified":{},"Program":{"enter":[null]}},"options":{}},{"key":"base$0$9","visitor":{"Program":{"exit":[null]},"_exploded":true,"_verified":true},"options":{"allowTopLevelThis":true,"strictMode":false,"loose":true}},{"key":"base$0$10","visitor":{"_exploded":{},"_verified":{},"ClassDeclaration":{"enter":[null]},"ClassExpression":{"enter":[null]}},"options":{"loose":true}}],"compact":false,"ast":true,"babelrc":false,"sourceFileName":"imports/api/google.js","filename":"imports/api/google.js","sourceMaps":true,"envName":"development","cwd":"/Users/linjoe/MEGA/7code/web/taxiapp","passPerPreset":false,"presets":[],"parserOpts":{"sourceType":"module","sourceFileName":"imports/api/google.js","plugins":["jsx","jsx","flow","flow","objectRestSpread","objectRestSpread","dynamicImport","asyncGenerators","classProperties"]},"generatorOpts":{"filename":"imports/api/google.js","comments":true,"compact":false,"sourceMaps":true,"sourceFileName":"imports/api/google.js"}},"code":"module.export({\n  default: () => Import\n});\nlet React;\nmodule.watch(require(\"react\"), {\n  default(v) {\n    React = v;\n  }\n\n}, 0);\nlet CalendarAPI;\nmodule.watch(require(\"node-google-calendar\"), {\n  default(v) {\n    CalendarAPI = v;\n  }\n\n}, 1);\n\nfunction startSync() {\n  Meteor.call('googleSync', (err, res) => {\n    console.log(err + res);\n    browserHistory.push('/ritten');\n  });\n}\n\nclass Import extends React.Component {\n  render() {\n    return React.createElement(\"div\", null, React.createElement(\"button\", {\n      className: \"btn btn-info\",\n      onClick: startSync\n    }, \"synchroniseer\"));\n  }\n\n}\n\nReact.createElement(Import, null);","map":{"version":3,"sources":["imports/api/google.js"],"names":["module","export","default","Import","React","watch","require","v","CalendarAPI","startSync","Meteor","call","err","res","console","log","browserHistory","push","Component","render"],"mappings":"AAAAA,OAAOC,MAAP,CAAc;AAACC,WAAQ,MAAIC;AAAb,CAAd;AAAoC,IAAIC,KAAJ;AAAUJ,OAAOK,KAAP,CAAaC,QAAQ,OAAR,CAAb,EAA8B;AAACJ,UAAQK,CAAR,EAAU;AAACH,YAAMG,CAAN;AAAQ;;AAApB,CAA9B,EAAoD,CAApD;AAAuD,IAAIC,WAAJ;AAAgBR,OAAOK,KAAP,CAAaC,QAAQ,sBAAR,CAAb,EAA6C;AAACJ,UAAQK,CAAR,EAAU;AAACC,kBAAYD,CAAZ;AAAc;;AAA1B,CAA7C,EAAyE,CAAzE;;AAIrH,SAASE,SAAT,GAAoB;AACnBC,SAAOC,IAAP,CAAY,YAAZ,EAA0B,CAACC,GAAD,EAAKC,GAAL,KAAY;AACrCC,YAAQC,GAAR,CAAYH,MAAMC,GAAlB;AACEG,mBAAeC,IAAf,CAAoB,SAApB;AACF,GAHD;AAIA;;AAEc,MAAMd,MAAN,SAAqBC,MAAMc,SAA3B,CAAqC;AAClDC,WAAS;AACP,WACE,iCACC;AAAQ,iBAAU,cAAlB;AAAiC,eAASV;AAA1C,uBADD,CADF;AAKD;;AAPiD;;AAUpD,oBAAC,MAAD","sourcesContent":["import React from 'react';\nimport CalendarAPI from 'node-google-calendar'\n\n\nfunction startSync(){\n\tMeteor.call('googleSync', (err,res)=> {\n\t\tconsole.log(err + res)\n    browserHistory.push('/ritten')\n\t})\n}\n\nexport default class Import extends React.Component {\n  render() {\n    return (\n      <div>\n      \t<button className=\"btn btn-info\" onClick={startSync}>synchroniseer</button>\n      </div>\n    );\n  }\n}\n\n<Import />"]},"sourceType":"script","hash":"66cebe19e8c3df7c3e8668b3deaed42d30a5fc7d"}
