{"metadata":{},"options":{"plugins":[{"key":"base$1$0","visitor":{"_exploded":{},"_verified":{},"JSXNamespacedName":{"enter":[null]},"JSXElement":{"exit":[null]},"JSXFragment":{"exit":[null]},"Program":{"enter":[null],"exit":[null]},"JSXAttribute":{"enter":[null]}},"options":{"pragma":"React.createElement","pragmaFrag":"React.Fragment","throwIfNamespace":true,"useBuiltIns":false}},{"key":"base$1$1","visitor":{"_exploded":true,"_verified":true},"options":{}},{"key":"base$1$2","visitor":{"ExportDefaultDeclaration":{"enter":[null]},"CallExpression":{"enter":[null]},"_exploded":true,"_verified":true},"options":{}},{"key":"base$0$0","visitor":{"Program":{"enter":[null]},"_exploded":true,"_verified":true},"options":{"generateLetDeclarations":true,"enforceStrictMode":false}},{"key":"base$0$1","visitor":{"_exploded":true,"_verified":true},"options":{}},{"key":"base$0$2","visitor":{"_exploded":{},"_verified":{},"Program":{"enter":[null]},"ImportDeclaration":{"enter":[null,null]},"ClassProperty":{"enter":[null]},"AssignmentPattern":{"enter":[null]},"TypeCastExpression":{"enter":[null,null]},"ImportSpecifier":{"enter":[null]},"ClassDeclaration":{"enter":[null]},"ClassExpression":{"enter":[null]},"FunctionDeclaration":{"enter":[null]},"FunctionExpression":{"enter":[null]},"ObjectMethod":{"enter":[null]},"ArrowFunctionExpression":{"enter":[null]},"ClassMethod":{"enter":[null]},"AnyTypeAnnotation":{"enter":[null]},"ArrayTypeAnnotation":{"enter":[null]},"BooleanTypeAnnotation":{"enter":[null]},"BooleanLiteralTypeAnnotation":{"enter":[null]},"NullLiteralTypeAnnotation":{"enter":[null]},"ClassImplements":{"enter":[null]},"DeclareClass":{"enter":[null]},"DeclareFunction":{"enter":[null]},"DeclareInterface":{"enter":[null]},"DeclareModule":{"enter":[null]},"DeclareModuleExports":{"enter":[null]},"DeclareTypeAlias":{"enter":[null]},"DeclareOpaqueType":{"enter":[null]},"DeclareVariable":{"enter":[null]},"DeclareExportDeclaration":{"enter":[null]},"DeclareExportAllDeclaration":{"enter":[null]},"DeclaredPredicate":{"enter":[null]},"ExistsTypeAnnotation":{"enter":[null]},"FunctionTypeAnnotation":{"enter":[null]},"FunctionTypeParam":{"enter":[null]},"GenericTypeAnnotation":{"enter":[null]},"InferredPredicate":{"enter":[null]},"InterfaceExtends":{"enter":[null]},"InterfaceDeclaration":{"enter":[null]},"IntersectionTypeAnnotation":{"enter":[null]},"MixedTypeAnnotation":{"enter":[null]},"EmptyTypeAnnotation":{"enter":[null]},"NullableTypeAnnotation":{"enter":[null]},"NumberLiteralTypeAnnotation":{"enter":[null]},"NumberTypeAnnotation":{"enter":[null]},"ObjectTypeAnnotation":{"enter":[null]},"ObjectTypeCallProperty":{"enter":[null]},"ObjectTypeIndexer":{"enter":[null]},"ObjectTypeProperty":{"enter":[null]},"ObjectTypeSpreadProperty":{"enter":[null]},"OpaqueType":{"enter":[null]},"QualifiedTypeIdentifier":{"enter":[null]},"StringLiteralTypeAnnotation":{"enter":[null]},"StringTypeAnnotation":{"enter":[null]},"ThisTypeAnnotation":{"enter":[null]},"TupleTypeAnnotation":{"enter":[null]},"TypeofTypeAnnotation":{"enter":[null]},"TypeAlias":{"enter":[null]},"TypeAnnotation":{"enter":[null]},"TypeParameter":{"enter":[null]},"TypeParameterDeclaration":{"enter":[null]},"TypeParameterInstantiation":{"enter":[null]},"UnionTypeAnnotation":{"enter":[null]},"Variance":{"enter":[null]},"VoidTypeAnnotation":{"enter":[null]},"ExportAllDeclaration":{"enter":[null]},"ExportDefaultDeclaration":{"enter":[null]},"ExportNamedDeclaration":{"enter":[null]}},"options":{}},{"key":"base$0$3","visitor":{"CallExpression":{"enter":[null]},"BinaryExpression":{"enter":[null]},"MemberExpression":{"enter":[null],"exit":[null]},"_exploded":true,"_verified":true,"Identifier":{"enter":[null]},"JSXIdentifier":{"enter":[null]}},"options":{"polyfill":false,"useBuiltIns":true}},{"key":"base$0$4","visitor":{"_exploded":true,"_verified":true},"options":{}},{"key":"base$0$5","visitor":{"_exploded":{},"_verified":{},"VariableDeclarator":{"enter":[null]},"ExportNamedDeclaration":{"enter":[null]},"CatchClause":{"enter":[null]},"AssignmentExpression":{"enter":[null]},"ObjectExpression":{"enter":[null]},"FunctionDeclaration":{"enter":[null]},"FunctionExpression":{"enter":[null]},"ObjectMethod":{"enter":[null]},"ArrowFunctionExpression":{"enter":[null]},"ClassMethod":{"enter":[null]},"ForInStatement":{"enter":[null]},"ForOfStatement":{"enter":[null]}},"options":{}},{"key":"transform-meteor-async-await","visitor":{"AwaitExpression":{"enter":[null]},"_exploded":true,"_verified":true,"FunctionDeclaration":{"exit":[null]},"FunctionExpression":{"exit":[null]},"ObjectMethod":{"exit":[null]},"ArrowFunctionExpression":{"exit":[null]},"ClassMethod":{"exit":[null]}},"options":{"useNativeAsyncAwait":false}},{"key":"transform-meteor-dynamic-import","visitor":{"_exploded":{},"_verified":{},"CallExpression":{"enter":[null]}},"options":{}},{"key":"base$0$8","visitor":{"_exploded":{},"_verified":{},"Program":{"enter":[null]}},"options":{}},{"key":"base$0$9","visitor":{"Program":{"exit":[null]},"_exploded":true,"_verified":true},"options":{"allowTopLevelThis":true,"strictMode":false,"loose":true}},{"key":"base$0$10","visitor":{"_exploded":{},"_verified":{},"ClassDeclaration":{"enter":[null]},"ClassExpression":{"enter":[null]}},"options":{"loose":true}}],"compact":false,"ast":true,"babelrc":false,"sourceFileName":"packages/boilerplate-generator/template-web.browser.js","filename":"packages/boilerplate-generator/template-web.browser.js","sourceMaps":true,"envName":"development","cwd":"/Users/linjoe/MEGA/7code/web/taxiapp/client/compatibility","passPerPreset":false,"presets":[],"parserOpts":{"sourceType":"module","sourceFileName":"packages/boilerplate-generator/template-web.browser.js","plugins":["jsx","jsx","flow","flow","objectRestSpread","objectRestSpread","dynamicImport","asyncGenerators","classProperties"]},"generatorOpts":{"filename":"packages/boilerplate-generator/template-web.browser.js","comments":true,"compact":false,"sourceMaps":true,"sourceFileName":"packages/boilerplate-generator/template-web.browser.js"}},"code":"module.export({\n  headTemplate: () => headTemplate,\n  closeTemplate: () => closeTemplate\n});\nlet template;\nmodule.watch(require(\"./template\"), {\n  default(v) {\n    template = v;\n  }\n\n}, 0);\n\nconst headTemplate = ({\n  css,\n  htmlAttributes,\n  bundledJsCssUrlRewriteHook,\n  head,\n  dynamicHead\n}) => ['<html' + Object.keys(htmlAttributes || {}).map(key => template(' <%= attrName %>=\"<%- attrValue %>\"')({\n  attrName: key,\n  attrValue: htmlAttributes[key]\n})).join('') + '>', '<head>', ...(css || []).map(file => template('  <link rel=\"stylesheet\" type=\"text/css\" class=\"__meteor-css__\" href=\"<%- href %>\">')({\n  href: bundledJsCssUrlRewriteHook(file.url)\n})), head, dynamicHead, '</head>', '<body>'].join('\\n');\n\nconst closeTemplate = ({\n  meteorRuntimeConfig,\n  rootUrlPathPrefix,\n  inlineScriptsAllowed,\n  js,\n  additionalStaticJs,\n  bundledJsCssUrlRewriteHook\n}) => ['', inlineScriptsAllowed ? template('  <script type=\"text/javascript\">__meteor_runtime_config__ = JSON.parse(decodeURIComponent(<%= conf %>))</script>')({\n  conf: meteorRuntimeConfig\n}) : template('  <script type=\"text/javascript\" src=\"<%- src %>/meteor_runtime_config.js\"></script>')({\n  src: rootUrlPathPrefix\n}), '', ...(js || []).map(file => template('  <script type=\"text/javascript\" src=\"<%- src %>\"></script>')({\n  src: bundledJsCssUrlRewriteHook(file.url)\n})), ...(additionalStaticJs || []).map(({\n  contents,\n  pathname\n}) => inlineScriptsAllowed ? template('  <script><%= contents %></script>')({\n  contents\n}) : template('  <script type=\"text/javascript\" src=\"<%- src %>\"></script>')({\n  src: rootUrlPathPrefix + pathname\n})), '', '', '</body>', '</html>'].join('\\n');","map":{"version":3,"sources":["packages/boilerplate-generator/template-web.browser.js"],"names":["module","export","headTemplate","closeTemplate","template","watch","require","default","v","css","htmlAttributes","bundledJsCssUrlRewriteHook","head","dynamicHead","Object","keys","map","key","attrName","attrValue","join","file","href","url","meteorRuntimeConfig","rootUrlPathPrefix","inlineScriptsAllowed","js","additionalStaticJs","conf","src","contents","pathname"],"mappings":"AAAAA,OAAOC,MAAP,CAAc;AAACC,gBAAa,MAAIA,YAAlB;AAA+BC,iBAAc,MAAIA;AAAjD,CAAd;AAA+E,IAAIC,QAAJ;AAAaJ,OAAOK,KAAP,CAAaC,QAAQ,YAAR,CAAb,EAAmC;AAACC,UAAQC,CAAR,EAAU;AAACJ,eAASI,CAAT;AAAW;;AAAvB,CAAnC,EAA4D,CAA5D;;AAErF,MAAMN,eAAe,CAAC;AAC3BO,KAD2B;AAE3BC,gBAF2B;AAG3BC,4BAH2B;AAI3BC,MAJ2B;AAK3BC;AAL2B,CAAD,KAMtB,CACJ,UAAUC,OAAOC,IAAP,CAAYL,kBAAkB,EAA9B,EAAkCM,GAAlC,CACRC,OAAOb,SAAS,qCAAT,EAAgD;AACrDc,YAAUD,GAD2C;AAErDE,aAAWT,eAAeO,GAAf;AAF0C,CAAhD,CADC,EAKRG,IALQ,CAKH,EALG,CAAV,GAKa,GANT,EAOJ,QAPI,EASJ,GAAG,CAACX,OAAO,EAAR,EAAYO,GAAZ,CAAgBK,QACjBjB,SAAS,qFAAT,EAAgG;AAC9FkB,QAAMX,2BAA2BU,KAAKE,GAAhC;AADwF,CAAhG,CADC,CATC,EAeJX,IAfI,EAgBJC,WAhBI,EAiBJ,SAjBI,EAkBJ,QAlBI,EAmBJO,IAnBI,CAmBC,IAnBD,CANC;;AA4BA,MAAMjB,gBAAgB,CAAC;AAC5BqB,qBAD4B;AAE5BC,mBAF4B;AAG5BC,sBAH4B;AAI5BC,IAJ4B;AAK5BC,oBAL4B;AAM5BjB;AAN4B,CAAD,KAOvB,CACJ,EADI,EAEJe,uBACItB,SAAS,mHAAT,EAA8H;AAC9HyB,QAAML;AADwH,CAA9H,CADJ,GAIIpB,SAAS,sFAAT,EAAiG;AACjG0B,OAAKL;AAD4F,CAAjG,CANA,EASJ,EATI,EAWJ,GAAG,CAACE,MAAM,EAAP,EAAWX,GAAX,CAAeK,QAChBjB,SAAS,6DAAT,EAAwE;AACtE0B,OAAKnB,2BAA2BU,KAAKE,GAAhC;AADiE,CAAxE,CADC,CAXC,EAiBJ,GAAG,CAACK,sBAAsB,EAAvB,EAA2BZ,GAA3B,CAA+B,CAAC;AAAEe,UAAF;AAAYC;AAAZ,CAAD,KAChCN,uBACItB,SAAS,oCAAT,EAA+C;AAC/C2B;AAD+C,CAA/C,CADJ,GAII3B,SAAS,6DAAT,EAAwE;AACxE0B,OAAKL,oBAAoBO;AAD+C,CAAxE,CALH,CAjBC,EA2BJ,EA3BI,EA4BJ,EA5BI,EA6BJ,SA7BI,EA8BJ,SA9BI,EA+BJZ,IA/BI,CA+BC,IA/BD,CAPC","sourcesContent":["import template from './template';\n\nexport const headTemplate = ({\n  css,\n  htmlAttributes,\n  bundledJsCssUrlRewriteHook,\n  head,\n  dynamicHead,\n}) => [\n  '<html' + Object.keys(htmlAttributes || {}).map(\n    key => template(' <%= attrName %>=\"<%- attrValue %>\"')({\n      attrName: key,\n      attrValue: htmlAttributes[key],\n    })\n  ).join('') + '>',\n  '<head>',\n\n  ...(css || []).map(file =>\n    template('  <link rel=\"stylesheet\" type=\"text/css\" class=\"__meteor-css__\" href=\"<%- href %>\">')({\n      href: bundledJsCssUrlRewriteHook(file.url),\n    })\n  ),\n\n  head,\n  dynamicHead,\n  '</head>',\n  '<body>',\n].join('\\n');\n\n// Template function for rendering the boilerplate html for browsers\nexport const closeTemplate = ({\n  meteorRuntimeConfig,\n  rootUrlPathPrefix,\n  inlineScriptsAllowed,\n  js,\n  additionalStaticJs,\n  bundledJsCssUrlRewriteHook,\n}) => [\n  '',\n  inlineScriptsAllowed\n    ? template('  <script type=\"text/javascript\">__meteor_runtime_config__ = JSON.parse(decodeURIComponent(<%= conf %>))</script>')({\n      conf: meteorRuntimeConfig,\n    })\n    : template('  <script type=\"text/javascript\" src=\"<%- src %>/meteor_runtime_config.js\"></script>')({\n      src: rootUrlPathPrefix,\n    }),\n  '',\n\n  ...(js || []).map(file =>\n    template('  <script type=\"text/javascript\" src=\"<%- src %>\"></script>')({\n      src: bundledJsCssUrlRewriteHook(file.url),\n    })\n  ),\n\n  ...(additionalStaticJs || []).map(({ contents, pathname }) => (\n    inlineScriptsAllowed\n      ? template('  <script><%= contents %></script>')({\n        contents,\n      })\n      : template('  <script type=\"text/javascript\" src=\"<%- src %>\"></script>')({\n        src: rootUrlPathPrefix + pathname,\n      })\n  )),\n\n  '',\n  '',\n  '</body>',\n  '</html>'\n].join('\\n');\n"]},"sourceType":"script","hash":"6cbe6e962565f4754f518226f5cd7a052df4a02f"}
