{"metadata":{},"options":{"plugins":[{"key":"base$1$0","visitor":{"_exploded":{},"_verified":{},"JSXNamespacedName":{"enter":[null]},"JSXElement":{"exit":[null]},"JSXFragment":{"exit":[null]},"Program":{"enter":[null],"exit":[null]},"JSXAttribute":{"enter":[null]}},"options":{"pragma":"React.createElement","pragmaFrag":"React.Fragment","throwIfNamespace":true,"useBuiltIns":false}},{"key":"base$1$1","visitor":{"_exploded":true,"_verified":true},"options":{}},{"key":"base$1$2","visitor":{"ExportDefaultDeclaration":{"enter":[null]},"CallExpression":{"enter":[null]},"_exploded":true,"_verified":true},"options":{}},{"key":"base$0$0","visitor":{"Program":{"enter":[null]},"_exploded":true,"_verified":true},"options":{"generateLetDeclarations":true,"enforceStrictMode":false}},{"key":"base$0$1","visitor":{"_exploded":true,"_verified":true},"options":{}},{"key":"base$0$2","visitor":{"_exploded":{},"_verified":{},"Program":{"enter":[null]},"ImportDeclaration":{"enter":[null,null]},"ClassProperty":{"enter":[null]},"AssignmentPattern":{"enter":[null]},"TypeCastExpression":{"enter":[null,null]},"ImportSpecifier":{"enter":[null]},"ClassDeclaration":{"enter":[null]},"ClassExpression":{"enter":[null]},"FunctionDeclaration":{"enter":[null]},"FunctionExpression":{"enter":[null]},"ObjectMethod":{"enter":[null]},"ArrowFunctionExpression":{"enter":[null]},"ClassMethod":{"enter":[null]},"AnyTypeAnnotation":{"enter":[null]},"ArrayTypeAnnotation":{"enter":[null]},"BooleanTypeAnnotation":{"enter":[null]},"BooleanLiteralTypeAnnotation":{"enter":[null]},"NullLiteralTypeAnnotation":{"enter":[null]},"ClassImplements":{"enter":[null]},"DeclareClass":{"enter":[null]},"DeclareFunction":{"enter":[null]},"DeclareInterface":{"enter":[null]},"DeclareModule":{"enter":[null]},"DeclareModuleExports":{"enter":[null]},"DeclareTypeAlias":{"enter":[null]},"DeclareOpaqueType":{"enter":[null]},"DeclareVariable":{"enter":[null]},"DeclareExportDeclaration":{"enter":[null]},"DeclareExportAllDeclaration":{"enter":[null]},"DeclaredPredicate":{"enter":[null]},"ExistsTypeAnnotation":{"enter":[null]},"FunctionTypeAnnotation":{"enter":[null]},"FunctionTypeParam":{"enter":[null]},"GenericTypeAnnotation":{"enter":[null]},"InferredPredicate":{"enter":[null]},"InterfaceExtends":{"enter":[null]},"InterfaceDeclaration":{"enter":[null]},"IntersectionTypeAnnotation":{"enter":[null]},"MixedTypeAnnotation":{"enter":[null]},"EmptyTypeAnnotation":{"enter":[null]},"NullableTypeAnnotation":{"enter":[null]},"NumberLiteralTypeAnnotation":{"enter":[null]},"NumberTypeAnnotation":{"enter":[null]},"ObjectTypeAnnotation":{"enter":[null]},"ObjectTypeCallProperty":{"enter":[null]},"ObjectTypeIndexer":{"enter":[null]},"ObjectTypeProperty":{"enter":[null]},"ObjectTypeSpreadProperty":{"enter":[null]},"OpaqueType":{"enter":[null]},"QualifiedTypeIdentifier":{"enter":[null]},"StringLiteralTypeAnnotation":{"enter":[null]},"StringTypeAnnotation":{"enter":[null]},"ThisTypeAnnotation":{"enter":[null]},"TupleTypeAnnotation":{"enter":[null]},"TypeofTypeAnnotation":{"enter":[null]},"TypeAlias":{"enter":[null]},"TypeAnnotation":{"enter":[null]},"TypeParameter":{"enter":[null]},"TypeParameterDeclaration":{"enter":[null]},"TypeParameterInstantiation":{"enter":[null]},"UnionTypeAnnotation":{"enter":[null]},"Variance":{"enter":[null]},"VoidTypeAnnotation":{"enter":[null]},"ExportAllDeclaration":{"enter":[null]},"ExportDefaultDeclaration":{"enter":[null]},"ExportNamedDeclaration":{"enter":[null]}},"options":{}},{"key":"base$0$3","visitor":{"CallExpression":{"enter":[null]},"BinaryExpression":{"enter":[null]},"MemberExpression":{"enter":[null],"exit":[null]},"_exploded":true,"_verified":true,"Identifier":{"enter":[null]},"JSXIdentifier":{"enter":[null]}},"options":{"polyfill":false,"useBuiltIns":true}},{"key":"base$0$4","visitor":{"_exploded":true,"_verified":true},"options":{}},{"key":"base$0$5","visitor":{"_exploded":{},"_verified":{},"VariableDeclarator":{"enter":[null]},"ExportNamedDeclaration":{"enter":[null]},"CatchClause":{"enter":[null]},"AssignmentExpression":{"enter":[null]},"ObjectExpression":{"enter":[null]},"FunctionDeclaration":{"enter":[null]},"FunctionExpression":{"enter":[null]},"ObjectMethod":{"enter":[null]},"ArrowFunctionExpression":{"enter":[null]},"ClassMethod":{"enter":[null]},"ForInStatement":{"enter":[null]},"ForOfStatement":{"enter":[null]}},"options":{}},{"key":"transform-meteor-async-await","visitor":{"AwaitExpression":{"enter":[null]},"_exploded":true,"_verified":true,"FunctionDeclaration":{"exit":[null]},"FunctionExpression":{"exit":[null]},"ObjectMethod":{"exit":[null]},"ArrowFunctionExpression":{"exit":[null]},"ClassMethod":{"exit":[null]}},"options":{"useNativeAsyncAwait":false}},{"key":"transform-meteor-dynamic-import","visitor":{"_exploded":{},"_verified":{},"CallExpression":{"enter":[null]}},"options":{}},{"key":"base$0$8","visitor":{"_exploded":{},"_verified":{},"Program":{"enter":[null]}},"options":{}},{"key":"base$0$9","visitor":{"Program":{"exit":[null]},"_exploded":true,"_verified":true},"options":{"allowTopLevelThis":true,"strictMode":false,"loose":true}},{"key":"base$0$10","visitor":{"_exploded":{},"_verified":{},"ClassDeclaration":{"enter":[null]},"ClassExpression":{"enter":[null]}},"options":{"loose":true}}],"compact":false,"ast":true,"babelrc":false,"sourceFileName":"server/main.js","filename":"server/main.js","sourceMaps":true,"envName":"development","cwd":"/Users/linjoe/MEGA/7code/web/taxiapp","passPerPreset":false,"presets":[],"parserOpts":{"sourceType":"module","sourceFileName":"server/main.js","plugins":["jsx","jsx","flow","flow","objectRestSpread","objectRestSpread","dynamicImport","asyncGenerators","classProperties"]},"generatorOpts":{"filename":"server/main.js","comments":true,"compact":false,"sourceMaps":true,"sourceFileName":"server/main.js"}},"code":"let Meteor;\nmodule.watch(require(\"meteor/meteor\"), {\n  Meteor(v) {\n    Meteor = v;\n  }\n\n}, 0);\nlet Accounts;\nmodule.watch(require(\"meteor/accounts-base\"), {\n  Accounts(v) {\n    Accounts = v;\n  }\n\n}, 1);\nlet SimpleSchema;\nmodule.watch(require(\"simpl-schema\"), {\n  default(v) {\n    SimpleSchema = v;\n  }\n\n}, 2);\nlet Roles;\nmodule.watch(require(\"meteor/alanning:roles\"), {\n  Roles(v) {\n    Roles = v;\n  }\n\n}, 3);\nlet RidesDB;\nmodule.watch(require(\"./../imports/api/rides\"), {\n  RidesDB(v) {\n    RidesDB = v;\n  }\n\n}, 4);\nlet Clients;\nmodule.watch(require(\"./../imports/api/clients\"), {\n  Clients(v) {\n    Clients = v;\n  }\n\n}, 5);\nMeteor.startup(() => {\n  // code to run on server at startup\n  Accounts.validateNewUser(user => {\n    const email = user.emails[0].address;\n\n    try {\n      new SimpleSchema({\n        email: {\n          type: String,\n          regEx: SimpleSchema.RegEx.Email\n        }\n      }).validate({\n        email\n      });\n    } catch (e) {\n      throw new Meteor.Error(400, e.message);\n    }\n\n    return true;\n  });\n  Accounts.onCreateUser((options, user) => {\n    user.profile = {\n      role: options.profile.role\n    };\n    return user;\n  });\n});","map":{"version":3,"sources":["server/main.js"],"names":["Meteor","module","watch","require","v","Accounts","SimpleSchema","default","Roles","RidesDB","Clients","startup","validateNewUser","user","email","emails","address","type","String","regEx","RegEx","Email","validate","e","Error","message","onCreateUser","options","profile","role"],"mappings":"AAAA,IAAIA,MAAJ;AAAWC,OAAOC,KAAP,CAAaC,QAAQ,eAAR,CAAb,EAAsC;AAACH,SAAOI,CAAP,EAAS;AAACJ,aAAOI,CAAP;AAAS;;AAApB,CAAtC,EAA4D,CAA5D;AAA+D,IAAIC,QAAJ;AAAaJ,OAAOC,KAAP,CAAaC,QAAQ,sBAAR,CAAb,EAA6C;AAACE,WAASD,CAAT,EAAW;AAACC,eAASD,CAAT;AAAW;;AAAxB,CAA7C,EAAuE,CAAvE;AAA0E,IAAIE,YAAJ;AAAiBL,OAAOC,KAAP,CAAaC,QAAQ,cAAR,CAAb,EAAqC;AAACI,UAAQH,CAAR,EAAU;AAACE,mBAAaF,CAAb;AAAe;;AAA3B,CAArC,EAAkE,CAAlE;AAAqE,IAAII,KAAJ;AAAUP,OAAOC,KAAP,CAAaC,QAAQ,uBAAR,CAAb,EAA8C;AAACK,QAAMJ,CAAN,EAAQ;AAACI,YAAMJ,CAAN;AAAQ;;AAAlB,CAA9C,EAAkE,CAAlE;AAAqE,IAAIK,OAAJ;AAAYR,OAAOC,KAAP,CAAaC,QAAQ,wBAAR,CAAb,EAA+C;AAACM,UAAQL,CAAR,EAAU;AAACK,cAAQL,CAAR;AAAU;;AAAtB,CAA/C,EAAuE,CAAvE;AAA0E,IAAIM,OAAJ;AAAYT,OAAOC,KAAP,CAAaC,QAAQ,0BAAR,CAAb,EAAiD;AAACO,UAAQN,CAAR,EAAU;AAACM,cAAQN,CAAR;AAAU;;AAAtB,CAAjD,EAAyE,CAAzE;AAQxaJ,OAAOW,OAAP,CAAe,MAAM;AACpB;AACDN,WAASO,eAAT,CAA0BC,IAAD,IAAU;AAC/B,UAAMC,QAAQD,KAAKE,MAAL,CAAY,CAAZ,EAAeC,OAA7B;;AAEA,QAAI;AACF,UAAIV,YAAJ,CAAiB;AACfQ,eAAO;AACLG,gBAAMC,MADD;AAELC,iBAAOb,aAAac,KAAb,CAAmBC;AAFrB;AADQ,OAAjB,EAKGC,QALH,CAKY;AAAER;AAAF,OALZ;AAMD,KAPD,CAOE,OAAOS,CAAP,EAAU;AACV,YAAM,IAAIvB,OAAOwB,KAAX,CAAiB,GAAjB,EAAsBD,EAAEE,OAAxB,CAAN;AACD;;AAED,WAAO,IAAP;AACD,GAfH;AAiBCpB,WAASqB,YAAT,CAAsB,CAACC,OAAD,EAAUd,IAAV,KAAmB;AACxCA,SAAKe,OAAL,GAAe;AAACC,YAAMF,QAAQC,OAAR,CAAgBC;AAAvB,KAAf;AACA,WAAOhB,IAAP;AACA,GAHD;AAMA,CAzBD","sourcesContent":["import { Meteor } from 'meteor/meteor';\nimport { Accounts }\nfrom 'meteor/accounts-base'\nimport SimpleSchema from 'simpl-schema';\nimport { Roles } from 'meteor/alanning:roles';\nimport { RidesDB } from './../imports/api/rides'\nimport { Clients } from './../imports/api/clients'\n\nMeteor.startup(() => {\n\t// code to run on server at startup\nAccounts.validateNewUser((user) => {\n    const email = user.emails[0].address;\n\n    try {\n      new SimpleSchema({\n        email: {\n          type: String,\n          regEx: SimpleSchema.RegEx.Email\n        }\n      }).validate({ email });\n    } catch (e) {\n      throw new Meteor.Error(400, e.message);\n    }\n\n    return true;\n  });\n\n\tAccounts.onCreateUser((options, user) => {\n\t\tuser.profile = {role: options.profile.role}\n\t\treturn user\n\t})\n\n\n});\n"]},"sourceType":"script","hash":"7879f14c50010a3d56a2900287f4f7c352343595"}
