{"metadata":{},"options":{"plugins":[{"key":"base$0$0","visitor":{"Program":{"enter":[null]},"_exploded":true,"_verified":true},"options":{"generateLetDeclarations":true,"enforceStrictMode":false}},{"key":"transform-meteor-dynamic-import","visitor":{"_exploded":{},"_verified":{},"CallExpression":{"enter":[null]}},"options":{}},{"key":"base$0$2","visitor":{"CallExpression":{"enter":[null]},"BinaryExpression":{"enter":[null]},"MemberExpression":{"enter":[null],"exit":[null]},"_exploded":true,"_verified":true,"Identifier":{"enter":[null]},"JSXIdentifier":{"enter":[null]}},"options":{"polyfill":false,"useBuiltIns":false}},{"key":"base$0$3","visitor":{"_exploded":{},"_verified":{},"ClassDeclaration":{"enter":[null]},"ClassExpression":{"enter":[null]}},"options":{"loose":true}},{"key":"base$0$4","visitor":{"FunctionExpression":{"exit":[null]},"_exploded":true,"_verified":true},"options":{}},{"key":"base$0$5","visitor":{"ForInStatement":{"enter":[null]},"_exploded":true,"_verified":true},"options":{}},{"key":"base$0$6","visitor":{"Program":{"exit":[null]},"_exploded":true,"_verified":true},"options":{"allowTopLevelThis":true,"strictMode":false,"loose":true}},{"key":"base$0$1$0","visitor":{"_exploded":{},"_verified":{},"JSXNamespacedName":{"enter":[null]},"JSXElement":{"exit":[null]},"JSXFragment":{"exit":[null]},"Program":{"enter":[null],"exit":[null]},"JSXAttribute":{"enter":[null]}},"options":{"pragma":"React.createElement","pragmaFrag":"React.Fragment","throwIfNamespace":true,"useBuiltIns":false}},{"key":"base$0$1$1","visitor":{"_exploded":true,"_verified":true},"options":{}},{"key":"base$0$1$2","visitor":{"ExportDefaultDeclaration":{"enter":[null]},"CallExpression":{"enter":[null]},"_exploded":true,"_verified":true},"options":{}},{"key":"base$0$0$0","visitor":{"_exploded":true,"_verified":true},"options":{}},{"key":"base$0$0$1","visitor":{"_exploded":true,"_verified":true},"options":{}},{"key":"base$0$0$2","visitor":{"ArrowFunctionExpression":{"enter":[null]},"_exploded":true,"_verified":true},"options":{}},{"key":"base$0$0$3","visitor":{"BlockStatement":{"enter":[null]},"SwitchCase":{"enter":[null]},"_exploded":true,"_verified":true},"options":{}},{"key":"base$0$0$4","visitor":{"VariableDeclaration":{"enter":[null]},"CatchClause":{"enter":[null]},"_exploded":true,"BlockStatement":{"enter":[null]},"SwitchStatement":{"enter":[null]},"Program":{"enter":[null]},"_verified":true,"DoWhileStatement":{"enter":[null]},"ForInStatement":{"enter":[null]},"ForStatement":{"enter":[null]},"WhileStatement":{"enter":[null]},"ForOfStatement":{"enter":[null]}},"options":{}},{"key":"base$0$0$5","visitor":{"ExportDefaultDeclaration":{"enter":[null]},"ClassDeclaration":{"enter":[null]},"ClassExpression":{"enter":[null]},"_exploded":true,"_verified":true},"options":{"loose":true}},{"key":"base$0$0$6","visitor":{"ObjectExpression":{"exit":[null]},"_exploded":true,"_verified":true},"options":{"loose":true}},{"key":"base$0$0$7","visitor":{"ExportNamedDeclaration":{"enter":[null]},"CatchClause":{"enter":[null]},"AssignmentExpression":{"enter":[null]},"VariableDeclaration":{"enter":[null]},"_exploded":true,"_verified":true,"ForInStatement":{"enter":[null]},"ForOfStatement":{"enter":[null]}},"options":{}},{"key":"base$0$0$8","visitor":{"ForOfStatement":{"enter":[null]},"_exploded":true,"_verified":true},"options":{"loose":true}},{"key":"base$0$0$9","visitor":{"NumericLiteral":{"enter":[null]},"StringLiteral":{"enter":[null]},"_exploded":true,"_verified":true},"options":{}},{"key":"base$0$0$10","visitor":{"ObjectExpression":{"enter":[null]},"_exploded":true,"_verified":true},"options":{}},{"key":"base$0$0$11","visitor":{"_exploded":true,"_verified":true,"FunctionDeclaration":{"enter":[null]},"FunctionExpression":{"enter":[null]},"ObjectMethod":{"enter":[null]},"ArrowFunctionExpression":{"enter":[null]},"ClassMethod":{"enter":[null]}},"options":{}},{"key":"base$0$0$12","visitor":{"ObjectMethod":{"enter":[null]},"ObjectProperty":{"enter":[null]},"_exploded":true,"_verified":true},"options":{}},{"key":"base$0$0$13","visitor":{"ArrayExpression":{"enter":[null]},"CallExpression":{"enter":[null]},"NewExpression":{"enter":[null]},"_exploded":true,"_verified":true},"options":{}},{"key":"base$0$0$14","visitor":{"RegExpLiteral":{"enter":[null]},"_exploded":true,"_verified":true},"options":{}},{"key":"base$0$0$15","visitor":{"TaggedTemplateExpression":{"enter":[null]},"TemplateLiteral":{"enter":[null]},"_exploded":true,"_verified":true},"options":{"loose":true}},{"key":"base$0$0$16","visitor":{"UnaryExpression":{"enter":[null]},"_exploded":true,"_verified":true,"BlockStatement":{"enter":[null]},"CatchClause":{"enter":[null]},"DoWhileStatement":{"enter":[null]},"ForInStatement":{"enter":[null]},"ForStatement":{"enter":[null]},"FunctionDeclaration":{"enter":[null]},"FunctionExpression":{"enter":[null]},"Program":{"enter":[null]},"ObjectMethod":{"enter":[null]},"SwitchStatement":{"enter":[null]},"WhileStatement":{"enter":[null]},"ArrowFunctionExpression":{"enter":[null]},"ClassDeclaration":{"enter":[null]},"ClassExpression":{"enter":[null]},"ForOfStatement":{"enter":[null]},"ClassMethod":{"enter":[null]}},"options":{}},{"key":"base$0$0$17","visitor":{"RegExpLiteral":{"enter":[null]},"_exploded":true,"_verified":true},"options":{}},{"key":"base$0$0$18","visitor":{"_exploded":true,"_verified":true},"options":{}},{"key":"base$0$0$19","visitor":{"_exploded":{},"_verified":{},"VariableDeclarator":{"enter":[null]},"ExportNamedDeclaration":{"enter":[null]},"CatchClause":{"enter":[null]},"AssignmentExpression":{"enter":[null]},"ObjectExpression":{"enter":[null]},"FunctionDeclaration":{"enter":[null]},"FunctionExpression":{"enter":[null]},"ObjectMethod":{"enter":[null]},"ArrowFunctionExpression":{"enter":[null]},"ClassMethod":{"enter":[null]},"ForInStatement":{"enter":[null]},"ForOfStatement":{"enter":[null]}},"options":{}},{"key":"base$0$0$20","visitor":{"ObjectProperty":{"exit":[null]},"_exploded":true,"_verified":true},"options":{}},{"key":"base$0$0$21","visitor":{"_exploded":{},"_verified":{},"Program":{"enter":[null]},"ImportDeclaration":{"enter":[null,null]},"ClassProperty":{"enter":[null]},"AssignmentPattern":{"enter":[null]},"TypeCastExpression":{"enter":[null,null]},"ImportSpecifier":{"enter":[null]},"ClassDeclaration":{"enter":[null]},"ClassExpression":{"enter":[null]},"FunctionDeclaration":{"enter":[null]},"FunctionExpression":{"enter":[null]},"ObjectMethod":{"enter":[null]},"ArrowFunctionExpression":{"enter":[null]},"ClassMethod":{"enter":[null]},"AnyTypeAnnotation":{"enter":[null]},"ArrayTypeAnnotation":{"enter":[null]},"BooleanTypeAnnotation":{"enter":[null]},"BooleanLiteralTypeAnnotation":{"enter":[null]},"NullLiteralTypeAnnotation":{"enter":[null]},"ClassImplements":{"enter":[null]},"DeclareClass":{"enter":[null]},"DeclareFunction":{"enter":[null]},"DeclareInterface":{"enter":[null]},"DeclareModule":{"enter":[null]},"DeclareModuleExports":{"enter":[null]},"DeclareTypeAlias":{"enter":[null]},"DeclareOpaqueType":{"enter":[null]},"DeclareVariable":{"enter":[null]},"DeclareExportDeclaration":{"enter":[null]},"DeclareExportAllDeclaration":{"enter":[null]},"DeclaredPredicate":{"enter":[null]},"ExistsTypeAnnotation":{"enter":[null]},"FunctionTypeAnnotation":{"enter":[null]},"FunctionTypeParam":{"enter":[null]},"GenericTypeAnnotation":{"enter":[null]},"InferredPredicate":{"enter":[null]},"InterfaceExtends":{"enter":[null]},"InterfaceDeclaration":{"enter":[null]},"IntersectionTypeAnnotation":{"enter":[null]},"MixedTypeAnnotation":{"enter":[null]},"EmptyTypeAnnotation":{"enter":[null]},"NullableTypeAnnotation":{"enter":[null]},"NumberLiteralTypeAnnotation":{"enter":[null]},"NumberTypeAnnotation":{"enter":[null]},"ObjectTypeAnnotation":{"enter":[null]},"ObjectTypeCallProperty":{"enter":[null]},"ObjectTypeIndexer":{"enter":[null]},"ObjectTypeProperty":{"enter":[null]},"ObjectTypeSpreadProperty":{"enter":[null]},"OpaqueType":{"enter":[null]},"QualifiedTypeIdentifier":{"enter":[null]},"StringLiteralTypeAnnotation":{"enter":[null]},"StringTypeAnnotation":{"enter":[null]},"ThisTypeAnnotation":{"enter":[null]},"TupleTypeAnnotation":{"enter":[null]},"TypeofTypeAnnotation":{"enter":[null]},"TypeAlias":{"enter":[null]},"TypeAnnotation":{"enter":[null]},"TypeParameter":{"enter":[null]},"TypeParameterDeclaration":{"enter":[null]},"TypeParameterInstantiation":{"enter":[null]},"UnionTypeAnnotation":{"enter":[null]},"Variance":{"enter":[null]},"VoidTypeAnnotation":{"enter":[null]},"ExportAllDeclaration":{"enter":[null]},"ExportDefaultDeclaration":{"enter":[null]},"ExportNamedDeclaration":{"enter":[null]}},"options":{}},{"key":"base$0$0$22","visitor":{"AssignmentExpression":{"enter":[null]},"BinaryExpression":{"enter":[null]},"_exploded":true,"_verified":true},"options":{}},{"key":"base$0$0$23","visitor":{"_exploded":{},"_verified":{},"Program":{"enter":[null]}},"options":{}},{"key":"regenerator-transform","visitor":{"_exploded":true,"_verified":true,"FunctionDeclaration":{"exit":[null]},"FunctionExpression":{"exit":[null]},"ObjectMethod":{"exit":[null]},"ArrowFunctionExpression":{"exit":[null]},"ClassMethod":{"exit":[null]}},"options":{}}],"presets":[],"compact":false,"ast":true,"babelrc":false,"sourceFileName":"imports/ui/users/Login.js","filename":"imports/ui/users/Login.js","sourceMaps":true,"envName":"development","cwd":"/Users/linjoe/MEGA/7code/web/taxiapp/client/compatibility","passPerPreset":false,"parserOpts":{"sourceType":"module","sourceFileName":"imports/ui/users/Login.js","plugins":["dynamicImport","classProperties","jsx","jsx","flow","asyncGenerators","objectRestSpread","objectRestSpread","flow","asyncGenerators"]},"generatorOpts":{"filename":"imports/ui/users/Login.js","comments":true,"compact":false,"sourceMaps":true,"sourceFileName":"imports/ui/users/Login.js"}},"code":"var _interopRequireDefault = require(\"@babel/runtime/helpers/interopRequireDefault\");\n\nvar _inheritsLoose2 = _interopRequireDefault(require(\"@babel/runtime/helpers/inheritsLoose\"));\n\nmodule.export({\n  \"default\": function () {\n    return Login;\n  }\n});\nvar Meteor;\nmodule.watch(require(\"meteor/meteor\"), {\n  Meteor: function (v) {\n    Meteor = v;\n  }\n}, 0);\nvar React;\nmodule.watch(require(\"react\"), {\n  \"default\": function (v) {\n    React = v;\n  }\n}, 1);\nvar Link, BrowserHistory;\nmodule.watch(require(\"react-router\"), {\n  Link: function (v) {\n    Link = v;\n  },\n  BrowserHistory: function (v) {\n    BrowserHistory = v;\n  }\n}, 2);\nvar MetaTags;\nmodule.watch(require(\"react-meta-tags\"), {\n  \"default\": function (v) {\n    MetaTags = v;\n  }\n}, 3);\n\nvar Login =\n/*#__PURE__*/\nfunction (_React$Component) {\n  (0, _inheritsLoose2.default)(Login, _React$Component);\n\n  function Login(props) {\n    var _this;\n\n    _this = _React$Component.call(this, props) || this;\n    _this.state = {\n      error: ''\n    };\n    return _this;\n  }\n\n  var _proto = Login.prototype;\n\n  _proto.onSubmit = function () {\n    function onSubmit(e) {\n      var _this2 = this;\n\n      e.preventDefault();\n      var user = this.refs.username.value.trim();\n      var password = this.refs.password.value.trim();\n      Meteor.loginWithPassword(user, password, function (err) {\n        if (err) {\n          _this2.setState({\n            error: err.reason\n          });\n        } else {\n          _this2.setState({\n            error: ''\n          });\n        }\n      });\n    }\n\n    return onSubmit;\n  }();\n\n  _proto.render = function () {\n    function render() {\n      return React.createElement(\"div\", {\n        className: \"container\"\n      }, React.createElement(MetaTags, null, React.createElement(\"meta\", {\n        name: \"viewport\",\n        content: \"width=device-width, user-scalable=no\"\n      })), React.createElement(\"div\", {\n        className: \"row\"\n      }, React.createElement(\"div\", {\n        className: \"col-md-4 col-md-offset-4  login\"\n      }, React.createElement(\"img\", {\n        ref: \"logo\",\n        id: \"logo\",\n        className: \"img-responsive\",\n        src: \"./img/logo.png\"\n      }), this.state.error ? React.createElement(\"p\", null, this.state.error) : undefined, React.createElement(\"form\", {\n        onSubmit: this.onSubmit.bind(this),\n        noValidate: true\n      }, React.createElement(\"input\", {\n        className: \"form-control\",\n        type: \"string\",\n        ref: \"username\",\n        name: \"username\",\n        placeholder: \"Email/G ebruikersnaam\"\n      }), React.createElement(\"input\", {\n        className: \"form-control\",\n        type: \"password\",\n        ref: \"password\",\n        name: \"password\",\n        placeholder: \"wachtwoord\"\n      }), React.createElement(\"button\", {\n        className: \"btn btn-default\"\n      }, \" Aanmelden\")))));\n    }\n\n    return render;\n  }();\n\n  return Login;\n}(React.Component);","map":{"version":3,"sources":["imports/ui/users/Login.js"],"names":["module","export","Login","Meteor","watch","require","v","React","Link","BrowserHistory","MetaTags","props","state","error","onSubmit","e","preventDefault","user","refs","username","value","trim","password","loginWithPassword","err","setState","reason","render","undefined","bind","Component"],"mappings":";;;;AAAAA,OAAOC,MAAP,CAAc;AAAC,aAAQ;AAAA,WAAIC,KAAJ;AAAA;AAAT,CAAd;AAAmC,IAAIC,MAAJ;AAAWH,OAAOI,KAAP,CAAaC,QAAQ,eAAR,CAAb,EAAsC;AAACF,QAAD,YAAQG,CAAR,EAAU;AAACH,aAAOG,CAAP;AAAS;AAApB,CAAtC,EAA4D,CAA5D;AAA+D,IAAIC,KAAJ;AAAUP,OAAOI,KAAP,CAAaC,QAAQ,OAAR,CAAb,EAA8B;AAAA,uBAASC,CAAT,EAAW;AAACC,YAAMD,CAAN;AAAQ;AAApB,CAA9B,EAAoD,CAApD;AAAuD,IAAIE,IAAJ,EAASC,cAAT;AAAwBT,OAAOI,KAAP,CAAaC,QAAQ,cAAR,CAAb,EAAqC;AAACG,MAAD,YAAMF,CAAN,EAAQ;AAACE,WAAKF,CAAL;AAAO,GAAhB;AAAiBG,gBAAjB,YAAgCH,CAAhC,EAAkC;AAACG,qBAAeH,CAAf;AAAiB;AAApD,CAArC,EAA2F,CAA3F;AAA8F,IAAII,QAAJ;AAAaV,OAAOI,KAAP,CAAaC,QAAQ,iBAAR,CAAb,EAAwC;AAAA,uBAASC,CAAT,EAAW;AAACI,eAASJ,CAAT;AAAW;AAAvB,CAAxC,EAAiE,CAAjE;;IAK5RJ,K;;;;;AACpB,iBAAYS,KAAZ,EAAmB;AAAA;;AAClB,wCAAMA,KAAN;AACA,UAAKC,KAAL,GAAa;AACZC,aAAO;AADK,KAAb;AAFkB;AAKlB;;;;SACDC,Q;sBAASC,C,EAAG;AAAA;;AACXA,QAAEC,cAAF;AAEA,UAAIC,OAAO,KAAKC,IAAL,CAAUC,QAAV,CAAmBC,KAAnB,CAAyBC,IAAzB,EAAX;AACA,UAAIC,WAAW,KAAKJ,IAAL,CAAUI,QAAV,CAAmBF,KAAnB,CAAyBC,IAAzB,EAAf;AAEAlB,aAAOoB,iBAAP,CAAyBN,IAAzB,EAA+BK,QAA/B,EAAyC,UAACE,GAAD,EAAS;AACjD,YAAGA,GAAH,EAAO;AACN,iBAAKC,QAAL,CAAc;AACbZ,mBAAOW,IAAIE;AADE,WAAd;AAEG,SAHJ,MAGU;AACR,iBAAKD,QAAL,CAAc;AACbZ,mBAAO;AADM,WAAd;AAGA;AACF,OATD;AAUA;;;;;SAEAc,M;sBAAS;AACP,aACC;AAAK,mBAAU;AAAf,SACA,oBAAC,QAAD,QACO;AAAM,cAAK,UAAX;AAAsB,iBAAQ;AAA9B,QADP,CADA,EAIC;AAAK,mBAAU;AAAf,SACA;AAAK,mBAAU;AAAf,SACE;AAAK,aAAI,MAAT;AAAgB,YAAG,MAAnB;AAA0B,mBAAU,gBAApC;AAAqD,aAAI;AAAzD,QADF,EAEG,KAAKf,KAAL,CAAWC,KAAX,GAAmB,+BAAI,KAAKD,KAAL,CAAWC,KAAf,CAAnB,GAA+Ce,SAFlD,EAGE;AAAM,kBAAU,KAAKd,QAAL,CAAce,IAAd,CAAmB,IAAnB,CAAhB;AAA0C;AAA1C,SACC;AAAO,mBAAU,cAAjB;AAAgC,cAAK,QAArC;AAA8C,aAAI,UAAlD;AAA6D,cAAK,UAAlE;AAA6E,qBAAY;AAAzF,QADD,EAEC;AAAO,mBAAU,cAAjB;AAAgC,cAAK,UAArC;AAAgD,aAAI,UAApD;AAA+D,cAAK,UAApE;AAA+E,qBAAY;AAA3F,QAFD,EAGC;AAAQ,mBAAU;AAAlB,sBAHD,CAHF,CADA,CAJD,CADD;AAkBD;;;;;;EA5CgCtB,MAAMuB,S","sourcesContent":["import { Meteor } from 'meteor/meteor'\nimport React from 'react';\nimport { Link, BrowserHistory } from 'react-router';\nimport MetaTags from 'react-meta-tags'\n\nexport default class Login extends React.Component {\n\tconstructor(props) {\n\t\tsuper(props);\n\t\tthis.state = {\n\t\t\terror: ''\n\t\t}\n\t}\n\tonSubmit(e) {\n\t\te.preventDefault();\n\n\t\tlet user = this.refs.username.value.trim();\n\t\tlet password = this.refs.password.value.trim();\n\n\t\tMeteor.loginWithPassword(user, password, (err) => {\n\t\t\tif(err){\n\t\t\t\tthis.setState({\n\t\t\t\t\terror: err.reason\n\t\t\t\t})} else {\n\t\t\t\t\tthis.setState({\n\t\t\t\t\t\terror: ''\n\t\t\t\t\t})\n\t\t\t\t}\n\t\t})\n\t}\n\n  render() {\n    return (\n    \t<div className='container'>\n    \t<MetaTags>\n            <meta name=\"viewport\" content=\"width=device-width, user-scalable=no\"></meta>\n        </MetaTags>\n    \t\t<div className='row'>\n    \t\t<div className='col-md-4 col-md-offset-4  login'>\n\t\t    \t\t<img ref='logo' id='logo' className=\"img-responsive\" src='./img/logo.png'></img>\n\t\t    \t\t{this.state.error ? <p>{this.state.error}</p> : undefined}\n\t\t    \t\t<form onSubmit={this.onSubmit.bind(this)} noValidate>\n\t\t    \t\t\t<input className='form-control' type=\"string\" ref='username' name='username' placeholder='Email/G ebruikersnaam'></input>\n\t\t    \t\t\t<input className='form-control' type='password' ref='password' name='password' placeholder='wachtwoord'></input>\n\t\t    \t\t\t<button className='btn btn-default'> Aanmelden</button>\n\t\t    \t\t</form>\n\t\t    \t</div>\n    \t\t</div>\n    \t</div>\n    \t);\n  }\n}\n"]},"sourceType":"script","hash":"7cc18371c0c0aacf97d298adb45445449bf4d3d4"}
