{"metadata":{},"options":{"plugins":[{"key":"base$0$0","visitor":{"Program":{"enter":[null]},"_exploded":true,"_verified":true},"options":{"generateLetDeclarations":true,"enforceStrictMode":false}},{"key":"transform-meteor-dynamic-import","visitor":{"_exploded":{},"_verified":{},"CallExpression":{"enter":[null]}},"options":{}},{"key":"base$0$2","visitor":{"CallExpression":{"enter":[null]},"BinaryExpression":{"enter":[null]},"MemberExpression":{"enter":[null],"exit":[null]},"_exploded":true,"_verified":true,"Identifier":{"enter":[null]},"JSXIdentifier":{"enter":[null]}},"options":{"polyfill":false,"useBuiltIns":false}},{"key":"base$0$3","visitor":{"_exploded":{},"_verified":{},"ClassDeclaration":{"enter":[null]},"ClassExpression":{"enter":[null]}},"options":{"loose":true}},{"key":"base$0$4","visitor":{"FunctionExpression":{"exit":[null]},"_exploded":true,"_verified":true},"options":{}},{"key":"base$0$5","visitor":{"ForInStatement":{"enter":[null]},"_exploded":true,"_verified":true},"options":{}},{"key":"base$0$6","visitor":{"Program":{"exit":[null]},"_exploded":true,"_verified":true},"options":{"allowTopLevelThis":true,"strictMode":false,"loose":true}},{"key":"base$0$1$0","visitor":{"_exploded":{},"_verified":{},"JSXNamespacedName":{"enter":[null]},"JSXElement":{"exit":[null]},"JSXFragment":{"exit":[null]},"Program":{"enter":[null],"exit":[null]},"JSXAttribute":{"enter":[null]}},"options":{"pragma":"React.createElement","pragmaFrag":"React.Fragment","throwIfNamespace":true,"useBuiltIns":false}},{"key":"base$0$1$1","visitor":{"_exploded":true,"_verified":true},"options":{}},{"key":"base$0$1$2","visitor":{"ExportDefaultDeclaration":{"enter":[null]},"CallExpression":{"enter":[null]},"_exploded":true,"_verified":true},"options":{}},{"key":"base$0$0$0","visitor":{"_exploded":true,"_verified":true},"options":{}},{"key":"base$0$0$1","visitor":{"_exploded":true,"_verified":true},"options":{}},{"key":"base$0$0$2","visitor":{"ArrowFunctionExpression":{"enter":[null]},"_exploded":true,"_verified":true},"options":{}},{"key":"base$0$0$3","visitor":{"BlockStatement":{"enter":[null]},"SwitchCase":{"enter":[null]},"_exploded":true,"_verified":true},"options":{}},{"key":"base$0$0$4","visitor":{"VariableDeclaration":{"enter":[null]},"CatchClause":{"enter":[null]},"_exploded":true,"BlockStatement":{"enter":[null]},"SwitchStatement":{"enter":[null]},"Program":{"enter":[null]},"_verified":true,"DoWhileStatement":{"enter":[null]},"ForInStatement":{"enter":[null]},"ForStatement":{"enter":[null]},"WhileStatement":{"enter":[null]},"ForOfStatement":{"enter":[null]}},"options":{}},{"key":"base$0$0$5","visitor":{"ExportDefaultDeclaration":{"enter":[null]},"ClassDeclaration":{"enter":[null]},"ClassExpression":{"enter":[null]},"_exploded":true,"_verified":true},"options":{"loose":true}},{"key":"base$0$0$6","visitor":{"ObjectExpression":{"exit":[null]},"_exploded":true,"_verified":true},"options":{"loose":true}},{"key":"base$0$0$7","visitor":{"ExportNamedDeclaration":{"enter":[null]},"CatchClause":{"enter":[null]},"AssignmentExpression":{"enter":[null]},"VariableDeclaration":{"enter":[null]},"_exploded":true,"_verified":true,"ForInStatement":{"enter":[null]},"ForOfStatement":{"enter":[null]}},"options":{}},{"key":"base$0$0$8","visitor":{"ForOfStatement":{"enter":[null]},"_exploded":true,"_verified":true},"options":{"loose":true}},{"key":"base$0$0$9","visitor":{"NumericLiteral":{"enter":[null]},"StringLiteral":{"enter":[null]},"_exploded":true,"_verified":true},"options":{}},{"key":"base$0$0$10","visitor":{"ObjectExpression":{"enter":[null]},"_exploded":true,"_verified":true},"options":{}},{"key":"base$0$0$11","visitor":{"_exploded":true,"_verified":true,"FunctionDeclaration":{"enter":[null]},"FunctionExpression":{"enter":[null]},"ObjectMethod":{"enter":[null]},"ArrowFunctionExpression":{"enter":[null]},"ClassMethod":{"enter":[null]}},"options":{}},{"key":"base$0$0$12","visitor":{"ObjectMethod":{"enter":[null]},"ObjectProperty":{"enter":[null]},"_exploded":true,"_verified":true},"options":{}},{"key":"base$0$0$13","visitor":{"ArrayExpression":{"enter":[null]},"CallExpression":{"enter":[null]},"NewExpression":{"enter":[null]},"_exploded":true,"_verified":true},"options":{}},{"key":"base$0$0$14","visitor":{"RegExpLiteral":{"enter":[null]},"_exploded":true,"_verified":true},"options":{}},{"key":"base$0$0$15","visitor":{"TaggedTemplateExpression":{"enter":[null]},"TemplateLiteral":{"enter":[null]},"_exploded":true,"_verified":true},"options":{"loose":true}},{"key":"base$0$0$16","visitor":{"UnaryExpression":{"enter":[null]},"_exploded":true,"_verified":true,"BlockStatement":{"enter":[null]},"CatchClause":{"enter":[null]},"DoWhileStatement":{"enter":[null]},"ForInStatement":{"enter":[null]},"ForStatement":{"enter":[null]},"FunctionDeclaration":{"enter":[null]},"FunctionExpression":{"enter":[null]},"Program":{"enter":[null]},"ObjectMethod":{"enter":[null]},"SwitchStatement":{"enter":[null]},"WhileStatement":{"enter":[null]},"ArrowFunctionExpression":{"enter":[null]},"ClassDeclaration":{"enter":[null]},"ClassExpression":{"enter":[null]},"ForOfStatement":{"enter":[null]},"ClassMethod":{"enter":[null]}},"options":{}},{"key":"base$0$0$17","visitor":{"RegExpLiteral":{"enter":[null]},"_exploded":true,"_verified":true},"options":{}},{"key":"base$0$0$18","visitor":{"_exploded":true,"_verified":true},"options":{}},{"key":"base$0$0$19","visitor":{"_exploded":{},"_verified":{},"VariableDeclarator":{"enter":[null]},"ExportNamedDeclaration":{"enter":[null]},"CatchClause":{"enter":[null]},"AssignmentExpression":{"enter":[null]},"ObjectExpression":{"enter":[null]},"FunctionDeclaration":{"enter":[null]},"FunctionExpression":{"enter":[null]},"ObjectMethod":{"enter":[null]},"ArrowFunctionExpression":{"enter":[null]},"ClassMethod":{"enter":[null]},"ForInStatement":{"enter":[null]},"ForOfStatement":{"enter":[null]}},"options":{}},{"key":"base$0$0$20","visitor":{"ObjectProperty":{"exit":[null]},"_exploded":true,"_verified":true},"options":{}},{"key":"base$0$0$21","visitor":{"_exploded":{},"_verified":{},"Program":{"enter":[null]},"ImportDeclaration":{"enter":[null,null]},"ClassProperty":{"enter":[null]},"AssignmentPattern":{"enter":[null]},"TypeCastExpression":{"enter":[null,null]},"ImportSpecifier":{"enter":[null]},"ClassDeclaration":{"enter":[null]},"ClassExpression":{"enter":[null]},"FunctionDeclaration":{"enter":[null]},"FunctionExpression":{"enter":[null]},"ObjectMethod":{"enter":[null]},"ArrowFunctionExpression":{"enter":[null]},"ClassMethod":{"enter":[null]},"AnyTypeAnnotation":{"enter":[null]},"ArrayTypeAnnotation":{"enter":[null]},"BooleanTypeAnnotation":{"enter":[null]},"BooleanLiteralTypeAnnotation":{"enter":[null]},"NullLiteralTypeAnnotation":{"enter":[null]},"ClassImplements":{"enter":[null]},"DeclareClass":{"enter":[null]},"DeclareFunction":{"enter":[null]},"DeclareInterface":{"enter":[null]},"DeclareModule":{"enter":[null]},"DeclareModuleExports":{"enter":[null]},"DeclareTypeAlias":{"enter":[null]},"DeclareOpaqueType":{"enter":[null]},"DeclareVariable":{"enter":[null]},"DeclareExportDeclaration":{"enter":[null]},"DeclareExportAllDeclaration":{"enter":[null]},"DeclaredPredicate":{"enter":[null]},"ExistsTypeAnnotation":{"enter":[null]},"FunctionTypeAnnotation":{"enter":[null]},"FunctionTypeParam":{"enter":[null]},"GenericTypeAnnotation":{"enter":[null]},"InferredPredicate":{"enter":[null]},"InterfaceExtends":{"enter":[null]},"InterfaceDeclaration":{"enter":[null]},"IntersectionTypeAnnotation":{"enter":[null]},"MixedTypeAnnotation":{"enter":[null]},"EmptyTypeAnnotation":{"enter":[null]},"NullableTypeAnnotation":{"enter":[null]},"NumberLiteralTypeAnnotation":{"enter":[null]},"NumberTypeAnnotation":{"enter":[null]},"ObjectTypeAnnotation":{"enter":[null]},"ObjectTypeCallProperty":{"enter":[null]},"ObjectTypeIndexer":{"enter":[null]},"ObjectTypeProperty":{"enter":[null]},"ObjectTypeSpreadProperty":{"enter":[null]},"OpaqueType":{"enter":[null]},"QualifiedTypeIdentifier":{"enter":[null]},"StringLiteralTypeAnnotation":{"enter":[null]},"StringTypeAnnotation":{"enter":[null]},"ThisTypeAnnotation":{"enter":[null]},"TupleTypeAnnotation":{"enter":[null]},"TypeofTypeAnnotation":{"enter":[null]},"TypeAlias":{"enter":[null]},"TypeAnnotation":{"enter":[null]},"TypeParameter":{"enter":[null]},"TypeParameterDeclaration":{"enter":[null]},"TypeParameterInstantiation":{"enter":[null]},"UnionTypeAnnotation":{"enter":[null]},"Variance":{"enter":[null]},"VoidTypeAnnotation":{"enter":[null]},"ExportAllDeclaration":{"enter":[null]},"ExportDefaultDeclaration":{"enter":[null]},"ExportNamedDeclaration":{"enter":[null]}},"options":{}},{"key":"base$0$0$22","visitor":{"AssignmentExpression":{"enter":[null]},"BinaryExpression":{"enter":[null]},"_exploded":true,"_verified":true},"options":{}},{"key":"base$0$0$23","visitor":{"_exploded":{},"_verified":{},"Program":{"enter":[null]}},"options":{}},{"key":"regenerator-transform","visitor":{"_exploded":true,"_verified":true,"FunctionDeclaration":{"exit":[null]},"FunctionExpression":{"exit":[null]},"ObjectMethod":{"exit":[null]},"ArrowFunctionExpression":{"exit":[null]},"ClassMethod":{"exit":[null]}},"options":{}}],"presets":[],"compact":false,"ast":true,"babelrc":false,"sourceFileName":"imports/ui/addClient.js","filename":"imports/ui/addClient.js","sourceMaps":true,"envName":"development","cwd":"/Users/linjoe/MEGA/7code/web/taxiapp","passPerPreset":false,"parserOpts":{"sourceType":"module","sourceFileName":"imports/ui/addClient.js","plugins":["dynamicImport","classProperties","jsx","jsx","flow","asyncGenerators","objectRestSpread","objectRestSpread","flow","asyncGenerators"]},"generatorOpts":{"filename":"imports/ui/addClient.js","comments":true,"compact":false,"sourceMaps":true,"sourceFileName":"imports/ui/addClient.js"}},"code":"var _interopRequireDefault = require(\"@babel/runtime/helpers/interopRequireDefault\");\n\nvar _inheritsLoose2 = _interopRequireDefault(require(\"@babel/runtime/helpers/inheritsLoose\"));\n\nmodule.export({\n  \"default\": function () {\n    return AddClient;\n  }\n});\nvar React;\nmodule.watch(require(\"react\"), {\n  \"default\": function (v) {\n    React = v;\n  }\n}, 0);\nvar Meteor;\nmodule.watch(require(\"meteor/meteor\"), {\n  Meteor: function (v) {\n    Meteor = v;\n  }\n}, 1);\nvar Clients;\nmodule.watch(require(\"./../api/clients\"), {\n  Clients: function (v) {\n    Clients = v;\n  }\n}, 2);\nvar Link, browserHistory;\nmodule.watch(require(\"react-router\"), {\n  Link: function (v) {\n    Link = v;\n  },\n  browserHistory: function (v) {\n    browserHistory = v;\n  }\n}, 3);\n\nvar AddClient =\n/*#__PURE__*/\nfunction (_React$Component) {\n  (0, _inheritsLoose2.default)(AddClient, _React$Component);\n\n  function AddClient(props) {\n    var _this;\n\n    _this = _React$Component.call(this, props) || this;\n    _this.state = {\n      error: ''\n    };\n    return _this;\n  }\n\n  var _proto = AddClient.prototype;\n\n  _proto.onSubmit = function () {\n    function onSubmit(e) {\n      e.preventDefault();\n      var bedrijf = this.refs.bedrijf.value.trim();\n      var bedrijfList = {\n        bedrijf: 'bedrijf',\n        test: 'test'\n      };\n      console.log(bedrijfList);\n      Meteor.call('Clients.insert', bedrijfList); // browserHistory.push('/ritten')\n    }\n\n    return onSubmit;\n  }();\n\n  _proto.render = function () {\n    function render() {\n      return React.createElement(\"div\", null, this.state.error ? React.createElement(\"p\", null, this.state.error) : undefined, React.createElement(\"form\", {\n        onSubmit: this.onSubmit.bind(this),\n        noValidate: true\n      }, React.createElement(\"label\", null, \"Bedrijf\"), React.createElement(\"div\", {\n        className: \"form-group\"\n      }, React.createElement(\"input\", {\n        className: \"form-control\",\n        type: \"string\",\n        ref: \"bedrijf\"\n      })), React.createElement(\"div\", {\n        className: \"form-group\"\n      }, React.createElement(\"button\", {\n        className: \"btn btn-default\"\n      }, \" Invoeren\"))));\n    }\n\n    return render;\n  }();\n\n  return AddClient;\n}(React.Component);","map":{"version":3,"sources":["imports/ui/addClient.js"],"names":["module","export","AddClient","React","watch","require","v","Meteor","Clients","Link","browserHistory","props","state","error","onSubmit","e","preventDefault","bedrijf","refs","value","trim","bedrijfList","test","console","log","call","render","undefined","bind","Component"],"mappings":";;;;AAAAA,OAAOC,MAAP,CAAc;AAAC,aAAQ;AAAA,WAAIC,SAAJ;AAAA;AAAT,CAAd;AAAuC,IAAIC,KAAJ;AAAUH,OAAOI,KAAP,CAAaC,QAAQ,OAAR,CAAb,EAA8B;AAAA,uBAASC,CAAT,EAAW;AAACH,YAAMG,CAAN;AAAQ;AAApB,CAA9B,EAAoD,CAApD;AAAuD,IAAIC,MAAJ;AAAWP,OAAOI,KAAP,CAAaC,QAAQ,eAAR,CAAb,EAAsC;AAACE,QAAD,YAAQD,CAAR,EAAU;AAACC,aAAOD,CAAP;AAAS;AAApB,CAAtC,EAA4D,CAA5D;AAA+D,IAAIE,OAAJ;AAAYR,OAAOI,KAAP,CAAaC,QAAQ,kBAAR,CAAb,EAAyC;AAACG,SAAD,YAASF,CAAT,EAAW;AAACE,cAAQF,CAAR;AAAU;AAAtB,CAAzC,EAAiE,CAAjE;AAAoE,IAAIG,IAAJ,EAASC,cAAT;AAAwBV,OAAOI,KAAP,CAAaC,QAAQ,cAAR,CAAb,EAAqC;AAACI,MAAD,YAAMH,CAAN,EAAQ;AAACG,WAAKH,CAAL;AAAO,GAAhB;AAAiBI,gBAAjB,YAAgCJ,CAAhC,EAAkC;AAACI,qBAAeJ,CAAf;AAAiB;AAApD,CAArC,EAA2F,CAA3F;;IAMrQJ,S;;;;;AACpB,qBAAaS,KAAb,EAAoB;AAAA;;AACpB,wCAAMA,KAAN;AACA,UAAKC,KAAL,GAAa;AACXC,aAAO;AADI,KAAb;AAFoB;AAKnB;;;;SAEDC,Q;sBAASC,C,EAAE;AACVA,QAAEC,cAAF;AAEA,UAAIC,UAAW,KAAKC,IAAL,CAAUD,OAAV,CAAkBE,KAAlB,CAAwBC,IAAxB,EAAf;AACA,UAAIC,cAAa;AAACJ,iBAAS,SAAV;AAAoBK,cAAM;AAA1B,OAAjB;AACAC,cAAQC,GAAR,CAAYH,WAAZ;AACAd,aAAOkB,IAAP,CAAY,gBAAZ,EAA8BJ,WAA9B,EANU,CAOV;AACA;;;;;SAKAK,M;sBAAS;AACP,aACC,iCACE,KAAKd,KAAL,CAAWC,KAAX,GAAmB,+BAAI,KAAKD,KAAL,CAAWC,KAAf,CAAnB,GAA+Cc,SADjD,EAEC;AAAM,kBAAU,KAAKb,QAAL,CAAcc,IAAd,CAAmB,IAAnB,CAAhB;AAA0C;AAA1C,SACC,6CADD,EAEC;AAAK,mBAAU;AAAf,SACC;AAAO,mBAAU,cAAjB;AAAgC,cAAK,QAArC;AAA8C,aAAI;AAAlD,QADD,CAFD,EAKC;AAAK,mBAAU;AAAf,SACC;AAAQ,mBAAU;AAAlB,qBADD,CALD,CAFD,CADD;AAcD;;;;;;EApCoCzB,MAAM0B,S","sourcesContent":["import React from 'react';\nimport { Meteor } from 'meteor/meteor'\nimport { Clients } from './../api/clients'\nimport { Link, browserHistory } from 'react-router';\n\n\nexport default class AddClient extends React.Component {\n\tconstructor (props) {\n\tsuper(props)\n\tthis.state = {\n\t  error: ''\n\t};\n\t}\n\n\tonSubmit(e){\n\t\te.preventDefault();\n\n\t\tlet bedrijf =  this.refs.bedrijf.value.trim();\n\t\tlet bedrijfList= {bedrijf: 'bedrijf',test: 'test'}\n\t\tconsole.log(bedrijfList)\n\t\tMeteor.call('Clients.insert', bedrijfList)\n\t\t// browserHistory.push('/ritten')\n\t}\n\t\n\n\n\n  render() {\n    return (\n    \t<div>\n    \t\t{this.state.error ? <p>{this.state.error}</p> : undefined}\n    \t\t<form onSubmit={this.onSubmit.bind(this)} noValidate>\n\t    \t\t<label>Bedrijf</label>\n\t    \t\t<div className=\"form-group\">\n\t\t    \t\t<input className=\"form-control\" type=\"string\" ref=\"bedrijf\"></input>\n\t\t\t\t</div>\n    \t\t\t<div className=\"form-group\">\n    \t\t\t\t<button className=\"btn btn-default\"> Invoeren</button>\n    \t\t\t</div>\n    \t\t</form>\n    \t</div>\n    \t);\n  }\n}"]},"sourceType":"script","hash":"82f0ed6690eee00276ba0036e8dd64d6aa55c189"}
