{"metadata":{},"options":{"plugins":[{"key":"base$1$0","visitor":{"_exploded":{},"_verified":{},"JSXNamespacedName":{"enter":[null]},"JSXElement":{"exit":[null]},"JSXFragment":{"exit":[null]},"Program":{"enter":[null],"exit":[null]},"JSXAttribute":{"enter":[null]}},"options":{"pragma":"React.createElement","pragmaFrag":"React.Fragment","throwIfNamespace":true,"useBuiltIns":false}},{"key":"base$1$1","visitor":{"_exploded":true,"_verified":true},"options":{}},{"key":"base$1$2","visitor":{"ExportDefaultDeclaration":{"enter":[null]},"CallExpression":{"enter":[null]},"_exploded":true,"_verified":true},"options":{}},{"key":"base$0$0","visitor":{"Program":{"enter":[null]},"_exploded":true,"_verified":true},"options":{"generateLetDeclarations":true,"enforceStrictMode":false}},{"key":"base$0$1","visitor":{"_exploded":true,"_verified":true},"options":{}},{"key":"base$0$2","visitor":{"_exploded":{},"_verified":{},"Program":{"enter":[null]},"ImportDeclaration":{"enter":[null,null]},"ClassProperty":{"enter":[null]},"AssignmentPattern":{"enter":[null]},"TypeCastExpression":{"enter":[null,null]},"ImportSpecifier":{"enter":[null]},"ClassDeclaration":{"enter":[null]},"ClassExpression":{"enter":[null]},"FunctionDeclaration":{"enter":[null]},"FunctionExpression":{"enter":[null]},"ObjectMethod":{"enter":[null]},"ArrowFunctionExpression":{"enter":[null]},"ClassMethod":{"enter":[null]},"AnyTypeAnnotation":{"enter":[null]},"ArrayTypeAnnotation":{"enter":[null]},"BooleanTypeAnnotation":{"enter":[null]},"BooleanLiteralTypeAnnotation":{"enter":[null]},"NullLiteralTypeAnnotation":{"enter":[null]},"ClassImplements":{"enter":[null]},"DeclareClass":{"enter":[null]},"DeclareFunction":{"enter":[null]},"DeclareInterface":{"enter":[null]},"DeclareModule":{"enter":[null]},"DeclareModuleExports":{"enter":[null]},"DeclareTypeAlias":{"enter":[null]},"DeclareOpaqueType":{"enter":[null]},"DeclareVariable":{"enter":[null]},"DeclareExportDeclaration":{"enter":[null]},"DeclareExportAllDeclaration":{"enter":[null]},"DeclaredPredicate":{"enter":[null]},"ExistsTypeAnnotation":{"enter":[null]},"FunctionTypeAnnotation":{"enter":[null]},"FunctionTypeParam":{"enter":[null]},"GenericTypeAnnotation":{"enter":[null]},"InferredPredicate":{"enter":[null]},"InterfaceExtends":{"enter":[null]},"InterfaceDeclaration":{"enter":[null]},"IntersectionTypeAnnotation":{"enter":[null]},"MixedTypeAnnotation":{"enter":[null]},"EmptyTypeAnnotation":{"enter":[null]},"NullableTypeAnnotation":{"enter":[null]},"NumberLiteralTypeAnnotation":{"enter":[null]},"NumberTypeAnnotation":{"enter":[null]},"ObjectTypeAnnotation":{"enter":[null]},"ObjectTypeCallProperty":{"enter":[null]},"ObjectTypeIndexer":{"enter":[null]},"ObjectTypeProperty":{"enter":[null]},"ObjectTypeSpreadProperty":{"enter":[null]},"OpaqueType":{"enter":[null]},"QualifiedTypeIdentifier":{"enter":[null]},"StringLiteralTypeAnnotation":{"enter":[null]},"StringTypeAnnotation":{"enter":[null]},"ThisTypeAnnotation":{"enter":[null]},"TupleTypeAnnotation":{"enter":[null]},"TypeofTypeAnnotation":{"enter":[null]},"TypeAlias":{"enter":[null]},"TypeAnnotation":{"enter":[null]},"TypeParameter":{"enter":[null]},"TypeParameterDeclaration":{"enter":[null]},"TypeParameterInstantiation":{"enter":[null]},"UnionTypeAnnotation":{"enter":[null]},"Variance":{"enter":[null]},"VoidTypeAnnotation":{"enter":[null]},"ExportAllDeclaration":{"enter":[null]},"ExportDefaultDeclaration":{"enter":[null]},"ExportNamedDeclaration":{"enter":[null]}},"options":{}},{"key":"base$0$3","visitor":{"CallExpression":{"enter":[null]},"BinaryExpression":{"enter":[null]},"MemberExpression":{"enter":[null],"exit":[null]},"_exploded":true,"_verified":true,"Identifier":{"enter":[null]},"JSXIdentifier":{"enter":[null]}},"options":{"polyfill":false,"useBuiltIns":true}},{"key":"base$0$4","visitor":{"_exploded":true,"_verified":true},"options":{}},{"key":"base$0$5","visitor":{"_exploded":{},"_verified":{},"VariableDeclarator":{"enter":[null]},"ExportNamedDeclaration":{"enter":[null]},"CatchClause":{"enter":[null]},"AssignmentExpression":{"enter":[null]},"ObjectExpression":{"enter":[null]},"FunctionDeclaration":{"enter":[null]},"FunctionExpression":{"enter":[null]},"ObjectMethod":{"enter":[null]},"ArrowFunctionExpression":{"enter":[null]},"ClassMethod":{"enter":[null]},"ForInStatement":{"enter":[null]},"ForOfStatement":{"enter":[null]}},"options":{}},{"key":"transform-meteor-async-await","visitor":{"AwaitExpression":{"enter":[null]},"_exploded":true,"_verified":true,"FunctionDeclaration":{"exit":[null]},"FunctionExpression":{"exit":[null]},"ObjectMethod":{"exit":[null]},"ArrowFunctionExpression":{"exit":[null]},"ClassMethod":{"exit":[null]}},"options":{"useNativeAsyncAwait":false}},{"key":"transform-meteor-dynamic-import","visitor":{"_exploded":{},"_verified":{},"CallExpression":{"enter":[null]}},"options":{}},{"key":"base$0$8","visitor":{"_exploded":{},"_verified":{},"Program":{"enter":[null]}},"options":{}},{"key":"base$0$9","visitor":{"Program":{"exit":[null]},"_exploded":true,"_verified":true},"options":{"allowTopLevelThis":true,"strictMode":false,"loose":true}},{"key":"base$0$10","visitor":{"_exploded":{},"_verified":{},"ClassDeclaration":{"enter":[null]},"ClassExpression":{"enter":[null]}},"options":{"loose":true}}],"compact":false,"ast":true,"babelrc":false,"sourceFileName":"imports/api/rides.js","filename":"imports/api/rides.js","sourceMaps":true,"envName":"development","cwd":"/Users/linjoe/MEGA/7code/web/taxiapp","passPerPreset":false,"presets":[],"parserOpts":{"sourceType":"module","sourceFileName":"imports/api/rides.js","plugins":["jsx","jsx","flow","flow","objectRestSpread","objectRestSpread","dynamicImport","asyncGenerators","classProperties"]},"generatorOpts":{"filename":"imports/api/rides.js","comments":true,"compact":false,"sourceMaps":true,"sourceFileName":"imports/api/rides.js"}},"code":"module.export({\n  RidesDB: () => RidesDB\n});\nlet Mongo;\nmodule.watch(require(\"meteor/mongo\"), {\n  Mongo(v) {\n    Mongo = v;\n  }\n\n}, 0);\nlet Meteor;\nmodule.watch(require(\"meteor/meteor\"), {\n  Meteor(v) {\n    Meteor = v;\n  }\n\n}, 1);\nlet CalendarAPI;\nmodule.watch(require(\"node-google-calendar\"), {\n  default(v) {\n    CalendarAPI = v;\n  }\n\n}, 2);\nlet moment;\nmodule.watch(require(\"moment\"), {\n  default(v) {\n    moment = v;\n  }\n\n}, 3);\n\nconst CONFIG = require('./google/Settings');\n\nlet cal = new CalendarAPI(CONFIG);\nconst RidesDB = new Mongo.Collection('rides');\n\nif (Meteor.isServer) {\n  Meteor.publish('RidesDB', function () {\n    if (!!this.userId) {\n      return RidesDB.find();\n    }\n  });\n}\n\n;\nMeteor.methods({\n  'RidesDB.delete'(ID) {\n    if (!this.userId) {\n      throw new Meteor.error('not autherized');\n    } else {\n      for (var i = ID.length - 1; i >= 0; i--) {\n        console.log('removed id: ' + ID[i]);\n        RidesDB.remove({\n          _id: ID[i]\n        });\n      }\n\n      ;\n    }\n  },\n\n  'RidesDB.update'(rideId, row) {\n    if (!this.userId) {\n      throw new Meteor.error('not autherized');\n    } else {\n      RidesDB.update(rideId, row);\n    }\n  },\n\n  'RidesDB.insert'(newRide) {\n    if (!this.userId) {\n      throw new Meteor.error('not autherized');\n    } else {\n      RidesDB.insert(newRide);\n    }\n  },\n\n  googleSync() {\n    if (Meteor.isServer) {\n      let params = {// timeMin: '2017-05-20T06:00:00+08:00',\n        // timeMax: '2017-05-25T22:00:00+08:00',\n        // q: 'query term',\n        // singleEvents: true,\n        // orderBy: 'startTime'\n      }; //Optional query parameters referencing google APIs\n\n      let calendarId = 'it90dqq43q3ratq248t4eqhrd0@group.calendar.google.com';\n      getCal = Meteor.bindEnvironment(function (json) {}, function (e) {\n        throw e;\n      });\n      cal.Events.list(calendarId, params).then(Meteor.bindEnvironment(function (json) {\n        for (var i = json.length - 1; i >= 0; i--) {\n          // console.log(json[i])\n          var date = moment(json[i].start.dateTime).format();\n          console.log(!!!RidesDB.find({\n            calId: json[i].id\n          }).count());\n\n          if (!!!RidesDB.find({\n            calId: json[i].id\n          }).count()) {\n            RidesDB.insert({\n              calId: json[i].id,\n              date: date,\n              locatie: json[i].location,\n              bedrijf: json[i].summary\n            });\n          } else {\n            let cal = RidesDB.findOne({\n              calId: json[i].id\n            });\n            let _id = cal._id;\n            let bestuurder = cal.bestuurder;\n            let locatie = cal.locatie;\n            let bedrijf = cal.bedrijf;\n            let inzittende = cal.inzittende;\n            let kosten = cal.kosten;\n            let kostenplaats = cal.kostenplaats;\n            let roadshow = cal.roadshow;\n            let wachttijd = cal.wachttijd;\n            let agendapunt = {\n              calId: json[i].id,\n              date: date,\n              bestuurder: bestuurder,\n              locatie: locatie,\n              bedrijf: bedrijf,\n              inzittende: inzittende,\n              kosten: kosten,\n              kostenplaats: kostenplaats,\n              roadshow: roadshow,\n              wachttijd: wachttijd\n            };\n            console.log(json[i].id);\n            console.log(agendapunt);\n            RidesDB.update(_id, agendapunt);\n          }\n        }\n\n        ;\n        return json;\n      }, function (e) {\n        throw e;\n      }));\n    }\n  }\n\n});","map":{"version":3,"sources":["imports/api/rides.js"],"names":["module","export","RidesDB","Mongo","watch","require","v","Meteor","CalendarAPI","default","moment","CONFIG","cal","Collection","isServer","publish","userId","find","methods","ID","error","i","length","console","log","remove","_id","rideId","row","update","newRide","insert","googleSync","params","calendarId","getCal","bindEnvironment","json","e","Events","list","then","date","start","dateTime","format","calId","id","count","locatie","location","bedrijf","summary","findOne","bestuurder","inzittende","kosten","kostenplaats","roadshow","wachttijd","agendapunt"],"mappings":"AAAAA,OAAOC,MAAP,CAAc;AAACC,WAAQ,MAAIA;AAAb,CAAd;AAAqC,IAAIC,KAAJ;AAAUH,OAAOI,KAAP,CAAaC,QAAQ,cAAR,CAAb,EAAqC;AAACF,QAAMG,CAAN,EAAQ;AAACH,YAAMG,CAAN;AAAQ;;AAAlB,CAArC,EAAyD,CAAzD;AAA4D,IAAIC,MAAJ;AAAWP,OAAOI,KAAP,CAAaC,QAAQ,eAAR,CAAb,EAAsC;AAACE,SAAOD,CAAP,EAAS;AAACC,aAAOD,CAAP;AAAS;;AAApB,CAAtC,EAA4D,CAA5D;AAA+D,IAAIE,WAAJ;AAAgBR,OAAOI,KAAP,CAAaC,QAAQ,sBAAR,CAAb,EAA6C;AAACI,UAAQH,CAAR,EAAU;AAACE,kBAAYF,CAAZ;AAAc;;AAA1B,CAA7C,EAAyE,CAAzE;AAA4E,IAAII,MAAJ;AAAWV,OAAOI,KAAP,CAAaC,QAAQ,QAAR,CAAb,EAA+B;AAACI,UAAQH,CAAR,EAAU;AAACI,aAAOJ,CAAP;AAAS;;AAArB,CAA/B,EAAsD,CAAtD;;AAI5R,MAAMK,SAASN,QAAQ,mBAAR,CAAf;;AAEA,IAAIO,MAAM,IAAIJ,WAAJ,CAAgBG,MAAhB,CAAV;AAGO,MAAMT,UAAU,IAAIC,MAAMU,UAAV,CAAqB,OAArB,CAAhB;;AAEP,IAAIN,OAAOO,QAAX,EAAqB;AACpBP,SAAOQ,OAAP,CAAe,SAAf,EAA0B,YAAW;AACpC,QAAI,CAAC,CAAC,KAAKC,MAAX,EAAmB;AAClB,aAAOd,QAAQe,IAAR,EAAP;AACA;AACD,GAJD;AAKA;;AAAA;AAEDV,OAAOW,OAAP,CAAe;AACZ,mBAAkBC,EAAlB,EAAsB;AACrB,QAAI,CAAC,KAAKH,MAAV,EAAkB;AACjB,YAAM,IAAIT,OAAOa,KAAX,CAAiB,gBAAjB,CAAN;AACA,KAFD,MAEO;AACN,WAAK,IAAIC,IAAIF,GAAGG,MAAH,GAAY,CAAzB,EAA4BD,KAAK,CAAjC,EAAoCA,GAApC,EAAyC;AACxCE,gBAAQC,GAAR,CAAY,iBAAgBL,GAAGE,CAAH,CAA5B;AACAnB,gBAAQuB,MAAR,CAAe;AAACC,eAAKP,GAAGE,CAAH;AAAN,SAAf;AACA;;AAAA;AACD;AAED,GAXW;;AAWV,mBAAkBM,MAAlB,EAAyBC,GAAzB,EAA8B;AAC/B,QAAI,CAAC,KAAKZ,MAAV,EAAkB;AACjB,YAAM,IAAIT,OAAOa,KAAX,CAAiB,gBAAjB,CAAN;AACA,KAFD,MAEO;AACNlB,cAAQ2B,MAAR,CAAeF,MAAf,EAAsBC,GAAtB;AACA;AAED,GAlBW;;AAkBV,mBAAkBE,OAAlB,EAA2B;AAC5B,QAAI,CAAC,KAAKd,MAAV,EAAkB;AACjB,YAAM,IAAIT,OAAOa,KAAX,CAAiB,gBAAjB,CAAN;AACA,KAFD,MAEO;AACNlB,cAAQ6B,MAAR,CAAeD,OAAf;AACA;AAED,GAzBW;;AA0BZE,eAAa;AACZ,QAAIzB,OAAOO,QAAX,EAAqB;AACpB,UAAImB,SAAS,CACZ;AACA;AACA;AACA;AACA;AALY,OAAb,CADoB,CAOjB;;AACH,UAAIC,aAAa,sDAAjB;AAEAC,eAAS5B,OAAO6B,eAAP,CAAuB,UAASC,IAAT,EAAe,CAE9C,CAFQ,EAEN,UAASC,CAAT,EAAY;AACd,cAAMA,CAAN;AACA,OAJQ,CAAT;AAMA1B,UAAI2B,MAAJ,CAAWC,IAAX,CAAgBN,UAAhB,EAA4BD,MAA5B,EACEQ,IADF,CACOlC,OAAO6B,eAAP,CAAuB,UAASC,IAAT,EAAe;AAC1C,aAAK,IAAIhB,IAAIgB,KAAKf,MAAL,GAAc,CAA3B,EAA8BD,KAAK,CAAnC,EAAsCA,GAAtC,EAA2C;AAC1C;AACA,cAAIqB,OAAOhC,OAAO2B,KAAKhB,CAAL,EAAQsB,KAAR,CAAcC,QAArB,EAA+BC,MAA/B,EAAX;AACAtB,kBAAQC,GAAR,CAAY,CAAC,CAAC,CAACtB,QAAQe,IAAR,CAAa;AAAC6B,mBAAOT,KAAKhB,CAAL,EAAQ0B;AAAhB,WAAb,EAAkCC,KAAlC,EAAf;;AACA,cAAG,CAAC,CAAC,CAAC9C,QAAQe,IAAR,CAAa;AAAC6B,mBAAOT,KAAKhB,CAAL,EAAQ0B;AAAhB,WAAb,EAAkCC,KAAlC,EAAN,EAAiD;AAChD9C,oBAAQ6B,MAAR,CAAe;AACfe,qBAAQT,KAAKhB,CAAL,EAAQ0B,EADD;AAEfL,oBAAMA,IAFS;AAGfO,uBAASZ,KAAKhB,CAAL,EAAQ6B,QAHF;AAIfC,uBAASd,KAAKhB,CAAL,EAAQ+B;AAJF,aAAf;AAMA,WAPD,MAOO;AACN,gBAAIxC,MAAMV,QAAQmD,OAAR,CAAgB;AAACP,qBAAOT,KAAKhB,CAAL,EAAQ0B;AAAhB,aAAhB,CAAV;AACA,gBAAIrB,MAAMd,IAAIc,GAAd;AACA,gBAAI4B,aAAa1C,IAAI0C,UAArB;AACA,gBAAIL,UAAUrC,IAAIqC,OAAlB;AACA,gBAAIE,UAAUvC,IAAIuC,OAAlB;AACA,gBAAII,aAAa3C,IAAI2C,UAArB;AACA,gBAAIC,SAAS5C,IAAI4C,MAAjB;AACA,gBAAIC,eAAe7C,IAAI6C,YAAvB;AACA,gBAAIC,WAAW9C,IAAI8C,QAAnB;AACA,gBAAIC,YAAY/C,IAAI+C,SAApB;AACA,gBAAIC,aAAa;AAACd,qBAAOT,KAAKhB,CAAL,EAAQ0B,EAAhB;AAAoBL,oBAAMA,IAA1B;AAAgCY,0BAAYA,UAA5C;AAAwDL,uBAASA,OAAjE;AAAyEE,uBAASA,OAAlF;AAA2FI,0BAAYA,UAAvG;AAAkHC,sBAAQA,MAA1H;AAAkIC,4BAAcA,YAAhJ;AAA6JC,wBAAUA,QAAvK;AAAgLC,yBAAWA;AAA3L,aAAjB;AAEApC,oBAAQC,GAAR,CAAYa,KAAKhB,CAAL,EAAQ0B,EAApB;AACAxB,oBAAQC,GAAR,CAAYoC,UAAZ;AACA1D,oBAAQ2B,MAAR,CAAeH,GAAf,EAAmBkC,UAAnB;AACA;AAED;;AAAA;AACD,eAAOvB,IAAP;AAEA,OAjCI,EAiCF,UAASC,CAAT,EAAY;AACd,cAAMA,CAAN;AACA,OAnCI,CADP;AAqCE;AACF;;AAjFU,CAAf","sourcesContent":["import {Mongo} from 'meteor/mongo'\nimport {Meteor} from 'meteor/meteor'\nimport CalendarAPI from 'node-google-calendar'\nimport moment from 'moment'\nconst CONFIG = require('./google/Settings');\n\nlet cal = new CalendarAPI(CONFIG);\n\n\nexport const RidesDB = new Mongo.Collection('rides')\n\nif (Meteor.isServer) {\n\tMeteor.publish('RidesDB', function() {\n\t\tif (!!this.userId) {\n\t\t\treturn RidesDB.find();\n\t\t}\n\t})\n};\n\nMeteor.methods({\n\t\t\t'RidesDB.delete' (ID) {\n\t\t\t\tif (!this.userId) {\n\t\t\t\t\tthrow new Meteor.error('not autherized')\n\t\t\t\t} else {\n\t\t\t\t\tfor (var i = ID.length - 1; i >= 0; i--) {\n\t\t\t\t\t\tconsole.log('removed id: '+ ID[i])\n\t\t\t\t\t\tRidesDB.remove({_id: ID[i]})\n\t\t\t\t\t};\n\t\t\t\t}\n\n\t\t\t},'RidesDB.update' (rideId,row) {\n\t\t\t\tif (!this.userId) {\n\t\t\t\t\tthrow new Meteor.error('not autherized')\n\t\t\t\t} else {\n\t\t\t\t\tRidesDB.update(rideId,row)\n\t\t\t\t}\n\n\t\t\t},'RidesDB.insert' (newRide) {\n\t\t\t\tif (!this.userId) {\n\t\t\t\t\tthrow new Meteor.error('not autherized')\n\t\t\t\t} else {\n\t\t\t\t\tRidesDB.insert(newRide)\n\t\t\t\t}\n\n\t\t\t},\n\t\t\tgoogleSync() {\n\t\t\t\tif (Meteor.isServer) {\n\t\t\t\t\tlet params = {\n\t\t\t\t\t\t// timeMin: '2017-05-20T06:00:00+08:00',\n\t\t\t\t\t\t// timeMax: '2017-05-25T22:00:00+08:00',\n\t\t\t\t\t\t// q: 'query term',\n\t\t\t\t\t\t// singleEvents: true,\n\t\t\t\t\t\t// orderBy: 'startTime'\n\t\t\t\t\t}; //Optional query parameters referencing google APIs\n\t\t\t\t\tlet calendarId = 'it90dqq43q3ratq248t4eqhrd0@group.calendar.google.com'\n\n\t\t\t\t\tgetCal = Meteor.bindEnvironment(function(json) {\n\n\t\t\t\t\t}, function(e) {\n\t\t\t\t\t\tthrow e\n\t\t\t\t\t})\n\n\t\t\t\t\tcal.Events.list(calendarId, params)\n\t\t\t\t\t\t.then(Meteor.bindEnvironment(function(json) {\n\t\t\t\t\t\t\t\tfor (var i = json.length - 1; i >= 0; i--) {\n\t\t\t\t\t\t\t\t\t// console.log(json[i])\n\t\t\t\t\t\t\t\t\tvar date = moment(json[i].start.dateTime).format()\n\t\t\t\t\t\t\t\t\tconsole.log(!!!RidesDB.find({calId: json[i].id}).count())\n\t\t\t\t\t\t\t\t\tif(!!!RidesDB.find({calId: json[i].id}).count()) {\n\t\t\t\t\t\t\t\t\t\tRidesDB.insert({\n\t\t\t\t\t\t\t\t\t\tcalId : json[i].id,\n\t\t\t\t\t\t\t\t\t\tdate: date,\n\t\t\t\t\t\t\t\t\t\tlocatie: json[i].location,\n\t\t\t\t\t\t\t\t\t\tbedrijf: json[i].summary\n\t\t\t\t\t\t\t\t\t\t})\n\t\t\t\t\t\t\t\t\t} else {\n\t\t\t\t\t\t\t\t\t\tlet cal = RidesDB.findOne({calId: json[i].id})\n\t\t\t\t\t\t\t\t\t\tlet _id = cal._id;\n\t\t\t\t\t\t\t\t\t\tlet bestuurder = cal.bestuurder;\n\t\t\t\t\t\t\t\t\t\tlet locatie = cal.locatie;\n\t\t\t\t\t\t\t\t\t\tlet bedrijf = cal.bedrijf;\n\t\t\t\t\t\t\t\t\t\tlet inzittende = cal.inzittende;\n\t\t\t\t\t\t\t\t\t\tlet kosten = cal.kosten;\n\t\t\t\t\t\t\t\t\t\tlet kostenplaats = cal.kostenplaats;\n\t\t\t\t\t\t\t\t\t\tlet roadshow = cal.roadshow\n\t\t\t\t\t\t\t\t\t\tlet wachttijd = cal.wachttijd\n\t\t\t\t\t\t\t\t\t\tlet agendapunt = {calId: json[i].id, date: date, bestuurder: bestuurder, locatie: locatie,bedrijf: bedrijf, inzittende: inzittende,kosten: kosten, kostenplaats: kostenplaats,roadshow: roadshow,wachttijd: wachttijd}\n\t\t\t\t\t\t\t\t\t\n\t\t\t\t\t\t\t\t\t\tconsole.log(json[i].id)\n\t\t\t\t\t\t\t\t\t\tconsole.log(agendapunt)\n\t\t\t\t\t\t\t\t\t\tRidesDB.update(_id,agendapunt)\n\t\t\t\t\t\t\t\t\t}\n\t\t\t\t\t\t\t\t\t\n\t\t\t\t\t\t\t\t};\n\t\t\t\t\t\t\t\treturn json\n\n\t\t\t\t\t\t\t}, function(e) {\n\t\t\t\t\t\t\t\tthrow e\n\t\t\t\t\t\t\t}))\n\t\t\t\t\t\t}\n\t\t\t\t}\n\t\t\t})"]},"sourceType":"script","hash":"85887736a25259c6601f6817886da68d9d6957a7"}
