{"metadata":{},"options":{"plugins":[{"key":"base$0$0","visitor":{"Program":{"enter":[null]},"_exploded":true,"_verified":true},"options":{"generateLetDeclarations":true,"enforceStrictMode":false}},{"key":"transform-meteor-dynamic-import","visitor":{"_exploded":{},"_verified":{},"CallExpression":{"enter":[null]}},"options":{}},{"key":"base$0$2","visitor":{"CallExpression":{"enter":[null]},"BinaryExpression":{"enter":[null]},"MemberExpression":{"enter":[null],"exit":[null]},"_exploded":true,"_verified":true,"Identifier":{"enter":[null]},"JSXIdentifier":{"enter":[null]}},"options":{"polyfill":false,"useBuiltIns":false}},{"key":"base$0$3","visitor":{"_exploded":{},"_verified":{},"ClassDeclaration":{"enter":[null]},"ClassExpression":{"enter":[null]}},"options":{"loose":true}},{"key":"base$0$4","visitor":{"FunctionExpression":{"exit":[null]},"_exploded":true,"_verified":true},"options":{}},{"key":"base$0$5","visitor":{"ForInStatement":{"enter":[null]},"_exploded":true,"_verified":true},"options":{}},{"key":"base$0$6","visitor":{"Program":{"exit":[null]},"_exploded":true,"_verified":true},"options":{"allowTopLevelThis":true,"strictMode":false,"loose":true}},{"key":"base$0$1$0","visitor":{"_exploded":{},"_verified":{},"JSXNamespacedName":{"enter":[null]},"JSXElement":{"exit":[null]},"JSXFragment":{"exit":[null]},"Program":{"enter":[null],"exit":[null]},"JSXAttribute":{"enter":[null]}},"options":{"pragma":"React.createElement","pragmaFrag":"React.Fragment","throwIfNamespace":true,"useBuiltIns":false}},{"key":"base$0$1$1","visitor":{"_exploded":true,"_verified":true},"options":{}},{"key":"base$0$1$2","visitor":{"ExportDefaultDeclaration":{"enter":[null]},"CallExpression":{"enter":[null]},"_exploded":true,"_verified":true},"options":{}},{"key":"base$0$0$0","visitor":{"_exploded":true,"_verified":true},"options":{}},{"key":"base$0$0$1","visitor":{"_exploded":true,"_verified":true},"options":{}},{"key":"base$0$0$2","visitor":{"ArrowFunctionExpression":{"enter":[null]},"_exploded":true,"_verified":true},"options":{}},{"key":"base$0$0$3","visitor":{"BlockStatement":{"enter":[null]},"SwitchCase":{"enter":[null]},"_exploded":true,"_verified":true},"options":{}},{"key":"base$0$0$4","visitor":{"VariableDeclaration":{"enter":[null]},"CatchClause":{"enter":[null]},"_exploded":true,"BlockStatement":{"enter":[null]},"SwitchStatement":{"enter":[null]},"Program":{"enter":[null]},"_verified":true,"DoWhileStatement":{"enter":[null]},"ForInStatement":{"enter":[null]},"ForStatement":{"enter":[null]},"WhileStatement":{"enter":[null]},"ForOfStatement":{"enter":[null]}},"options":{}},{"key":"base$0$0$5","visitor":{"ExportDefaultDeclaration":{"enter":[null]},"ClassDeclaration":{"enter":[null]},"ClassExpression":{"enter":[null]},"_exploded":true,"_verified":true},"options":{"loose":true}},{"key":"base$0$0$6","visitor":{"ObjectExpression":{"exit":[null]},"_exploded":true,"_verified":true},"options":{"loose":true}},{"key":"base$0$0$7","visitor":{"ExportNamedDeclaration":{"enter":[null]},"CatchClause":{"enter":[null]},"AssignmentExpression":{"enter":[null]},"VariableDeclaration":{"enter":[null]},"_exploded":true,"_verified":true,"ForInStatement":{"enter":[null]},"ForOfStatement":{"enter":[null]}},"options":{}},{"key":"base$0$0$8","visitor":{"ForOfStatement":{"enter":[null]},"_exploded":true,"_verified":true},"options":{"loose":true}},{"key":"base$0$0$9","visitor":{"NumericLiteral":{"enter":[null]},"StringLiteral":{"enter":[null]},"_exploded":true,"_verified":true},"options":{}},{"key":"base$0$0$10","visitor":{"ObjectExpression":{"enter":[null]},"_exploded":true,"_verified":true},"options":{}},{"key":"base$0$0$11","visitor":{"_exploded":true,"_verified":true,"FunctionDeclaration":{"enter":[null]},"FunctionExpression":{"enter":[null]},"ObjectMethod":{"enter":[null]},"ArrowFunctionExpression":{"enter":[null]},"ClassMethod":{"enter":[null]}},"options":{}},{"key":"base$0$0$12","visitor":{"ObjectMethod":{"enter":[null]},"ObjectProperty":{"enter":[null]},"_exploded":true,"_verified":true},"options":{}},{"key":"base$0$0$13","visitor":{"ArrayExpression":{"enter":[null]},"CallExpression":{"enter":[null]},"NewExpression":{"enter":[null]},"_exploded":true,"_verified":true},"options":{}},{"key":"base$0$0$14","visitor":{"RegExpLiteral":{"enter":[null]},"_exploded":true,"_verified":true},"options":{}},{"key":"base$0$0$15","visitor":{"TaggedTemplateExpression":{"enter":[null]},"TemplateLiteral":{"enter":[null]},"_exploded":true,"_verified":true},"options":{"loose":true}},{"key":"base$0$0$16","visitor":{"UnaryExpression":{"enter":[null]},"_exploded":true,"_verified":true,"BlockStatement":{"enter":[null]},"CatchClause":{"enter":[null]},"DoWhileStatement":{"enter":[null]},"ForInStatement":{"enter":[null]},"ForStatement":{"enter":[null]},"FunctionDeclaration":{"enter":[null]},"FunctionExpression":{"enter":[null]},"Program":{"enter":[null]},"ObjectMethod":{"enter":[null]},"SwitchStatement":{"enter":[null]},"WhileStatement":{"enter":[null]},"ArrowFunctionExpression":{"enter":[null]},"ClassDeclaration":{"enter":[null]},"ClassExpression":{"enter":[null]},"ForOfStatement":{"enter":[null]},"ClassMethod":{"enter":[null]}},"options":{}},{"key":"base$0$0$17","visitor":{"RegExpLiteral":{"enter":[null]},"_exploded":true,"_verified":true},"options":{}},{"key":"base$0$0$18","visitor":{"_exploded":true,"_verified":true},"options":{}},{"key":"base$0$0$19","visitor":{"_exploded":{},"_verified":{},"VariableDeclarator":{"enter":[null]},"ExportNamedDeclaration":{"enter":[null]},"CatchClause":{"enter":[null]},"AssignmentExpression":{"enter":[null]},"ObjectExpression":{"enter":[null]},"FunctionDeclaration":{"enter":[null]},"FunctionExpression":{"enter":[null]},"ObjectMethod":{"enter":[null]},"ArrowFunctionExpression":{"enter":[null]},"ClassMethod":{"enter":[null]},"ForInStatement":{"enter":[null]},"ForOfStatement":{"enter":[null]}},"options":{}},{"key":"base$0$0$20","visitor":{"ObjectProperty":{"exit":[null]},"_exploded":true,"_verified":true},"options":{}},{"key":"base$0$0$21","visitor":{"_exploded":{},"_verified":{},"Program":{"enter":[null]},"ImportDeclaration":{"enter":[null,null]},"ClassProperty":{"enter":[null]},"AssignmentPattern":{"enter":[null]},"TypeCastExpression":{"enter":[null,null]},"ImportSpecifier":{"enter":[null]},"ClassDeclaration":{"enter":[null]},"ClassExpression":{"enter":[null]},"FunctionDeclaration":{"enter":[null]},"FunctionExpression":{"enter":[null]},"ObjectMethod":{"enter":[null]},"ArrowFunctionExpression":{"enter":[null]},"ClassMethod":{"enter":[null]},"AnyTypeAnnotation":{"enter":[null]},"ArrayTypeAnnotation":{"enter":[null]},"BooleanTypeAnnotation":{"enter":[null]},"BooleanLiteralTypeAnnotation":{"enter":[null]},"NullLiteralTypeAnnotation":{"enter":[null]},"ClassImplements":{"enter":[null]},"DeclareClass":{"enter":[null]},"DeclareFunction":{"enter":[null]},"DeclareInterface":{"enter":[null]},"DeclareModule":{"enter":[null]},"DeclareModuleExports":{"enter":[null]},"DeclareTypeAlias":{"enter":[null]},"DeclareOpaqueType":{"enter":[null]},"DeclareVariable":{"enter":[null]},"DeclareExportDeclaration":{"enter":[null]},"DeclareExportAllDeclaration":{"enter":[null]},"DeclaredPredicate":{"enter":[null]},"ExistsTypeAnnotation":{"enter":[null]},"FunctionTypeAnnotation":{"enter":[null]},"FunctionTypeParam":{"enter":[null]},"GenericTypeAnnotation":{"enter":[null]},"InferredPredicate":{"enter":[null]},"InterfaceExtends":{"enter":[null]},"InterfaceDeclaration":{"enter":[null]},"IntersectionTypeAnnotation":{"enter":[null]},"MixedTypeAnnotation":{"enter":[null]},"EmptyTypeAnnotation":{"enter":[null]},"NullableTypeAnnotation":{"enter":[null]},"NumberLiteralTypeAnnotation":{"enter":[null]},"NumberTypeAnnotation":{"enter":[null]},"ObjectTypeAnnotation":{"enter":[null]},"ObjectTypeCallProperty":{"enter":[null]},"ObjectTypeIndexer":{"enter":[null]},"ObjectTypeProperty":{"enter":[null]},"ObjectTypeSpreadProperty":{"enter":[null]},"OpaqueType":{"enter":[null]},"QualifiedTypeIdentifier":{"enter":[null]},"StringLiteralTypeAnnotation":{"enter":[null]},"StringTypeAnnotation":{"enter":[null]},"ThisTypeAnnotation":{"enter":[null]},"TupleTypeAnnotation":{"enter":[null]},"TypeofTypeAnnotation":{"enter":[null]},"TypeAlias":{"enter":[null]},"TypeAnnotation":{"enter":[null]},"TypeParameter":{"enter":[null]},"TypeParameterDeclaration":{"enter":[null]},"TypeParameterInstantiation":{"enter":[null]},"UnionTypeAnnotation":{"enter":[null]},"Variance":{"enter":[null]},"VoidTypeAnnotation":{"enter":[null]},"ExportAllDeclaration":{"enter":[null]},"ExportDefaultDeclaration":{"enter":[null]},"ExportNamedDeclaration":{"enter":[null]}},"options":{}},{"key":"base$0$0$22","visitor":{"AssignmentExpression":{"enter":[null]},"BinaryExpression":{"enter":[null]},"_exploded":true,"_verified":true},"options":{}},{"key":"base$0$0$23","visitor":{"_exploded":{},"_verified":{},"Program":{"enter":[null]}},"options":{}},{"key":"regenerator-transform","visitor":{"_exploded":true,"_verified":true,"FunctionDeclaration":{"exit":[null]},"FunctionExpression":{"exit":[null]},"ObjectMethod":{"exit":[null]},"ArrowFunctionExpression":{"exit":[null]},"ClassMethod":{"exit":[null]}},"options":{}}],"presets":[],"compact":false,"ast":true,"babelrc":false,"sourceFileName":"imports/ui/Menu.js","filename":"imports/ui/Menu.js","sourceMaps":true,"envName":"development","cwd":"/Users/linjoe/MEGA/7code/web/taxiapp","passPerPreset":false,"parserOpts":{"sourceType":"module","sourceFileName":"imports/ui/Menu.js","plugins":["dynamicImport","classProperties","jsx","jsx","flow","asyncGenerators","objectRestSpread","objectRestSpread","flow","asyncGenerators"]},"generatorOpts":{"filename":"imports/ui/Menu.js","comments":true,"compact":false,"sourceMaps":true,"sourceFileName":"imports/ui/Menu.js"}},"code":"var _interopRequireDefault = require(\"@babel/runtime/helpers/interopRequireDefault\");\n\nvar _inheritsLoose2 = _interopRequireDefault(require(\"@babel/runtime/helpers/inheritsLoose\"));\n\nmodule.export({\n  \"default\": function () {\n    return Menu;\n  }\n});\nvar React;\nmodule.watch(require(\"react\"), {\n  \"default\": function (v) {\n    React = v;\n  }\n}, 0);\nvar Link;\nmodule.watch(require(\"react-router\"), {\n  Link: function (v) {\n    Link = v;\n  }\n}, 1);\nvar MetaTags;\nmodule.watch(require(\"react-meta-tags\"), {\n  \"default\": function (v) {\n    MetaTags = v;\n  }\n}, 2);\nvar Accounts;\nmodule.watch(require(\"meteor/accounts-base\"), {\n  Accounts: function (v) {\n    Accounts = v;\n  }\n}, 3);\nvar createContainer;\nmodule.watch(require(\"meteor/react-meteor-data\"), {\n  createContainer: function (v) {\n    createContainer = v;\n  }\n}, 4);\n\nvar Menu =\n/*#__PURE__*/\nfunction (_React$Component) {\n  (0, _inheritsLoose2.default)(Menu, _React$Component);\n\n  function Menu() {\n    return _React$Component.apply(this, arguments) || this;\n  }\n\n  var _proto = Menu.prototype;\n\n  _proto.onLogout = function () {\n    function onLogout() {\n      Accounts.logout();\n      browserHistory.push('/');\n    }\n\n    return onLogout;\n  }();\n\n  _proto.render = function () {\n    function render() {\n      return React.createElement(\"div\", null, React.createElement(\"nav\", {\n        className: \"navbar navbar-inverse\"\n      }, React.createElement(\"div\", {\n        className: \"container-fluid\"\n      }, React.createElement(\"div\", {\n        className: \"navbar-header\"\n      }, React.createElement(\"button\", {\n        type: \"button\",\n        className: \"navbar-toggle collapsed\",\n        \"data-toggle\": \"collapse\",\n        \"data-target\": \"#bs-example-navbar-collapse-1\",\n        \"aria-expanded\": \"false\"\n      }, React.createElement(\"span\", {\n        className: \"sr-only\"\n      }, \"Toggle navigation\"), React.createElement(\"span\", {\n        className: \"icon-bar\"\n      }), React.createElement(\"span\", {\n        className: \"icon-bar\"\n      }), React.createElement(\"span\", {\n        className: \"icon-bar\"\n      })), React.createElement(\"a\", {\n        className: \"navbar-brand\",\n        href: \"#\"\n      }, \"T.E.C.S.\")), React.createElement(\"div\", {\n        className: \"collapse navbar-collapse\",\n        id: \"bs-example-navbar-collapse-1\"\n      }, React.createElement(\"ul\", {\n        className: \"nav navbar-nav  navbar-right\"\n      }, React.createElement(\"li\", null, React.createElement(Link, {\n        to: \"/ritten\"\n      }, \" Ritten Administratie\")), React.createElement(\"li\", null, React.createElement(Link, {\n        to: \"/admin\"\n      }, \" Admin\")), React.createElement(\"li\", null, React.createElement(\"button\", {\n        className: \"btn btn-default navbar-btn\",\n        onClick: this.onLogout.bind(this)\n      }, \"Uitloggen\")))))));\n    }\n\n    return render;\n  }();\n\n  return Menu;\n}(React.Component);","map":{"version":3,"sources":["imports/ui/Menu.js"],"names":["module","export","Menu","React","watch","require","v","Link","MetaTags","Accounts","createContainer","onLogout","logout","browserHistory","push","render","bind","Component"],"mappings":";;;;AAAAA,OAAOC,MAAP,CAAc;AAAC,aAAQ;AAAA,WAAIC,IAAJ;AAAA;AAAT,CAAd;AAAkC,IAAIC,KAAJ;AAAUH,OAAOI,KAAP,CAAaC,QAAQ,OAAR,CAAb,EAA8B;AAAA,uBAASC,CAAT,EAAW;AAACH,YAAMG,CAAN;AAAQ;AAApB,CAA9B,EAAoD,CAApD;AAAuD,IAAIC,IAAJ;AAASP,OAAOI,KAAP,CAAaC,QAAQ,cAAR,CAAb,EAAqC;AAACE,MAAD,YAAMD,CAAN,EAAQ;AAACC,WAAKD,CAAL;AAAO;AAAhB,CAArC,EAAuD,CAAvD;AAA0D,IAAIE,QAAJ;AAAaR,OAAOI,KAAP,CAAaC,QAAQ,iBAAR,CAAb,EAAwC;AAAA,uBAASC,CAAT,EAAW;AAACE,eAASF,CAAT;AAAW;AAAvB,CAAxC,EAAiE,CAAjE;AAAoE,IAAIG,QAAJ;AAAaT,OAAOI,KAAP,CAAaC,QAAQ,sBAAR,CAAb,EAA6C;AAACI,UAAD,YAAUH,CAAV,EAAY;AAACG,eAASH,CAAT;AAAW;AAAxB,CAA7C,EAAuE,CAAvE;AAA0E,IAAII,eAAJ;AAAoBV,OAAOI,KAAP,CAAaC,QAAQ,0BAAR,CAAb,EAAiD;AAACK,iBAAD,YAAiBJ,CAAjB,EAAmB;AAACI,sBAAgBJ,CAAhB;AAAkB;AAAtC,CAAjD,EAAyF,CAAzF;;IAM7UJ,I;;;;;;;;;;;SACjBS,Q;wBAAW;AACPF,eAASG,MAAT;AACAC,qBAAeC,IAAf,CAAoB,GAApB;AACH;;;;;SAEDC,M;sBAAS;AACL,aACA,iCACI;AAAK,mBAAU;AAAf,SACE;AAAK,mBAAU;AAAf,SACE;AAAK,mBAAU;AAAf,SACI;AAAQ,cAAK,QAAb;AAAsB,mBAAU,yBAAhC;AAA0D,uBAAY,UAAtE;AAAiF,uBAAY,+BAA7F;AAA6H,yBAAc;AAA3I,SACA;AAAM,mBAAU;AAAhB,6BADA,EAEA;AAAM,mBAAU;AAAhB,QAFA,EAGA;AAAM,mBAAU;AAAhB,QAHA,EAIA;AAAM,mBAAU;AAAhB,QAJA,CADJ,EAOI;AAAG,mBAAU,cAAb;AAA4B,cAAK;AAAjC,oBAPJ,CADF,EAUE;AAAK,mBAAU,0BAAf;AAA0C,YAAG;AAA7C,SACI;AAAI,mBAAU;AAAd,SACI,gCAAI,oBAAC,IAAD;AAAM,YAAG;AAAT,iCAAJ,CADJ,EAEI,gCAAI,oBAAC,IAAD;AAAM,YAAG;AAAT,kBAAJ,CAFJ,EAGI,gCAAI;AAAQ,mBAAU,4BAAlB;AAA+C,iBAAS,KAAKJ,QAAL,CAAcK,IAAd,CAAmB,IAAnB;AAAxD,qBAAJ,CAHJ,CADJ,CAVF,CADF,CADJ,CADA;AAwBL;;;;;;EA/B+Bb,MAAMc,S","sourcesContent":["import React from 'react';\nimport { Link } from 'react-router';\nimport MetaTags from 'react-meta-tags'\nimport { Accounts } from 'meteor/accounts-base';\nimport { createContainer } from 'meteor/react-meteor-data';\n\nexport default class Menu extends React.Component {\n    onLogout() {\n        Accounts.logout();\n        browserHistory.push('/');\n    };\n\n    render() {\n        return (\n        <div>\n            <nav className='navbar navbar-inverse'>\n              <div className=\"container-fluid\">\n                <div className=\"navbar-header\">\n                    <button type=\"button\" className=\"navbar-toggle collapsed\" data-toggle=\"collapse\" data-target=\"#bs-example-navbar-collapse-1\" aria-expanded=\"false\">\n                    <span className=\"sr-only\">Toggle navigation</span>\n                    <span className=\"icon-bar\" />\n                    <span className=\"icon-bar\" />\n                    <span className=\"icon-bar\" />\n                    </button>\n                    <a className=\"navbar-brand\" href=\"#\">T.E.C.S.</a>\n                </div>\n                <div className=\"collapse navbar-collapse\" id=\"bs-example-navbar-collapse-1\">\n                    <ul className=\"nav navbar-nav  navbar-right\">\n                        <li><Link to=\"/ritten\"> Ritten Administratie</Link></li>\n                        <li><Link to=\"/admin\"> Admin</Link></li>\n                        <li><button className='btn btn-default navbar-btn' onClick={this.onLogout.bind(this)}>Uitloggen</button></li>\n                    </ul>\n                </div>\n              </div>\n            </nav>\n          </div>\n    \t);\n  }\n}\n\n"]},"sourceType":"script","hash":"8a69de3d333bec95b908952b7a1957a44e242ca6"}
