{"metadata":{},"options":{"plugins":[{"key":"base$1$0","visitor":{"_exploded":{},"_verified":{},"JSXNamespacedName":{"enter":[null]},"JSXElement":{"exit":[null]},"JSXFragment":{"exit":[null]},"Program":{"enter":[null],"exit":[null]},"JSXAttribute":{"enter":[null]}},"options":{"pragma":"React.createElement","pragmaFrag":"React.Fragment","throwIfNamespace":true,"useBuiltIns":false}},{"key":"base$1$1","visitor":{"_exploded":true,"_verified":true},"options":{}},{"key":"base$1$2","visitor":{"ExportDefaultDeclaration":{"enter":[null]},"CallExpression":{"enter":[null]},"_exploded":true,"_verified":true},"options":{}},{"key":"base$0$0","visitor":{"Program":{"enter":[null]},"_exploded":true,"_verified":true},"options":{"generateLetDeclarations":true,"enforceStrictMode":false}},{"key":"base$0$1","visitor":{"_exploded":true,"_verified":true},"options":{}},{"key":"base$0$2","visitor":{"_exploded":{},"_verified":{},"Program":{"enter":[null]},"ImportDeclaration":{"enter":[null,null]},"ClassProperty":{"enter":[null]},"AssignmentPattern":{"enter":[null]},"TypeCastExpression":{"enter":[null,null]},"ImportSpecifier":{"enter":[null]},"ClassDeclaration":{"enter":[null]},"ClassExpression":{"enter":[null]},"FunctionDeclaration":{"enter":[null]},"FunctionExpression":{"enter":[null]},"ObjectMethod":{"enter":[null]},"ArrowFunctionExpression":{"enter":[null]},"ClassMethod":{"enter":[null]},"AnyTypeAnnotation":{"enter":[null]},"ArrayTypeAnnotation":{"enter":[null]},"BooleanTypeAnnotation":{"enter":[null]},"BooleanLiteralTypeAnnotation":{"enter":[null]},"NullLiteralTypeAnnotation":{"enter":[null]},"ClassImplements":{"enter":[null]},"DeclareClass":{"enter":[null]},"DeclareFunction":{"enter":[null]},"DeclareInterface":{"enter":[null]},"DeclareModule":{"enter":[null]},"DeclareModuleExports":{"enter":[null]},"DeclareTypeAlias":{"enter":[null]},"DeclareOpaqueType":{"enter":[null]},"DeclareVariable":{"enter":[null]},"DeclareExportDeclaration":{"enter":[null]},"DeclareExportAllDeclaration":{"enter":[null]},"DeclaredPredicate":{"enter":[null]},"ExistsTypeAnnotation":{"enter":[null]},"FunctionTypeAnnotation":{"enter":[null]},"FunctionTypeParam":{"enter":[null]},"GenericTypeAnnotation":{"enter":[null]},"InferredPredicate":{"enter":[null]},"InterfaceExtends":{"enter":[null]},"InterfaceDeclaration":{"enter":[null]},"IntersectionTypeAnnotation":{"enter":[null]},"MixedTypeAnnotation":{"enter":[null]},"EmptyTypeAnnotation":{"enter":[null]},"NullableTypeAnnotation":{"enter":[null]},"NumberLiteralTypeAnnotation":{"enter":[null]},"NumberTypeAnnotation":{"enter":[null]},"ObjectTypeAnnotation":{"enter":[null]},"ObjectTypeCallProperty":{"enter":[null]},"ObjectTypeIndexer":{"enter":[null]},"ObjectTypeProperty":{"enter":[null]},"ObjectTypeSpreadProperty":{"enter":[null]},"OpaqueType":{"enter":[null]},"QualifiedTypeIdentifier":{"enter":[null]},"StringLiteralTypeAnnotation":{"enter":[null]},"StringTypeAnnotation":{"enter":[null]},"ThisTypeAnnotation":{"enter":[null]},"TupleTypeAnnotation":{"enter":[null]},"TypeofTypeAnnotation":{"enter":[null]},"TypeAlias":{"enter":[null]},"TypeAnnotation":{"enter":[null]},"TypeParameter":{"enter":[null]},"TypeParameterDeclaration":{"enter":[null]},"TypeParameterInstantiation":{"enter":[null]},"UnionTypeAnnotation":{"enter":[null]},"Variance":{"enter":[null]},"VoidTypeAnnotation":{"enter":[null]},"ExportAllDeclaration":{"enter":[null]},"ExportDefaultDeclaration":{"enter":[null]},"ExportNamedDeclaration":{"enter":[null]}},"options":{}},{"key":"base$0$3","visitor":{"CallExpression":{"enter":[null]},"BinaryExpression":{"enter":[null]},"MemberExpression":{"enter":[null],"exit":[null]},"_exploded":true,"_verified":true,"Identifier":{"enter":[null]},"JSXIdentifier":{"enter":[null]}},"options":{"polyfill":false,"useBuiltIns":true}},{"key":"base$0$4","visitor":{"_exploded":true,"_verified":true},"options":{}},{"key":"base$0$5","visitor":{"_exploded":{},"_verified":{},"VariableDeclarator":{"enter":[null]},"ExportNamedDeclaration":{"enter":[null]},"CatchClause":{"enter":[null]},"AssignmentExpression":{"enter":[null]},"ObjectExpression":{"enter":[null]},"FunctionDeclaration":{"enter":[null]},"FunctionExpression":{"enter":[null]},"ObjectMethod":{"enter":[null]},"ArrowFunctionExpression":{"enter":[null]},"ClassMethod":{"enter":[null]},"ForInStatement":{"enter":[null]},"ForOfStatement":{"enter":[null]}},"options":{}},{"key":"transform-meteor-async-await","visitor":{"AwaitExpression":{"enter":[null]},"_exploded":true,"_verified":true,"FunctionDeclaration":{"exit":[null]},"FunctionExpression":{"exit":[null]},"ObjectMethod":{"exit":[null]},"ArrowFunctionExpression":{"exit":[null]},"ClassMethod":{"exit":[null]}},"options":{"useNativeAsyncAwait":false}},{"key":"transform-meteor-dynamic-import","visitor":{"_exploded":{},"_verified":{},"CallExpression":{"enter":[null]}},"options":{}},{"key":"base$0$8","visitor":{"_exploded":{},"_verified":{},"Program":{"enter":[null]}},"options":{}},{"key":"base$0$9","visitor":{"Program":{"exit":[null]},"_exploded":true,"_verified":true},"options":{"allowTopLevelThis":true,"strictMode":false,"loose":true}},{"key":"base$0$10","visitor":{"_exploded":{},"_verified":{},"ClassDeclaration":{"enter":[null]},"ClassExpression":{"enter":[null]}},"options":{"loose":true}}],"compact":false,"ast":true,"babelrc":false,"sourceFileName":"imports/ui/addClient.js","filename":"imports/ui/addClient.js","sourceMaps":true,"envName":"development","cwd":"/Users/linjoe/MEGA/7code/web/taxiapp","passPerPreset":false,"presets":[],"parserOpts":{"sourceType":"module","sourceFileName":"imports/ui/addClient.js","plugins":["jsx","jsx","flow","flow","objectRestSpread","objectRestSpread","dynamicImport","asyncGenerators","classProperties"]},"generatorOpts":{"filename":"imports/ui/addClient.js","comments":true,"compact":false,"sourceMaps":true,"sourceFileName":"imports/ui/addClient.js"}},"code":"module.export({\n  default: () => AddClient\n});\nlet React;\nmodule.watch(require(\"react\"), {\n  default(v) {\n    React = v;\n  }\n\n}, 0);\nlet Meteor;\nmodule.watch(require(\"meteor/meteor\"), {\n  Meteor(v) {\n    Meteor = v;\n  }\n\n}, 1);\nlet Clients;\nmodule.watch(require(\"./../api/clients\"), {\n  Clients(v) {\n    Clients = v;\n  }\n\n}, 2);\nlet Link, browserHistory;\nmodule.watch(require(\"react-router\"), {\n  Link(v) {\n    Link = v;\n  },\n\n  browserHistory(v) {\n    browserHistory = v;\n  }\n\n}, 3);\n\nclass AddClient extends React.Component {\n  constructor(props) {\n    super(props);\n    this.state = {\n      error: ''\n    };\n  }\n\n  onSubmit(e) {\n    e.preventDefault();\n    let bedrijf = this.refs.bedrijf.value.trim();\n    let bedrijfList = {\n      bedrijf: bedrijf\n    };\n    console.log(bedrijfList);\n    Meteor.call('Clients.input', bedrijfList);\n    browserHistory.push('/ritten');\n  }\n\n  render() {\n    return React.createElement(\"div\", null, this.state.error ? React.createElement(\"p\", null, this.state.error) : undefined, React.createElement(\"form\", {\n      onSubmit: this.onSubmit.bind(this),\n      noValidate: true\n    }, React.createElement(\"label\", null, \"Bedrijf\"), React.createElement(\"div\", {\n      className: \"form-group\"\n    }, React.createElement(\"input\", {\n      className: \"form-control\",\n      type: \"string\",\n      ref: \"bedrijf\"\n    })), React.createElement(\"div\", {\n      className: \"form-group\"\n    }, React.createElement(\"button\", {\n      className: \"btn btn-default\"\n    }, \" Invoeren\"))));\n  }\n\n}","map":{"version":3,"sources":["imports/ui/addClient.js"],"names":["module","export","default","AddClient","React","watch","require","v","Meteor","Clients","Link","browserHistory","Component","constructor","props","state","error","onSubmit","e","preventDefault","bedrijf","refs","value","trim","bedrijfList","console","log","call","push","render","undefined","bind"],"mappings":"AAAAA,OAAOC,MAAP,CAAc;AAACC,WAAQ,MAAIC;AAAb,CAAd;AAAuC,IAAIC,KAAJ;AAAUJ,OAAOK,KAAP,CAAaC,QAAQ,OAAR,CAAb,EAA8B;AAACJ,UAAQK,CAAR,EAAU;AAACH,YAAMG,CAAN;AAAQ;;AAApB,CAA9B,EAAoD,CAApD;AAAuD,IAAIC,MAAJ;AAAWR,OAAOK,KAAP,CAAaC,QAAQ,eAAR,CAAb,EAAsC;AAACE,SAAOD,CAAP,EAAS;AAACC,aAAOD,CAAP;AAAS;;AAApB,CAAtC,EAA4D,CAA5D;AAA+D,IAAIE,OAAJ;AAAYT,OAAOK,KAAP,CAAaC,QAAQ,kBAAR,CAAb,EAAyC;AAACG,UAAQF,CAAR,EAAU;AAACE,cAAQF,CAAR;AAAU;;AAAtB,CAAzC,EAAiE,CAAjE;AAAoE,IAAIG,IAAJ,EAASC,cAAT;AAAwBX,OAAOK,KAAP,CAAaC,QAAQ,cAAR,CAAb,EAAqC;AAACI,OAAKH,CAAL,EAAO;AAACG,WAAKH,CAAL;AAAO,GAAhB;;AAAiBI,iBAAeJ,CAAf,EAAiB;AAACI,qBAAeJ,CAAf;AAAiB;;AAApD,CAArC,EAA2F,CAA3F;;AAM3Q,MAAMJ,SAAN,SAAwBC,MAAMQ,SAA9B,CAAwC;AACtDC,cAAaC,KAAb,EAAoB;AACpB,UAAMA,KAAN;AACA,SAAKC,KAAL,GAAa;AACXC,aAAO;AADI,KAAb;AAGC;;AAEDC,WAASC,CAAT,EAAW;AACVA,MAAEC,cAAF;AAEA,QAAIC,UAAW,KAAKC,IAAL,CAAUD,OAAV,CAAkBE,KAAlB,CAAwBC,IAAxB,EAAf;AACA,QAAIC,cAAa;AAACJ,eAASA;AAAV,KAAjB;AACAK,YAAQC,GAAR,CAAYF,WAAZ;AACAhB,WAAOmB,IAAP,CAAY,eAAZ,EAA6BH,WAA7B;AACAb,mBAAeiB,IAAf,CAAoB,SAApB;AACA;;AAKAC,WAAS;AACP,WACC,iCACE,KAAKd,KAAL,CAAWC,KAAX,GAAmB,+BAAI,KAAKD,KAAL,CAAWC,KAAf,CAAnB,GAA+Cc,SADjD,EAEC;AAAM,gBAAU,KAAKb,QAAL,CAAcc,IAAd,CAAmB,IAAnB,CAAhB;AAA0C;AAA1C,OACC,6CADD,EAEC;AAAK,iBAAU;AAAf,OACC;AAAO,iBAAU,cAAjB;AAAgC,YAAK,QAArC;AAA8C,WAAI;AAAlD,MADD,CAFD,EAKC;AAAK,iBAAU;AAAf,OACC;AAAQ,iBAAU;AAAlB,mBADD,CALD,CAFD,CADD;AAcD;;AApCoD","sourcesContent":["import React from 'react';\nimport { Meteor } from 'meteor/meteor'\nimport { Clients } from './../api/clients'\nimport { Link, browserHistory } from 'react-router';\n\n\nexport default class AddClient extends React.Component {\n\tconstructor (props) {\n\tsuper(props)\n\tthis.state = {\n\t  error: ''\n\t};\n\t}\n\n\tonSubmit(e){\n\t\te.preventDefault();\n\n\t\tlet bedrijf =  this.refs.bedrijf.value.trim();\n\t\tlet bedrijfList= {bedrijf: bedrijf}\n\t\tconsole.log(bedrijfList)\n\t\tMeteor.call('Clients.input', bedrijfList)\n\t\tbrowserHistory.push('/ritten')\n\t}\n\t\n\n\n\n  render() {\n    return (\n    \t<div>\n    \t\t{this.state.error ? <p>{this.state.error}</p> : undefined}\n    \t\t<form onSubmit={this.onSubmit.bind(this)} noValidate>\n\t    \t\t<label>Bedrijf</label>\n\t    \t\t<div className=\"form-group\">\n\t\t    \t\t<input className=\"form-control\" type=\"string\" ref=\"bedrijf\"></input>\n\t\t\t\t</div>\n    \t\t\t<div className=\"form-group\">\n    \t\t\t\t<button className=\"btn btn-default\"> Invoeren</button>\n    \t\t\t</div>\n    \t\t</form>\n    \t</div>\n    \t);\n  }\n}"]},"sourceType":"script","hash":"9360b5194a8f2d68ee473912d8476867e5cae769"}
