{"metadata":{},"options":{"plugins":[{"key":"base$1$0","visitor":{"_exploded":{},"_verified":{},"JSXNamespacedName":{"enter":[null]},"JSXElement":{"exit":[null]},"JSXFragment":{"exit":[null]},"Program":{"enter":[null],"exit":[null]},"JSXAttribute":{"enter":[null]}},"options":{"pragma":"React.createElement","pragmaFrag":"React.Fragment","throwIfNamespace":true,"useBuiltIns":false}},{"key":"base$1$1","visitor":{"_exploded":true,"_verified":true},"options":{}},{"key":"base$1$2","visitor":{"ExportDefaultDeclaration":{"enter":[null]},"CallExpression":{"enter":[null]},"_exploded":true,"_verified":true},"options":{}},{"key":"base$0$0","visitor":{"Program":{"enter":[null]},"_exploded":true,"_verified":true},"options":{"generateLetDeclarations":true,"enforceStrictMode":false}},{"key":"base$0$1","visitor":{"_exploded":true,"_verified":true},"options":{}},{"key":"base$0$2","visitor":{"_exploded":{},"_verified":{},"Program":{"enter":[null]},"ImportDeclaration":{"enter":[null,null]},"ClassProperty":{"enter":[null]},"AssignmentPattern":{"enter":[null]},"TypeCastExpression":{"enter":[null,null]},"ImportSpecifier":{"enter":[null]},"ClassDeclaration":{"enter":[null]},"ClassExpression":{"enter":[null]},"FunctionDeclaration":{"enter":[null]},"FunctionExpression":{"enter":[null]},"ObjectMethod":{"enter":[null]},"ArrowFunctionExpression":{"enter":[null]},"ClassMethod":{"enter":[null]},"AnyTypeAnnotation":{"enter":[null]},"ArrayTypeAnnotation":{"enter":[null]},"BooleanTypeAnnotation":{"enter":[null]},"BooleanLiteralTypeAnnotation":{"enter":[null]},"NullLiteralTypeAnnotation":{"enter":[null]},"ClassImplements":{"enter":[null]},"DeclareClass":{"enter":[null]},"DeclareFunction":{"enter":[null]},"DeclareInterface":{"enter":[null]},"DeclareModule":{"enter":[null]},"DeclareModuleExports":{"enter":[null]},"DeclareTypeAlias":{"enter":[null]},"DeclareOpaqueType":{"enter":[null]},"DeclareVariable":{"enter":[null]},"DeclareExportDeclaration":{"enter":[null]},"DeclareExportAllDeclaration":{"enter":[null]},"DeclaredPredicate":{"enter":[null]},"ExistsTypeAnnotation":{"enter":[null]},"FunctionTypeAnnotation":{"enter":[null]},"FunctionTypeParam":{"enter":[null]},"GenericTypeAnnotation":{"enter":[null]},"InferredPredicate":{"enter":[null]},"InterfaceExtends":{"enter":[null]},"InterfaceDeclaration":{"enter":[null]},"IntersectionTypeAnnotation":{"enter":[null]},"MixedTypeAnnotation":{"enter":[null]},"EmptyTypeAnnotation":{"enter":[null]},"NullableTypeAnnotation":{"enter":[null]},"NumberLiteralTypeAnnotation":{"enter":[null]},"NumberTypeAnnotation":{"enter":[null]},"ObjectTypeAnnotation":{"enter":[null]},"ObjectTypeCallProperty":{"enter":[null]},"ObjectTypeIndexer":{"enter":[null]},"ObjectTypeProperty":{"enter":[null]},"ObjectTypeSpreadProperty":{"enter":[null]},"OpaqueType":{"enter":[null]},"QualifiedTypeIdentifier":{"enter":[null]},"StringLiteralTypeAnnotation":{"enter":[null]},"StringTypeAnnotation":{"enter":[null]},"ThisTypeAnnotation":{"enter":[null]},"TupleTypeAnnotation":{"enter":[null]},"TypeofTypeAnnotation":{"enter":[null]},"TypeAlias":{"enter":[null]},"TypeAnnotation":{"enter":[null]},"TypeParameter":{"enter":[null]},"TypeParameterDeclaration":{"enter":[null]},"TypeParameterInstantiation":{"enter":[null]},"UnionTypeAnnotation":{"enter":[null]},"Variance":{"enter":[null]},"VoidTypeAnnotation":{"enter":[null]},"ExportAllDeclaration":{"enter":[null]},"ExportDefaultDeclaration":{"enter":[null]},"ExportNamedDeclaration":{"enter":[null]}},"options":{}},{"key":"base$0$3","visitor":{"CallExpression":{"enter":[null]},"BinaryExpression":{"enter":[null]},"MemberExpression":{"enter":[null],"exit":[null]},"_exploded":true,"_verified":true,"Identifier":{"enter":[null]},"JSXIdentifier":{"enter":[null]}},"options":{"polyfill":false,"useBuiltIns":true}},{"key":"base$0$4","visitor":{"_exploded":true,"_verified":true},"options":{}},{"key":"base$0$5","visitor":{"_exploded":{},"_verified":{},"VariableDeclarator":{"enter":[null]},"ExportNamedDeclaration":{"enter":[null]},"CatchClause":{"enter":[null]},"AssignmentExpression":{"enter":[null]},"ObjectExpression":{"enter":[null]},"FunctionDeclaration":{"enter":[null]},"FunctionExpression":{"enter":[null]},"ObjectMethod":{"enter":[null]},"ArrowFunctionExpression":{"enter":[null]},"ClassMethod":{"enter":[null]},"ForInStatement":{"enter":[null]},"ForOfStatement":{"enter":[null]}},"options":{}},{"key":"transform-meteor-async-await","visitor":{"AwaitExpression":{"enter":[null]},"_exploded":true,"_verified":true,"FunctionDeclaration":{"exit":[null]},"FunctionExpression":{"exit":[null]},"ObjectMethod":{"exit":[null]},"ArrowFunctionExpression":{"exit":[null]},"ClassMethod":{"exit":[null]}},"options":{"useNativeAsyncAwait":false}},{"key":"transform-meteor-dynamic-import","visitor":{"_exploded":{},"_verified":{},"CallExpression":{"enter":[null]}},"options":{}},{"key":"base$0$8","visitor":{"_exploded":{},"_verified":{},"Program":{"enter":[null]}},"options":{}},{"key":"base$0$9","visitor":{"Program":{"exit":[null]},"_exploded":true,"_verified":true},"options":{"allowTopLevelThis":true,"strictMode":false,"loose":true}},{"key":"base$0$10","visitor":{"_exploded":{},"_verified":{},"ClassDeclaration":{"enter":[null]},"ClassExpression":{"enter":[null]}},"options":{"loose":true}}],"compact":false,"ast":true,"babelrc":false,"sourceFileName":"packages/ddp-common/random_stream.js","filename":"packages/ddp-common/random_stream.js","sourceMaps":true,"envName":"development","cwd":"/Users/linjoe/MEGA/7code/web/taxiapp/client/compatibility","passPerPreset":false,"presets":[],"parserOpts":{"sourceType":"module","sourceFileName":"packages/ddp-common/random_stream.js","plugins":["jsx","jsx","flow","flow","objectRestSpread","objectRestSpread","dynamicImport","asyncGenerators","classProperties"]},"generatorOpts":{"filename":"packages/ddp-common/random_stream.js","comments":true,"compact":false,"sourceMaps":true,"sourceFileName":"packages/ddp-common/random_stream.js"}},"code":"// RandomStream allows for generation of pseudo-random values, from a seed.\n//\n// We use this for consistent 'random' numbers across the client and server.\n// We want to generate probably-unique IDs on the client, and we ideally want\n// the server to generate the same IDs when it executes the method.\n//\n// For generated values to be the same, we must seed ourselves the same way,\n// and we must keep track of the current state of our pseudo-random generators.\n// We call this state the scope. By default, we use the current DDP method\n// invocation as our scope.  DDP now allows the client to specify a randomSeed.\n// If a randomSeed is provided it will be used to seed our random sequences.\n// In this way, client and server method calls will generate the same values.\n//\n// We expose multiple named streams; each stream is independent\n// and is seeded differently (but predictably from the name).\n// By using multiple streams, we support reordering of requests,\n// as long as they occur on different streams.\n//\n// @param options {Optional Object}\n//   seed: Array or value - Seed value(s) for the generator.\n//                          If an array, will be used as-is\n//                          If a value, will be converted to a single-value array\n//                          If omitted, a random array will be used as the seed.\nDDPCommon.RandomStream = class RandomStream {\n  constructor(options) {\n    this.seed = [].concat(options.seed || randomToken());\n    this.sequences = Object.create(null);\n  } // Get a random sequence with the specified name, creating it if does not exist.\n  // New sequences are seeded with the seed concatenated with the name.\n  // By passing a seed into Random.create, we use the Alea generator.\n\n\n  _sequence(name) {\n    var self = this;\n    var sequence = self.sequences[name] || null;\n\n    if (sequence === null) {\n      var sequenceSeed = self.seed.concat(name);\n\n      for (var i = 0; i < sequenceSeed.length; i++) {\n        if (typeof sequenceSeed[i] === \"function\") {\n          sequenceSeed[i] = sequenceSeed[i]();\n        }\n      }\n\n      self.sequences[name] = sequence = Random.createWithSeeds.apply(null, sequenceSeed);\n    }\n\n    return sequence;\n  }\n\n}; // Returns a random string of sufficient length for a random seed.\n// This is a placeholder function; a similar function is planned\n// for Random itself; when that is added we should remove this function,\n// and call Random's randomToken instead.\n\nfunction randomToken() {\n  return Random.hexString(20);\n}\n\n; // Returns the random stream with the specified name, in the specified\n// scope. If a scope is passed, then we use that to seed a (not\n// cryptographically secure) PRNG using the fast Alea algorithm.  If\n// scope is null (or otherwise falsey) then we use a generated seed.\n//\n// However, scope will normally be the current DDP method invocation,\n// so we'll use the stream with the specified name, and we should get\n// consistent values on the client and server sides of a method call.\n\nDDPCommon.RandomStream.get = function (scope, name) {\n  if (!name) {\n    name = \"default\";\n  }\n\n  if (!scope) {\n    // There was no scope passed in; the sequence won't actually be\n    // reproducible. but make it fast (and not cryptographically\n    // secure) anyways, so that the behavior is similar to what you'd\n    // get by passing in a scope.\n    return Random.insecure;\n  }\n\n  var randomStream = scope.randomStream;\n\n  if (!randomStream) {\n    scope.randomStream = randomStream = new DDPCommon.RandomStream({\n      seed: scope.randomSeed\n    });\n  }\n\n  return randomStream._sequence(name);\n}; // Creates a randomSeed for passing to a method call.\n// Note that we take enclosing as an argument,\n// though we expect it to be DDP._CurrentMethodInvocation.get()\n// However, we often evaluate makeRpcSeed lazily, and thus the relevant\n// invocation may not be the one currently in scope.\n// If enclosing is null, we'll use Random and values won't be repeatable.\n\n\nDDPCommon.makeRpcSeed = function (enclosing, methodName) {\n  var stream = DDPCommon.RandomStream.get(enclosing, '/rpc/' + methodName);\n  return stream.hexString(20);\n};","map":{"version":3,"sources":["packages/ddp-common/random_stream.js"],"names":["DDPCommon","RandomStream","constructor","options","seed","concat","randomToken","sequences","Object","create","_sequence","name","self","sequence","sequenceSeed","i","length","Random","createWithSeeds","apply","hexString","get","scope","insecure","randomStream","randomSeed","makeRpcSeed","enclosing","methodName","stream"],"mappings":"AAAA;AACA;AACA;AACA;AACA;AACA;AACA;AACA;AACA;AACA;AACA;AACA;AACA;AACA;AACA;AACA;AACA;AACA;AACA;AACA;AACA;AACA;AACA;AACAA,UAAUC,YAAV,GAAyB,MAAMA,YAAN,CAAmB;AAC1CC,cAAYC,OAAZ,EAAqB;AACnB,SAAKC,IAAL,GAAY,GAAGC,MAAH,CAAUF,QAAQC,IAAR,IAAgBE,aAA1B,CAAZ;AACA,SAAKC,SAAL,GAAiBC,OAAOC,MAAP,CAAc,IAAd,CAAjB;AACD,GAJyC,CAM1C;AACA;AACA;;;AACAC,YAAUC,IAAV,EAAgB;AACd,QAAIC,OAAO,IAAX;AAEA,QAAIC,WAAWD,KAAKL,SAAL,CAAeI,IAAf,KAAwB,IAAvC;;AACA,QAAIE,aAAa,IAAjB,EAAuB;AACrB,UAAIC,eAAeF,KAAKR,IAAL,CAAUC,MAAV,CAAiBM,IAAjB,CAAnB;;AACA,WAAK,IAAII,IAAI,CAAb,EAAgBA,IAAID,aAAaE,MAAjC,EAAyCD,GAAzC,EAA8C;AAC5C,YAAI,OAAOD,aAAaC,CAAb,CAAP,KAA2B,UAA/B,EAA2C;AACzCD,uBAAaC,CAAb,IAAkBD,aAAaC,CAAb,GAAlB;AACD;AACF;;AACDH,WAAKL,SAAL,CAAeI,IAAf,IAAuBE,WAAWI,OAAOC,eAAP,CAAuBC,KAAvB,CAA6B,IAA7B,EAAmCL,YAAnC,CAAlC;AACD;;AACD,WAAOD,QAAP;AACD;;AAvByC,CAA5C,C,CA0BA;AACA;AACA;AACA;;AACA,SAASP,WAAT,GAAuB;AACrB,SAAOW,OAAOG,SAAP,CAAiB,EAAjB,CAAP;AACD;;AAAA,C,CAED;AACA;AACA;AACA;AACA;AACA;AACA;AACA;;AACApB,UAAUC,YAAV,CAAuBoB,GAAvB,GAA6B,UAAUC,KAAV,EAAiBX,IAAjB,EAAuB;AAClD,MAAI,CAACA,IAAL,EAAW;AACTA,WAAO,SAAP;AACD;;AACD,MAAI,CAACW,KAAL,EAAY;AACV;AACA;AACA;AACA;AACA,WAAOL,OAAOM,QAAd;AACD;;AACD,MAAIC,eAAeF,MAAME,YAAzB;;AACA,MAAI,CAACA,YAAL,EAAmB;AACjBF,UAAME,YAAN,GAAqBA,eAAe,IAAIxB,UAAUC,YAAd,CAA2B;AAC7DG,YAAMkB,MAAMG;AADiD,KAA3B,CAApC;AAGD;;AACD,SAAOD,aAAad,SAAb,CAAuBC,IAAvB,CAAP;AACD,CAlBD,C,CAoBA;AACA;AACA;AACA;AACA;AACA;;;AACAX,UAAU0B,WAAV,GAAwB,UAAUC,SAAV,EAAqBC,UAArB,EAAiC;AACvD,MAAIC,SAAS7B,UAAUC,YAAV,CAAuBoB,GAAvB,CAA2BM,SAA3B,EAAsC,UAAUC,UAAhD,CAAb;AACA,SAAOC,OAAOT,SAAP,CAAiB,EAAjB,CAAP;AACD,CAHD","sourcesContent":["// RandomStream allows for generation of pseudo-random values, from a seed.\n//\n// We use this for consistent 'random' numbers across the client and server.\n// We want to generate probably-unique IDs on the client, and we ideally want\n// the server to generate the same IDs when it executes the method.\n//\n// For generated values to be the same, we must seed ourselves the same way,\n// and we must keep track of the current state of our pseudo-random generators.\n// We call this state the scope. By default, we use the current DDP method\n// invocation as our scope.  DDP now allows the client to specify a randomSeed.\n// If a randomSeed is provided it will be used to seed our random sequences.\n// In this way, client and server method calls will generate the same values.\n//\n// We expose multiple named streams; each stream is independent\n// and is seeded differently (but predictably from the name).\n// By using multiple streams, we support reordering of requests,\n// as long as they occur on different streams.\n//\n// @param options {Optional Object}\n//   seed: Array or value - Seed value(s) for the generator.\n//                          If an array, will be used as-is\n//                          If a value, will be converted to a single-value array\n//                          If omitted, a random array will be used as the seed.\nDDPCommon.RandomStream = class RandomStream {\n  constructor(options) {\n    this.seed = [].concat(options.seed || randomToken());\n    this.sequences = Object.create(null);\n  }\n\n  // Get a random sequence with the specified name, creating it if does not exist.\n  // New sequences are seeded with the seed concatenated with the name.\n  // By passing a seed into Random.create, we use the Alea generator.\n  _sequence(name) {\n    var self = this;\n\n    var sequence = self.sequences[name] || null;\n    if (sequence === null) {\n      var sequenceSeed = self.seed.concat(name);\n      for (var i = 0; i < sequenceSeed.length; i++) {\n        if (typeof sequenceSeed[i] === \"function\") {\n          sequenceSeed[i] = sequenceSeed[i]();\n        }\n      }\n      self.sequences[name] = sequence = Random.createWithSeeds.apply(null, sequenceSeed);\n    }\n    return sequence;\n  }\n};\n\n// Returns a random string of sufficient length for a random seed.\n// This is a placeholder function; a similar function is planned\n// for Random itself; when that is added we should remove this function,\n// and call Random's randomToken instead.\nfunction randomToken() {\n  return Random.hexString(20);\n};\n\n// Returns the random stream with the specified name, in the specified\n// scope. If a scope is passed, then we use that to seed a (not\n// cryptographically secure) PRNG using the fast Alea algorithm.  If\n// scope is null (or otherwise falsey) then we use a generated seed.\n//\n// However, scope will normally be the current DDP method invocation,\n// so we'll use the stream with the specified name, and we should get\n// consistent values on the client and server sides of a method call.\nDDPCommon.RandomStream.get = function (scope, name) {\n  if (!name) {\n    name = \"default\";\n  }\n  if (!scope) {\n    // There was no scope passed in; the sequence won't actually be\n    // reproducible. but make it fast (and not cryptographically\n    // secure) anyways, so that the behavior is similar to what you'd\n    // get by passing in a scope.\n    return Random.insecure;\n  }\n  var randomStream = scope.randomStream;\n  if (!randomStream) {\n    scope.randomStream = randomStream = new DDPCommon.RandomStream({\n      seed: scope.randomSeed\n    });\n  }\n  return randomStream._sequence(name);\n};\n\n// Creates a randomSeed for passing to a method call.\n// Note that we take enclosing as an argument,\n// though we expect it to be DDP._CurrentMethodInvocation.get()\n// However, we often evaluate makeRpcSeed lazily, and thus the relevant\n// invocation may not be the one currently in scope.\n// If enclosing is null, we'll use Random and values won't be repeatable.\nDDPCommon.makeRpcSeed = function (enclosing, methodName) {\n  var stream = DDPCommon.RandomStream.get(enclosing, '/rpc/' + methodName);\n  return stream.hexString(20);\n};\n"]},"sourceType":"script","hash":"9af56a3ce1f57c4b7703d87b65c4849e3f73d7c7"}
