{"metadata":{},"options":{"plugins":[{"key":"base$0$0","visitor":{"Program":{"enter":[null]},"_exploded":true,"_verified":true},"options":{"generateLetDeclarations":true,"enforceStrictMode":false}},{"key":"transform-meteor-dynamic-import","visitor":{"_exploded":{},"_verified":{},"CallExpression":{"enter":[null]}},"options":{}},{"key":"base$0$2","visitor":{"CallExpression":{"enter":[null]},"BinaryExpression":{"enter":[null]},"MemberExpression":{"enter":[null],"exit":[null]},"_exploded":true,"_verified":true,"Identifier":{"enter":[null]},"JSXIdentifier":{"enter":[null]}},"options":{"polyfill":false,"useBuiltIns":false}},{"key":"base$0$3","visitor":{"_exploded":{},"_verified":{},"ClassDeclaration":{"enter":[null]},"ClassExpression":{"enter":[null]}},"options":{"loose":true}},{"key":"base$0$4","visitor":{"FunctionExpression":{"exit":[null]},"_exploded":true,"_verified":true},"options":{}},{"key":"base$0$5","visitor":{"ForInStatement":{"enter":[null]},"_exploded":true,"_verified":true},"options":{}},{"key":"base$0$6","visitor":{"Program":{"exit":[null]},"_exploded":true,"_verified":true},"options":{"allowTopLevelThis":true,"strictMode":false,"loose":true}},{"key":"base$0$1$0","visitor":{"_exploded":{},"_verified":{},"JSXNamespacedName":{"enter":[null]},"JSXElement":{"exit":[null]},"JSXFragment":{"exit":[null]},"Program":{"enter":[null],"exit":[null]},"JSXAttribute":{"enter":[null]}},"options":{"pragma":"React.createElement","pragmaFrag":"React.Fragment","throwIfNamespace":true,"useBuiltIns":false}},{"key":"base$0$1$1","visitor":{"_exploded":true,"_verified":true},"options":{}},{"key":"base$0$1$2","visitor":{"ExportDefaultDeclaration":{"enter":[null]},"CallExpression":{"enter":[null]},"_exploded":true,"_verified":true},"options":{}},{"key":"base$0$0$0","visitor":{"_exploded":true,"_verified":true},"options":{}},{"key":"base$0$0$1","visitor":{"_exploded":true,"_verified":true},"options":{}},{"key":"base$0$0$2","visitor":{"ArrowFunctionExpression":{"enter":[null]},"_exploded":true,"_verified":true},"options":{}},{"key":"base$0$0$3","visitor":{"BlockStatement":{"enter":[null]},"SwitchCase":{"enter":[null]},"_exploded":true,"_verified":true},"options":{}},{"key":"base$0$0$4","visitor":{"VariableDeclaration":{"enter":[null]},"CatchClause":{"enter":[null]},"_exploded":true,"BlockStatement":{"enter":[null]},"SwitchStatement":{"enter":[null]},"Program":{"enter":[null]},"_verified":true,"DoWhileStatement":{"enter":[null]},"ForInStatement":{"enter":[null]},"ForStatement":{"enter":[null]},"WhileStatement":{"enter":[null]},"ForOfStatement":{"enter":[null]}},"options":{}},{"key":"base$0$0$5","visitor":{"ExportDefaultDeclaration":{"enter":[null]},"ClassDeclaration":{"enter":[null]},"ClassExpression":{"enter":[null]},"_exploded":true,"_verified":true},"options":{"loose":true}},{"key":"base$0$0$6","visitor":{"ObjectExpression":{"exit":[null]},"_exploded":true,"_verified":true},"options":{"loose":true}},{"key":"base$0$0$7","visitor":{"ExportNamedDeclaration":{"enter":[null]},"CatchClause":{"enter":[null]},"AssignmentExpression":{"enter":[null]},"VariableDeclaration":{"enter":[null]},"_exploded":true,"_verified":true,"ForInStatement":{"enter":[null]},"ForOfStatement":{"enter":[null]}},"options":{}},{"key":"base$0$0$8","visitor":{"ForOfStatement":{"enter":[null]},"_exploded":true,"_verified":true},"options":{"loose":true}},{"key":"base$0$0$9","visitor":{"NumericLiteral":{"enter":[null]},"StringLiteral":{"enter":[null]},"_exploded":true,"_verified":true},"options":{}},{"key":"base$0$0$10","visitor":{"ObjectExpression":{"enter":[null]},"_exploded":true,"_verified":true},"options":{}},{"key":"base$0$0$11","visitor":{"_exploded":true,"_verified":true,"FunctionDeclaration":{"enter":[null]},"FunctionExpression":{"enter":[null]},"ObjectMethod":{"enter":[null]},"ArrowFunctionExpression":{"enter":[null]},"ClassMethod":{"enter":[null]}},"options":{}},{"key":"base$0$0$12","visitor":{"ObjectMethod":{"enter":[null]},"ObjectProperty":{"enter":[null]},"_exploded":true,"_verified":true},"options":{}},{"key":"base$0$0$13","visitor":{"ArrayExpression":{"enter":[null]},"CallExpression":{"enter":[null]},"NewExpression":{"enter":[null]},"_exploded":true,"_verified":true},"options":{}},{"key":"base$0$0$14","visitor":{"RegExpLiteral":{"enter":[null]},"_exploded":true,"_verified":true},"options":{}},{"key":"base$0$0$15","visitor":{"TaggedTemplateExpression":{"enter":[null]},"TemplateLiteral":{"enter":[null]},"_exploded":true,"_verified":true},"options":{"loose":true}},{"key":"base$0$0$16","visitor":{"UnaryExpression":{"enter":[null]},"_exploded":true,"_verified":true,"BlockStatement":{"enter":[null]},"CatchClause":{"enter":[null]},"DoWhileStatement":{"enter":[null]},"ForInStatement":{"enter":[null]},"ForStatement":{"enter":[null]},"FunctionDeclaration":{"enter":[null]},"FunctionExpression":{"enter":[null]},"Program":{"enter":[null]},"ObjectMethod":{"enter":[null]},"SwitchStatement":{"enter":[null]},"WhileStatement":{"enter":[null]},"ArrowFunctionExpression":{"enter":[null]},"ClassDeclaration":{"enter":[null]},"ClassExpression":{"enter":[null]},"ForOfStatement":{"enter":[null]},"ClassMethod":{"enter":[null]}},"options":{}},{"key":"base$0$0$17","visitor":{"RegExpLiteral":{"enter":[null]},"_exploded":true,"_verified":true},"options":{}},{"key":"base$0$0$18","visitor":{"_exploded":true,"_verified":true},"options":{}},{"key":"base$0$0$19","visitor":{"_exploded":{},"_verified":{},"VariableDeclarator":{"enter":[null]},"ExportNamedDeclaration":{"enter":[null]},"CatchClause":{"enter":[null]},"AssignmentExpression":{"enter":[null]},"ObjectExpression":{"enter":[null]},"FunctionDeclaration":{"enter":[null]},"FunctionExpression":{"enter":[null]},"ObjectMethod":{"enter":[null]},"ArrowFunctionExpression":{"enter":[null]},"ClassMethod":{"enter":[null]},"ForInStatement":{"enter":[null]},"ForOfStatement":{"enter":[null]}},"options":{}},{"key":"base$0$0$20","visitor":{"ObjectProperty":{"exit":[null]},"_exploded":true,"_verified":true},"options":{}},{"key":"base$0$0$21","visitor":{"_exploded":{},"_verified":{},"Program":{"enter":[null]},"ImportDeclaration":{"enter":[null,null]},"ClassProperty":{"enter":[null]},"AssignmentPattern":{"enter":[null]},"TypeCastExpression":{"enter":[null,null]},"ImportSpecifier":{"enter":[null]},"ClassDeclaration":{"enter":[null]},"ClassExpression":{"enter":[null]},"FunctionDeclaration":{"enter":[null]},"FunctionExpression":{"enter":[null]},"ObjectMethod":{"enter":[null]},"ArrowFunctionExpression":{"enter":[null]},"ClassMethod":{"enter":[null]},"AnyTypeAnnotation":{"enter":[null]},"ArrayTypeAnnotation":{"enter":[null]},"BooleanTypeAnnotation":{"enter":[null]},"BooleanLiteralTypeAnnotation":{"enter":[null]},"NullLiteralTypeAnnotation":{"enter":[null]},"ClassImplements":{"enter":[null]},"DeclareClass":{"enter":[null]},"DeclareFunction":{"enter":[null]},"DeclareInterface":{"enter":[null]},"DeclareModule":{"enter":[null]},"DeclareModuleExports":{"enter":[null]},"DeclareTypeAlias":{"enter":[null]},"DeclareOpaqueType":{"enter":[null]},"DeclareVariable":{"enter":[null]},"DeclareExportDeclaration":{"enter":[null]},"DeclareExportAllDeclaration":{"enter":[null]},"DeclaredPredicate":{"enter":[null]},"ExistsTypeAnnotation":{"enter":[null]},"FunctionTypeAnnotation":{"enter":[null]},"FunctionTypeParam":{"enter":[null]},"GenericTypeAnnotation":{"enter":[null]},"InferredPredicate":{"enter":[null]},"InterfaceExtends":{"enter":[null]},"InterfaceDeclaration":{"enter":[null]},"IntersectionTypeAnnotation":{"enter":[null]},"MixedTypeAnnotation":{"enter":[null]},"EmptyTypeAnnotation":{"enter":[null]},"NullableTypeAnnotation":{"enter":[null]},"NumberLiteralTypeAnnotation":{"enter":[null]},"NumberTypeAnnotation":{"enter":[null]},"ObjectTypeAnnotation":{"enter":[null]},"ObjectTypeCallProperty":{"enter":[null]},"ObjectTypeIndexer":{"enter":[null]},"ObjectTypeProperty":{"enter":[null]},"ObjectTypeSpreadProperty":{"enter":[null]},"OpaqueType":{"enter":[null]},"QualifiedTypeIdentifier":{"enter":[null]},"StringLiteralTypeAnnotation":{"enter":[null]},"StringTypeAnnotation":{"enter":[null]},"ThisTypeAnnotation":{"enter":[null]},"TupleTypeAnnotation":{"enter":[null]},"TypeofTypeAnnotation":{"enter":[null]},"TypeAlias":{"enter":[null]},"TypeAnnotation":{"enter":[null]},"TypeParameter":{"enter":[null]},"TypeParameterDeclaration":{"enter":[null]},"TypeParameterInstantiation":{"enter":[null]},"UnionTypeAnnotation":{"enter":[null]},"Variance":{"enter":[null]},"VoidTypeAnnotation":{"enter":[null]},"ExportAllDeclaration":{"enter":[null]},"ExportDefaultDeclaration":{"enter":[null]},"ExportNamedDeclaration":{"enter":[null]}},"options":{}},{"key":"base$0$0$22","visitor":{"AssignmentExpression":{"enter":[null]},"BinaryExpression":{"enter":[null]},"_exploded":true,"_verified":true},"options":{}},{"key":"base$0$0$23","visitor":{"_exploded":{},"_verified":{},"Program":{"enter":[null]}},"options":{}},{"key":"regenerator-transform","visitor":{"_exploded":true,"_verified":true,"FunctionDeclaration":{"exit":[null]},"FunctionExpression":{"exit":[null]},"ObjectMethod":{"exit":[null]},"ArrowFunctionExpression":{"exit":[null]},"ClassMethod":{"exit":[null]}},"options":{}}],"presets":[],"compact":false,"ast":true,"babelrc":false,"sourceFileName":"packages/mongo/collection.js","filename":"packages/mongo/collection.js","sourceMaps":true,"envName":"development","cwd":"/Users/linjoe/MEGA/7code/web/taxiapp/client/compatibility","passPerPreset":false,"parserOpts":{"sourceType":"module","sourceFileName":"packages/mongo/collection.js","plugins":["dynamicImport","classProperties","jsx","jsx","flow","asyncGenerators","objectRestSpread","objectRestSpread","flow","asyncGenerators"]},"generatorOpts":{"filename":"packages/mongo/collection.js","comments":true,"compact":false,"sourceMaps":true,"sourceFileName":"packages/mongo/collection.js"}},"code":"var _interopRequireDefault = require(\"@babel/runtime/helpers/interopRequireDefault\");\n\nvar _objectSpread2 = _interopRequireDefault(require(\"@babel/runtime/helpers/objectSpread\"));\n\n// options.connection, if given, is a LivedataClient or LivedataServer\n// XXX presently there is no way to destroy/clean up a Collection\n\n/**\n * @summary Namespace for MongoDB-related items\n * @namespace\n */\nMongo = {};\n/**\n * @summary Constructor for a Collection\n * @locus Anywhere\n * @instancename collection\n * @class\n * @param {String} name The name of the collection.  If null, creates an unmanaged (unsynchronized) local collection.\n * @param {Object} [options]\n * @param {Object} options.connection The server connection that will manage this collection. Uses the default connection if not specified.  Pass the return value of calling [`DDP.connect`](#ddp_connect) to specify a different server. Pass `null` to specify no connection. Unmanaged (`name` is null) collections cannot specify a connection.\n * @param {String} options.idGeneration The method of generating the `_id` fields of new documents in this collection.  Possible values:\n\n - **`'STRING'`**: random strings\n - **`'MONGO'`**:  random [`Mongo.ObjectID`](#mongo_object_id) values\n\nThe default id generation technique is `'STRING'`.\n * @param {Function} options.transform An optional transformation function. Documents will be passed through this function before being returned from `fetch` or `findOne`, and before being passed to callbacks of `observe`, `map`, `forEach`, `allow`, and `deny`. Transforms are *not* applied for the callbacks of `observeChanges` or to cursors returned from publish functions.\n * @param {Boolean} options.defineMutationMethods Set to `false` to skip setting up the mutation methods that enable insert/update/remove from client code. Default `true`.\n */\n\nMongo.Collection = function () {\n  function Collection(name, options) {\n    var _this = this;\n\n    if (!name && name !== null) {\n      Meteor._debug(\"Warning: creating anonymous collection. It will not be \" + \"saved or synchronized over the network. (Pass null for \" + \"the collection name to turn off this warning.)\");\n\n      name = null;\n    }\n\n    if (name !== null && typeof name !== \"string\") {\n      throw new Error(\"First argument to new Mongo.Collection must be a string or null\");\n    }\n\n    if (options && options.methods) {\n      // Backwards compatibility hack with original signature (which passed\n      // \"connection\" directly instead of in options. (Connections must have a \"methods\"\n      // method.)\n      // XXX remove before 1.0\n      options = {\n        connection: options\n      };\n    } // Backwards compatibility: \"connection\" used to be called \"manager\".\n\n\n    if (options && options.manager && !options.connection) {\n      options.connection = options.manager;\n    }\n\n    options = (0, _objectSpread2.default)({\n      connection: undefined,\n      idGeneration: 'STRING',\n      transform: null,\n      _driver: undefined,\n      _preventAutopublish: false\n    }, options);\n\n    switch (options.idGeneration) {\n      case 'MONGO':\n        this._makeNewID = function () {\n          var src = name ? DDP.randomStream('/collection/' + name) : Random.insecure;\n          return new Mongo.ObjectID(src.hexString(24));\n        };\n\n        break;\n\n      case 'STRING':\n      default:\n        this._makeNewID = function () {\n          var src = name ? DDP.randomStream('/collection/' + name) : Random.insecure;\n          return src.id();\n        };\n\n        break;\n    }\n\n    this._transform = LocalCollection.wrapTransform(options.transform);\n    if (!name || options.connection === null) // note: nameless collections never have a connection\n      this._connection = null;else if (options.connection) this._connection = options.connection;else if (Meteor.isClient) this._connection = Meteor.connection;else this._connection = Meteor.server;\n\n    if (!options._driver) {\n      // XXX This check assumes that webapp is loaded so that Meteor.server !==\n      // null. We should fully support the case of \"want to use a Mongo-backed\n      // collection from Node code without webapp\", but we don't yet.\n      // #MeteorServerNull\n      if (name && this._connection === Meteor.server && typeof MongoInternals !== \"undefined\" && MongoInternals.defaultRemoteCollectionDriver) {\n        options._driver = MongoInternals.defaultRemoteCollectionDriver();\n      } else {\n        var _require = require(\"./local_collection_driver.js\"),\n            LocalCollectionDriver = _require.LocalCollectionDriver;\n\n        options._driver = LocalCollectionDriver;\n      }\n    }\n\n    this._collection = options._driver.open(name, this._connection);\n    this._name = name;\n    this._driver = options._driver;\n\n    this._maybeSetUpReplication(name, options); // XXX don't define these until allow or deny is actually used for this\n    // collection. Could be hard if the security rules are only defined on the\n    // server.\n\n\n    if (options.defineMutationMethods !== false) {\n      try {\n        this._defineMutationMethods({\n          useExisting: options._suppressSameNameError === true\n        });\n      } catch (error) {\n        // Throw a more understandable error on the server for same collection name\n        if (error.message === \"A method named '/\" + name + \"/insert' is already defined\") throw new Error(\"There is already a collection named \\\"\" + name + \"\\\"\");\n        throw error;\n      }\n    } // autopublish\n\n\n    if (Package.autopublish && !options._preventAutopublish && this._connection && this._connection.publish) {\n      this._connection.publish(null, function () {\n        return _this.find();\n      }, {\n        is_auto: true\n      });\n    }\n  }\n\n  return Collection;\n}();\n\nObject.assign(Mongo.Collection.prototype, {\n  _maybeSetUpReplication: function (name, _ref) {\n    var _ref$_suppressSameNam = _ref._suppressSameNameError,\n        _suppressSameNameError = _ref$_suppressSameNam === void 0 ? false : _ref$_suppressSameNam;\n\n    var self = this;\n\n    if (!(self._connection && self._connection.registerStore)) {\n      return;\n    } // OK, we're going to be a slave, replicating some remote\n    // database, except possibly with some temporary divergence while\n    // we have unacknowledged RPC's.\n\n\n    var ok = self._connection.registerStore(name, {\n      // Called at the beginning of a batch of updates. batchSize is the number\n      // of update calls to expect.\n      //\n      // XXX This interface is pretty janky. reset probably ought to go back to\n      // being its own function, and callers shouldn't have to calculate\n      // batchSize. The optimization of not calling pause/remove should be\n      // delayed until later: the first call to update() should buffer its\n      // message, and then we can either directly apply it at endUpdate time if\n      // it was the only update, or do pauseObservers/apply/apply at the next\n      // update() if there's another one.\n      beginUpdate: function (batchSize, reset) {\n        // pause observers so users don't see flicker when updating several\n        // objects at once (including the post-reconnect reset-and-reapply\n        // stage), and so that a re-sorting of a query can take advantage of the\n        // full _diffQuery moved calculation instead of applying change one at a\n        // time.\n        if (batchSize > 1 || reset) self._collection.pauseObservers();\n        if (reset) self._collection.remove({});\n      },\n      // Apply an update.\n      // XXX better specify this interface (not in terms of a wire message)?\n      update: function (msg) {\n        var mongoId = MongoID.idParse(msg.id);\n\n        var doc = self._collection.findOne(mongoId); // Is this a \"replace the whole doc\" message coming from the quiescence\n        // of method writes to an object? (Note that 'undefined' is a valid\n        // value meaning \"remove it\".)\n\n\n        if (msg.msg === 'replace') {\n          var replace = msg.replace;\n\n          if (!replace) {\n            if (doc) self._collection.remove(mongoId);\n          } else if (!doc) {\n            self._collection.insert(replace);\n          } else {\n            // XXX check that replace has no $ ops\n            self._collection.update(mongoId, replace);\n          }\n\n          return;\n        } else if (msg.msg === 'added') {\n          if (doc) {\n            throw new Error(\"Expected not to find a document already present for an add\");\n          }\n\n          self._collection.insert((0, _objectSpread2.default)({\n            _id: mongoId\n          }, msg.fields));\n        } else if (msg.msg === 'removed') {\n          if (!doc) throw new Error(\"Expected to find a document already present for removed\");\n\n          self._collection.remove(mongoId);\n        } else if (msg.msg === 'changed') {\n          if (!doc) throw new Error(\"Expected to find a document to change\");\n          var keys = Object.keys(msg.fields);\n\n          if (keys.length > 0) {\n            var modifier = {};\n            keys.forEach(function (key) {\n              var value = msg.fields[key];\n\n              if (typeof value === \"undefined\") {\n                if (!modifier.$unset) {\n                  modifier.$unset = {};\n                }\n\n                modifier.$unset[key] = 1;\n              } else {\n                if (!modifier.$set) {\n                  modifier.$set = {};\n                }\n\n                modifier.$set[key] = value;\n              }\n            });\n\n            self._collection.update(mongoId, modifier);\n          }\n        } else {\n          throw new Error(\"I don't know how to deal with this message\");\n        }\n      },\n      // Called at the end of a batch of updates.\n      endUpdate: function () {\n        self._collection.resumeObservers();\n      },\n      // Called around method stub invocations to capture the original versions\n      // of modified documents.\n      saveOriginals: function () {\n        self._collection.saveOriginals();\n      },\n      retrieveOriginals: function () {\n        return self._collection.retrieveOriginals();\n      },\n      // Used to preserve current versions of documents across a store reset.\n      getDoc: function (id) {\n        return self.findOne(id);\n      },\n      // To be able to get back to the collection from the store.\n      _getCollection: function () {\n        return self;\n      }\n    });\n\n    if (!ok) {\n      var message = \"There is already a collection named \\\"\" + name + \"\\\"\";\n\n      if (_suppressSameNameError === true) {\n        // XXX In theory we do not have to throw when `ok` is falsy. The\n        // store is already defined for this collection name, but this\n        // will simply be another reference to it and everything should\n        // work. However, we have historically thrown an error here, so\n        // for now we will skip the error only when _suppressSameNameError\n        // is `true`, allowing people to opt in and give this some real\n        // world testing.\n        console.warn ? console.warn(message) : console.log(message);\n      } else {\n        throw new Error(message);\n      }\n    }\n  },\n  ///\n  /// Main collection API\n  ///\n  _getFindSelector: function (args) {\n    if (args.length == 0) return {};else return args[0];\n  },\n  _getFindOptions: function (args) {\n    var self = this;\n\n    if (args.length < 2) {\n      return {\n        transform: self._transform\n      };\n    } else {\n      check(args[1], Match.Optional(Match.ObjectIncluding({\n        fields: Match.Optional(Match.OneOf(Object, undefined)),\n        sort: Match.Optional(Match.OneOf(Object, Array, Function, undefined)),\n        limit: Match.Optional(Match.OneOf(Number, undefined)),\n        skip: Match.Optional(Match.OneOf(Number, undefined))\n      })));\n      return (0, _objectSpread2.default)({\n        transform: self._transform\n      }, args[1]);\n    }\n  },\n\n  /**\n   * @summary Find the documents in a collection that match the selector.\n   * @locus Anywhere\n   * @method find\n   * @memberof Mongo.Collection\n   * @instance\n   * @param {MongoSelector} [selector] A query describing the documents to find\n   * @param {Object} [options]\n   * @param {MongoSortSpecifier} options.sort Sort order (default: natural order)\n   * @param {Number} options.skip Number of results to skip at the beginning\n   * @param {Number} options.limit Maximum number of results to return\n   * @param {MongoFieldSpecifier} options.fields Dictionary of fields to return or exclude.\n   * @param {Boolean} options.reactive (Client only) Default `true`; pass `false` to disable reactivity\n   * @param {Function} options.transform Overrides `transform` on the  [`Collection`](#collections) for this cursor.  Pass `null` to disable transformation.\n   * @param {Boolean} options.disableOplog (Server only) Pass true to disable oplog-tailing on this query. This affects the way server processes calls to `observe` on this query. Disabling the oplog can be useful when working with data that updates in large batches.\n   * @param {Number} options.pollingIntervalMs (Server only) When oplog is disabled (through the use of `disableOplog` or when otherwise not available), the frequency (in milliseconds) of how often to poll this query when observing on the server. Defaults to 10000ms (10 seconds).\n   * @param {Number} options.pollingThrottleMs (Server only) When oplog is disabled (through the use of `disableOplog` or when otherwise not available), the minimum time (in milliseconds) to allow between re-polling when observing on the server. Increasing this will save CPU and mongo load at the expense of slower updates to users. Decreasing this is not recommended. Defaults to 50ms.\n   * @param {Number} options.maxTimeMs (Server only) If set, instructs MongoDB to set a time limit for this cursor's operations. If the operation reaches the specified time limit (in milliseconds) without the having been completed, an exception will be thrown. Useful to prevent an (accidental or malicious) unoptimized query from causing a full collection scan that would disrupt other database users, at the expense of needing to handle the resulting error.\n   * @param {String|Object} options.hint (Server only) Overrides MongoDB's default index selection and query optimization process. Specify an index to force its use, either by its name or index specification. You can also specify `{ $natural : 1 }` to force a forwards collection scan, or `{ $natural : -1 }` for a reverse collection scan. Setting this is only recommended for advanced users.\n   * @returns {Mongo.Cursor}\n   */\n  find: function () {\n    for (var _len = arguments.length, args = new Array(_len), _key = 0; _key < _len; _key++) {\n      args[_key] = arguments[_key];\n    }\n\n    // Collection.find() (return all docs) behaves differently\n    // from Collection.find(undefined) (return 0 docs).  so be\n    // careful about the length of arguments.\n    return this._collection.find(this._getFindSelector(args), this._getFindOptions(args));\n  },\n\n  /**\n   * @summary Finds the first document that matches the selector, as ordered by sort and skip options. Returns `undefined` if no matching document is found.\n   * @locus Anywhere\n   * @method findOne\n   * @memberof Mongo.Collection\n   * @instance\n   * @param {MongoSelector} [selector] A query describing the documents to find\n   * @param {Object} [options]\n   * @param {MongoSortSpecifier} options.sort Sort order (default: natural order)\n   * @param {Number} options.skip Number of results to skip at the beginning\n   * @param {MongoFieldSpecifier} options.fields Dictionary of fields to return or exclude.\n   * @param {Boolean} options.reactive (Client only) Default true; pass false to disable reactivity\n   * @param {Function} options.transform Overrides `transform` on the [`Collection`](#collections) for this cursor.  Pass `null` to disable transformation.\n   * @returns {Object}\n   */\n  findOne: function () {\n    for (var _len2 = arguments.length, args = new Array(_len2), _key2 = 0; _key2 < _len2; _key2++) {\n      args[_key2] = arguments[_key2];\n    }\n\n    return this._collection.findOne(this._getFindSelector(args), this._getFindOptions(args));\n  }\n});\nObject.assign(Mongo.Collection, {\n  _publishCursor: function (cursor, sub, collection) {\n    var observeHandle = cursor.observeChanges({\n      added: function (id, fields) {\n        sub.added(collection, id, fields);\n      },\n      changed: function (id, fields) {\n        sub.changed(collection, id, fields);\n      },\n      removed: function (id) {\n        sub.removed(collection, id);\n      }\n    }); // We don't call sub.ready() here: it gets called in livedata_server, after\n    // possibly calling _publishCursor on multiple returned cursors.\n    // register stop callback (expects lambda w/ no args).\n\n    sub.onStop(function () {\n      observeHandle.stop();\n    }); // return the observeHandle in case it needs to be stopped early\n\n    return observeHandle;\n  },\n  // protect against dangerous selectors.  falsey and {_id: falsey} are both\n  // likely programmer error, and not what you want, particularly for destructive\n  // operations. If a falsey _id is sent in, a new string _id will be\n  // generated and returned; if a fallbackId is provided, it will be returned\n  // instead.\n  _rewriteSelector: function (selector) {\n    var _ref2 = arguments.length > 1 && arguments[1] !== undefined ? arguments[1] : {},\n        fallbackId = _ref2.fallbackId;\n\n    // shorthand -- scalars match _id\n    if (LocalCollection._selectorIsId(selector)) selector = {\n      _id: selector\n    };\n\n    if (Array.isArray(selector)) {\n      // This is consistent with the Mongo console itself; if we don't do this\n      // check passing an empty array ends up selecting all items\n      throw new Error(\"Mongo selector can't be an array.\");\n    }\n\n    if (!selector || '_id' in selector && !selector._id) {\n      // can't match anything\n      return {\n        _id: fallbackId || Random.id()\n      };\n    }\n\n    return selector;\n  }\n});\nObject.assign(Mongo.Collection.prototype, {\n  // 'insert' immediately returns the inserted document's new _id.\n  // The others return values immediately if you are in a stub, an in-memory\n  // unmanaged collection, or a mongo-backed collection and you don't pass a\n  // callback. 'update' and 'remove' return the number of affected\n  // documents. 'upsert' returns an object with keys 'numberAffected' and, if an\n  // insert happened, 'insertedId'.\n  //\n  // Otherwise, the semantics are exactly like other methods: they take\n  // a callback as an optional last argument; if no callback is\n  // provided, they block until the operation is complete, and throw an\n  // exception if it fails; if a callback is provided, then they don't\n  // necessarily block, and they call the callback when they finish with error and\n  // result arguments.  (The insert method provides the document ID as its result;\n  // update and remove provide the number of affected docs as the result; upsert\n  // provides an object with numberAffected and maybe insertedId.)\n  //\n  // On the client, blocking is impossible, so if a callback\n  // isn't provided, they just return immediately and any error\n  // information is lost.\n  //\n  // There's one more tweak. On the client, if you don't provide a\n  // callback, then if there is an error, a message will be logged with\n  // Meteor._debug.\n  //\n  // The intent (though this is actually determined by the underlying\n  // drivers) is that the operations should be done synchronously, not\n  // generating their result until the database has acknowledged\n  // them. In the future maybe we should provide a flag to turn this\n  // off.\n\n  /**\n   * @summary Insert a document in the collection.  Returns its unique _id.\n   * @locus Anywhere\n   * @method  insert\n   * @memberof Mongo.Collection\n   * @instance\n   * @param {Object} doc The document to insert. May not yet have an _id attribute, in which case Meteor will generate one for you.\n   * @param {Function} [callback] Optional.  If present, called with an error object as the first argument and, if no error, the _id as the second.\n   */\n  insert: function (doc, callback) {\n    // Make sure we were passed a document to insert\n    if (!doc) {\n      throw new Error(\"insert requires an argument\");\n    } // Make a shallow clone of the document, preserving its prototype.\n\n\n    doc = Object.create(Object.getPrototypeOf(doc), Object.getOwnPropertyDescriptors(doc));\n\n    if ('_id' in doc) {\n      if (!doc._id || !(typeof doc._id === 'string' || doc._id instanceof Mongo.ObjectID)) {\n        throw new Error(\"Meteor requires document _id fields to be non-empty strings or ObjectIDs\");\n      }\n    } else {\n      var generateId = true; // Don't generate the id if we're the client and the 'outermost' call\n      // This optimization saves us passing both the randomSeed and the id\n      // Passing both is redundant.\n\n      if (this._isRemoteCollection()) {\n        var enclosing = DDP._CurrentMethodInvocation.get();\n\n        if (!enclosing) {\n          generateId = false;\n        }\n      }\n\n      if (generateId) {\n        doc._id = this._makeNewID();\n      }\n    } // On inserts, always return the id that we generated; on all other\n    // operations, just return the result from the collection.\n\n\n    var chooseReturnValueFromCollectionResult = function (result) {\n      if (doc._id) {\n        return doc._id;\n      } // XXX what is this for??\n      // It's some iteraction between the callback to _callMutatorMethod and\n      // the return value conversion\n\n\n      doc._id = result;\n      return result;\n    };\n\n    var wrappedCallback = wrapCallback(callback, chooseReturnValueFromCollectionResult);\n\n    if (this._isRemoteCollection()) {\n      var result = this._callMutatorMethod(\"insert\", [doc], wrappedCallback);\n\n      return chooseReturnValueFromCollectionResult(result);\n    } // it's my collection.  descend into the collection object\n    // and propagate any exception.\n\n\n    try {\n      // If the user provided a callback and the collection implements this\n      // operation asynchronously, then queryRet will be undefined, and the\n      // result will be returned through the callback instead.\n      var _result = this._collection.insert(doc, wrappedCallback);\n\n      return chooseReturnValueFromCollectionResult(_result);\n    } catch (e) {\n      if (callback) {\n        callback(e);\n        return null;\n      }\n\n      throw e;\n    }\n  },\n\n  /**\n   * @summary Modify one or more documents in the collection. Returns the number of matched documents.\n   * @locus Anywhere\n   * @method update\n   * @memberof Mongo.Collection\n   * @instance\n   * @param {MongoSelector} selector Specifies which documents to modify\n   * @param {MongoModifier} modifier Specifies how to modify the documents\n   * @param {Object} [options]\n   * @param {Boolean} options.multi True to modify all matching documents; false to only modify one of the matching documents (the default).\n   * @param {Boolean} options.upsert True to insert a document if no matching documents are found.\n   * @param {Function} [callback] Optional.  If present, called with an error object as the first argument and, if no error, the number of affected documents as the second.\n   */\n  update: function (selector, modifier) {\n    for (var _len3 = arguments.length, optionsAndCallback = new Array(_len3 > 2 ? _len3 - 2 : 0), _key3 = 2; _key3 < _len3; _key3++) {\n      optionsAndCallback[_key3 - 2] = arguments[_key3];\n    }\n\n    var callback = popCallbackFromArgs(optionsAndCallback); // We've already popped off the callback, so we are left with an array\n    // of one or zero items\n\n    var options = (0, _objectSpread2.default)({}, optionsAndCallback[0] || null);\n    var insertedId;\n\n    if (options && options.upsert) {\n      // set `insertedId` if absent.  `insertedId` is a Meteor extension.\n      if (options.insertedId) {\n        if (!(typeof options.insertedId === 'string' || options.insertedId instanceof Mongo.ObjectID)) throw new Error(\"insertedId must be string or ObjectID\");\n        insertedId = options.insertedId;\n      } else if (!selector || !selector._id) {\n        insertedId = this._makeNewID();\n        options.generatedId = true;\n        options.insertedId = insertedId;\n      }\n    }\n\n    selector = Mongo.Collection._rewriteSelector(selector, {\n      fallbackId: insertedId\n    });\n    var wrappedCallback = wrapCallback(callback);\n\n    if (this._isRemoteCollection()) {\n      var args = [selector, modifier, options];\n      return this._callMutatorMethod(\"update\", args, wrappedCallback);\n    } // it's my collection.  descend into the collection object\n    // and propagate any exception.\n\n\n    try {\n      // If the user provided a callback and the collection implements this\n      // operation asynchronously, then queryRet will be undefined, and the\n      // result will be returned through the callback instead.\n      return this._collection.update(selector, modifier, options, wrappedCallback);\n    } catch (e) {\n      if (callback) {\n        callback(e);\n        return null;\n      }\n\n      throw e;\n    }\n  },\n\n  /**\n   * @summary Remove documents from the collection\n   * @locus Anywhere\n   * @method remove\n   * @memberof Mongo.Collection\n   * @instance\n   * @param {MongoSelector} selector Specifies which documents to remove\n   * @param {Function} [callback] Optional.  If present, called with an error object as its argument.\n   */\n  remove: function (selector, callback) {\n    selector = Mongo.Collection._rewriteSelector(selector);\n    var wrappedCallback = wrapCallback(callback);\n\n    if (this._isRemoteCollection()) {\n      return this._callMutatorMethod(\"remove\", [selector], wrappedCallback);\n    } // it's my collection.  descend into the collection object\n    // and propagate any exception.\n\n\n    try {\n      // If the user provided a callback and the collection implements this\n      // operation asynchronously, then queryRet will be undefined, and the\n      // result will be returned through the callback instead.\n      return this._collection.remove(selector, wrappedCallback);\n    } catch (e) {\n      if (callback) {\n        callback(e);\n        return null;\n      }\n\n      throw e;\n    }\n  },\n  // Determine if this collection is simply a minimongo representation of a real\n  // database on another server\n  _isRemoteCollection: function () {\n    // XXX see #MeteorServerNull\n    return this._connection && this._connection !== Meteor.server;\n  },\n\n  /**\n   * @summary Modify one or more documents in the collection, or insert one if no matching documents were found. Returns an object with keys `numberAffected` (the number of documents modified)  and `insertedId` (the unique _id of the document that was inserted, if any).\n   * @locus Anywhere\n   * @method upsert\n   * @memberof Mongo.Collection\n   * @instance\n   * @param {MongoSelector} selector Specifies which documents to modify\n   * @param {MongoModifier} modifier Specifies how to modify the documents\n   * @param {Object} [options]\n   * @param {Boolean} options.multi True to modify all matching documents; false to only modify one of the matching documents (the default).\n   * @param {Function} [callback] Optional.  If present, called with an error object as the first argument and, if no error, the number of affected documents as the second.\n   */\n  upsert: function (selector, modifier, options, callback) {\n    if (!callback && typeof options === \"function\") {\n      callback = options;\n      options = {};\n    }\n\n    return this.update(selector, modifier, (0, _objectSpread2.default)({}, options, {\n      _returnObject: true,\n      upsert: true\n    }), callback);\n  },\n  // We'll actually design an index API later. For now, we just pass through to\n  // Mongo's, but make it synchronous.\n  _ensureIndex: function (index, options) {\n    var self = this;\n    if (!self._collection._ensureIndex) throw new Error(\"Can only call _ensureIndex on server collections\");\n\n    self._collection._ensureIndex(index, options);\n  },\n  _dropIndex: function (index) {\n    var self = this;\n    if (!self._collection._dropIndex) throw new Error(\"Can only call _dropIndex on server collections\");\n\n    self._collection._dropIndex(index);\n  },\n  _dropCollection: function () {\n    var self = this;\n    if (!self._collection.dropCollection) throw new Error(\"Can only call _dropCollection on server collections\");\n\n    self._collection.dropCollection();\n  },\n  _createCappedCollection: function (byteSize, maxDocuments) {\n    var self = this;\n    if (!self._collection._createCappedCollection) throw new Error(\"Can only call _createCappedCollection on server collections\");\n\n    self._collection._createCappedCollection(byteSize, maxDocuments);\n  },\n\n  /**\n   * @summary Returns the [`Collection`](http://mongodb.github.io/node-mongodb-native/2.2/api/Collection.html) object corresponding to this collection from the [npm `mongodb` driver module](https://www.npmjs.com/package/mongodb) which is wrapped by `Mongo.Collection`.\n   * @locus Server\n   */\n  rawCollection: function () {\n    var self = this;\n\n    if (!self._collection.rawCollection) {\n      throw new Error(\"Can only call rawCollection on server collections\");\n    }\n\n    return self._collection.rawCollection();\n  },\n\n  /**\n   * @summary Returns the [`Db`](http://mongodb.github.io/node-mongodb-native/2.2/api/Db.html) object corresponding to this collection's database connection from the [npm `mongodb` driver module](https://www.npmjs.com/package/mongodb) which is wrapped by `Mongo.Collection`.\n   * @locus Server\n   */\n  rawDatabase: function () {\n    var self = this;\n\n    if (!(self._driver.mongo && self._driver.mongo.db)) {\n      throw new Error(\"Can only call rawDatabase on server collections\");\n    }\n\n    return self._driver.mongo.db;\n  }\n}); // Convert the callback to not return a result if there is an error\n\nfunction wrapCallback(callback, convertResult) {\n  return callback && function (error, result) {\n    if (error) {\n      callback(error);\n    } else if (typeof convertResult === \"function\") {\n      callback(null, convertResult(result));\n    } else {\n      callback(null, result);\n    }\n  };\n}\n/**\n * @summary Create a Mongo-style `ObjectID`.  If you don't specify a `hexString`, the `ObjectID` will generated randomly (not using MongoDB's ID construction rules).\n * @locus Anywhere\n * @class\n * @param {String} [hexString] Optional.  The 24-character hexadecimal contents of the ObjectID to create\n */\n\n\nMongo.ObjectID = MongoID.ObjectID;\n/**\n * @summary To create a cursor, use find. To access the documents in a cursor, use forEach, map, or fetch.\n * @class\n * @instanceName cursor\n */\n\nMongo.Cursor = LocalCollection.Cursor;\n/**\n * @deprecated in 0.9.1\n */\n\nMongo.Collection.Cursor = Mongo.Cursor;\n/**\n * @deprecated in 0.9.1\n */\n\nMongo.Collection.ObjectID = Mongo.ObjectID;\n/**\n * @deprecated in 0.9.1\n */\n\nMeteor.Collection = Mongo.Collection; // Allow deny stuff is now in the allow-deny package\n\nObject.assign(Meteor.Collection.prototype, AllowDeny.CollectionPrototype);\n\nfunction popCallbackFromArgs(args) {\n  // Pull off any callback (or perhaps a 'callback' variable that was passed\n  // in undefined, like how 'upsert' does it).\n  if (args.length && (args[args.length - 1] === undefined || args[args.length - 1] instanceof Function)) {\n    return args.pop();\n  }\n}","map":{"version":3,"sources":["packages/mongo/collection.js"],"names":["Mongo","Collection","name","options","Meteor","_debug","Error","methods","connection","manager","undefined","idGeneration","transform","_driver","_preventAutopublish","_makeNewID","src","DDP","randomStream","Random","insecure","ObjectID","hexString","id","_transform","LocalCollection","wrapTransform","_connection","isClient","server","MongoInternals","defaultRemoteCollectionDriver","require","LocalCollectionDriver","_collection","open","_name","_maybeSetUpReplication","defineMutationMethods","_defineMutationMethods","useExisting","_suppressSameNameError","error","message","Package","autopublish","publish","find","is_auto","Object","assign","prototype","self","registerStore","ok","beginUpdate","batchSize","reset","pauseObservers","remove","update","msg","mongoId","MongoID","idParse","doc","findOne","replace","insert","_id","fields","keys","length","modifier","forEach","value","key","$unset","$set","endUpdate","resumeObservers","saveOriginals","retrieveOriginals","getDoc","_getCollection","console","warn","log","_getFindSelector","args","_getFindOptions","check","Match","Optional","ObjectIncluding","OneOf","sort","Array","Function","limit","Number","skip","_publishCursor","cursor","sub","collection","observeHandle","observeChanges","added","changed","removed","onStop","stop","_rewriteSelector","selector","fallbackId","_selectorIsId","isArray","callback","create","getPrototypeOf","getOwnPropertyDescriptors","generateId","_isRemoteCollection","enclosing","_CurrentMethodInvocation","get","chooseReturnValueFromCollectionResult","result","wrappedCallback","wrapCallback","_callMutatorMethod","e","optionsAndCallback","popCallbackFromArgs","insertedId","upsert","generatedId","_returnObject","_ensureIndex","index","_dropIndex","_dropCollection","dropCollection","_createCappedCollection","byteSize","maxDocuments","rawCollection","rawDatabase","mongo","db","convertResult","Cursor","AllowDeny","CollectionPrototype","pop"],"mappings":";;;;AAAA;AACA;;AAEA;;;;AAIAA,QAAQ,EAAR;AAEA;;;;;;;;;;;;;;;;;;AAiBAA,MAAMC,UAAN;AAAmB,WAASA,UAAT,CAAoBC,IAApB,EAA0BC,OAA1B,EAAmC;AAAA;;AACpD,QAAI,CAACD,IAAD,IAAUA,SAAS,IAAvB,EAA8B;AAC5BE,aAAOC,MAAP,CAAc,4DACA,yDADA,GAEA,gDAFd;;AAGAH,aAAO,IAAP;AACD;;AAED,QAAIA,SAAS,IAAT,IAAiB,OAAOA,IAAP,KAAgB,QAArC,EAA+C;AAC7C,YAAM,IAAII,KAAJ,CACJ,iEADI,CAAN;AAED;;AAED,QAAIH,WAAWA,QAAQI,OAAvB,EAAgC;AAC9B;AACA;AACA;AACA;AACAJ,gBAAU;AAACK,oBAAYL;AAAb,OAAV;AACD,KAnBmD,CAoBpD;;;AACA,QAAIA,WAAWA,QAAQM,OAAnB,IAA8B,CAACN,QAAQK,UAA3C,EAAuD;AACrDL,cAAQK,UAAR,GAAqBL,QAAQM,OAA7B;AACD;;AAEDN;AACEK,kBAAYE,SADd;AAEEC,oBAAc,QAFhB;AAGEC,iBAAW,IAHb;AAIEC,eAASH,SAJX;AAKEI,2BAAqB;AALvB,OAMOX,OANP;;AASA,YAAQA,QAAQQ,YAAhB;AACA,WAAK,OAAL;AACE,aAAKI,UAAL,GAAkB,YAAY;AAC5B,cAAIC,MAAMd,OAAOe,IAAIC,YAAJ,CAAiB,iBAAiBhB,IAAlC,CAAP,GAAiDiB,OAAOC,QAAlE;AACA,iBAAO,IAAIpB,MAAMqB,QAAV,CAAmBL,IAAIM,SAAJ,CAAc,EAAd,CAAnB,CAAP;AACD,SAHD;;AAIA;;AACF,WAAK,QAAL;AACA;AACE,aAAKP,UAAL,GAAkB,YAAY;AAC5B,cAAIC,MAAMd,OAAOe,IAAIC,YAAJ,CAAiB,iBAAiBhB,IAAlC,CAAP,GAAiDiB,OAAOC,QAAlE;AACA,iBAAOJ,IAAIO,EAAJ,EAAP;AACD,SAHD;;AAIA;AAbF;;AAgBA,SAAKC,UAAL,GAAkBC,gBAAgBC,aAAhB,CAA8BvB,QAAQS,SAAtC,CAAlB;AAEA,QAAI,CAAEV,IAAF,IAAUC,QAAQK,UAAR,KAAuB,IAArC,EACE;AACA,WAAKmB,WAAL,GAAmB,IAAnB,CAFF,KAGK,IAAIxB,QAAQK,UAAZ,EACH,KAAKmB,WAAL,GAAmBxB,QAAQK,UAA3B,CADG,KAEA,IAAIJ,OAAOwB,QAAX,EACH,KAAKD,WAAL,GAAmBvB,OAAOI,UAA1B,CADG,KAGH,KAAKmB,WAAL,GAAmBvB,OAAOyB,MAA1B;;AAEF,QAAI,CAAC1B,QAAQU,OAAb,EAAsB;AACpB;AACA;AACA;AACA;AACA,UAAIX,QAAQ,KAAKyB,WAAL,KAAqBvB,OAAOyB,MAApC,IACA,OAAOC,cAAP,KAA0B,WAD1B,IAEAA,eAAeC,6BAFnB,EAEkD;AAChD5B,gBAAQU,OAAR,GAAkBiB,eAAeC,6BAAf,EAAlB;AACD,OAJD,MAIO;AAAA,uBAEHC,QAAQ,8BAAR,CAFG;AAAA,YACGC,qBADH,YACGA,qBADH;;AAGL9B,gBAAQU,OAAR,GAAkBoB,qBAAlB;AACD;AACF;;AAED,SAAKC,WAAL,GAAmB/B,QAAQU,OAAR,CAAgBsB,IAAhB,CAAqBjC,IAArB,EAA2B,KAAKyB,WAAhC,CAAnB;AACA,SAAKS,KAAL,GAAalC,IAAb;AACA,SAAKW,OAAL,GAAeV,QAAQU,OAAvB;;AAEA,SAAKwB,sBAAL,CAA4BnC,IAA5B,EAAkCC,OAAlC,EAlFoD,CAoFpD;AACA;AACA;;;AACA,QAAIA,QAAQmC,qBAAR,KAAkC,KAAtC,EAA6C;AAC3C,UAAI;AACF,aAAKC,sBAAL,CAA4B;AAC1BC,uBAAarC,QAAQsC,sBAAR,KAAmC;AADtB,SAA5B;AAGD,OAJD,CAIE,OAAOC,KAAP,EAAc;AACd;AACA,YAAIA,MAAMC,OAAN,2BAAsCzC,IAAtC,gCAAJ,EACE,MAAM,IAAII,KAAJ,4CAAkDJ,IAAlD,QAAN;AACF,cAAMwC,KAAN;AACD;AACF,KAlGmD,CAoGpD;;;AACA,QAAIE,QAAQC,WAAR,IACA,CAAE1C,QAAQW,mBADV,IAEA,KAAKa,WAFL,IAGA,KAAKA,WAAL,CAAiBmB,OAHrB,EAG8B;AAC5B,WAAKnB,WAAL,CAAiBmB,OAAjB,CAAyB,IAAzB,EAA+B;AAAA,eAAM,MAAKC,IAAL,EAAN;AAAA,OAA/B,EAAkD;AAChDC,iBAAS;AADuC,OAAlD;AAGD;AACF;;AA7GD,SAA4B/C,UAA5B;AAAA;;AA+GAgD,OAAOC,MAAP,CAAclD,MAAMC,UAAN,CAAiBkD,SAA/B,EAA0C;AACxCd,wBADwC,YACjBnC,IADiB,QAGrC;AAAA,qCADDuC,sBACC;AAAA,QADDA,sBACC,sCADwB,KACxB;;AACD,QAAMW,OAAO,IAAb;;AACA,QAAI,EAAGA,KAAKzB,WAAL,IACAyB,KAAKzB,WAAL,CAAiB0B,aADpB,CAAJ,EACwC;AACtC;AACD,KALA,CAOD;AACA;AACA;;;AACA,QAAMC,KAAKF,KAAKzB,WAAL,CAAiB0B,aAAjB,CAA+BnD,IAA/B,EAAqC;AAC9C;AACA;AACA;AACA;AACA;AACA;AACA;AACA;AACA;AACA;AACAqD,iBAX8C,YAWlCC,SAXkC,EAWvBC,KAXuB,EAWhB;AAC5B;AACA;AACA;AACA;AACA;AACA,YAAID,YAAY,CAAZ,IAAiBC,KAArB,EACEL,KAAKlB,WAAL,CAAiBwB,cAAjB;AAEF,YAAID,KAAJ,EACEL,KAAKlB,WAAL,CAAiByB,MAAjB,CAAwB,EAAxB;AACH,OAtB6C;AAwB9C;AACA;AACAC,YA1B8C,YA0BvCC,GA1BuC,EA0BlC;AACV,YAAIC,UAAUC,QAAQC,OAAR,CAAgBH,IAAItC,EAApB,CAAd;;AACA,YAAI0C,MAAMb,KAAKlB,WAAL,CAAiBgC,OAAjB,CAAyBJ,OAAzB,CAAV,CAFU,CAIV;AACA;AACA;;;AACA,YAAID,IAAIA,GAAJ,KAAY,SAAhB,EAA2B;AACzB,cAAIM,UAAUN,IAAIM,OAAlB;;AACA,cAAI,CAACA,OAAL,EAAc;AACZ,gBAAIF,GAAJ,EACEb,KAAKlB,WAAL,CAAiByB,MAAjB,CAAwBG,OAAxB;AACH,WAHD,MAGO,IAAI,CAACG,GAAL,EAAU;AACfb,iBAAKlB,WAAL,CAAiBkC,MAAjB,CAAwBD,OAAxB;AACD,WAFM,MAEA;AACL;AACAf,iBAAKlB,WAAL,CAAiB0B,MAAjB,CAAwBE,OAAxB,EAAiCK,OAAjC;AACD;;AACD;AACD,SAZD,MAYO,IAAIN,IAAIA,GAAJ,KAAY,OAAhB,EAAyB;AAC9B,cAAII,GAAJ,EAAS;AACP,kBAAM,IAAI3D,KAAJ,CAAU,4DAAV,CAAN;AACD;;AACD8C,eAAKlB,WAAL,CAAiBkC,MAAjB;AAA0BC,iBAAKP;AAA/B,aAA2CD,IAAIS,MAA/C;AACD,SALM,MAKA,IAAIT,IAAIA,GAAJ,KAAY,SAAhB,EAA2B;AAChC,cAAI,CAACI,GAAL,EACE,MAAM,IAAI3D,KAAJ,CAAU,yDAAV,CAAN;;AACF8C,eAAKlB,WAAL,CAAiByB,MAAjB,CAAwBG,OAAxB;AACD,SAJM,MAIA,IAAID,IAAIA,GAAJ,KAAY,SAAhB,EAA2B;AAChC,cAAI,CAACI,GAAL,EACE,MAAM,IAAI3D,KAAJ,CAAU,uCAAV,CAAN;AACF,cAAMiE,OAAOtB,OAAOsB,IAAP,CAAYV,IAAIS,MAAhB,CAAb;;AACA,cAAIC,KAAKC,MAAL,GAAc,CAAlB,EAAqB;AACnB,gBAAIC,WAAW,EAAf;AACAF,iBAAKG,OAAL,CAAa,eAAO;AAClB,kBAAMC,QAAQd,IAAIS,MAAJ,CAAWM,GAAX,CAAd;;AACA,kBAAI,OAAOD,KAAP,KAAiB,WAArB,EAAkC;AAChC,oBAAI,CAACF,SAASI,MAAd,EAAsB;AACpBJ,2BAASI,MAAT,GAAkB,EAAlB;AACD;;AACDJ,yBAASI,MAAT,CAAgBD,GAAhB,IAAuB,CAAvB;AACD,eALD,MAKO;AACL,oBAAI,CAACH,SAASK,IAAd,EAAoB;AAClBL,2BAASK,IAAT,GAAgB,EAAhB;AACD;;AACDL,yBAASK,IAAT,CAAcF,GAAd,IAAqBD,KAArB;AACD;AACF,aAbD;;AAcAvB,iBAAKlB,WAAL,CAAiB0B,MAAjB,CAAwBE,OAAxB,EAAiCW,QAAjC;AACD;AACF,SAtBM,MAsBA;AACL,gBAAM,IAAInE,KAAJ,CAAU,4CAAV,CAAN;AACD;AACF,OA/E6C;AAiF9C;AACAyE,eAlF8C,cAkFlC;AACV3B,aAAKlB,WAAL,CAAiB8C,eAAjB;AACD,OApF6C;AAsF9C;AACA;AACAC,mBAxF8C,cAwF9B;AACd7B,aAAKlB,WAAL,CAAiB+C,aAAjB;AACD,OA1F6C;AA2F9CC,uBA3F8C,cA2F1B;AAClB,eAAO9B,KAAKlB,WAAL,CAAiBgD,iBAAjB,EAAP;AACD,OA7F6C;AA+F9C;AACAC,YAhG8C,YAgGvC5D,EAhGuC,EAgGnC;AACT,eAAO6B,KAAKc,OAAL,CAAa3C,EAAb,CAAP;AACD,OAlG6C;AAoG9C;AACA6D,oBArG8C,cAqG7B;AACf,eAAOhC,IAAP;AACD;AAvG6C,KAArC,CAAX;;AA0GA,QAAI,CAAEE,EAAN,EAAU;AACR,UAAMX,qDAAkDzC,IAAlD,OAAN;;AACA,UAAIuC,2BAA2B,IAA/B,EAAqC;AACnC;AACA;AACA;AACA;AACA;AACA;AACA;AACA4C,gBAAQC,IAAR,GAAeD,QAAQC,IAAR,CAAa3C,OAAb,CAAf,GAAuC0C,QAAQE,GAAR,CAAY5C,OAAZ,CAAvC;AACD,OATD,MASO;AACL,cAAM,IAAIrC,KAAJ,CAAUqC,OAAV,CAAN;AACD;AACF;AACF,GAtIuC;AAwIxC;AACA;AACA;AAEA6C,kBA5IwC,YA4IvBC,IA5IuB,EA4IjB;AACrB,QAAIA,KAAKjB,MAAL,IAAe,CAAnB,EACE,OAAO,EAAP,CADF,KAGE,OAAOiB,KAAK,CAAL,CAAP;AACH,GAjJuC;AAmJxCC,iBAnJwC,YAmJxBD,IAnJwB,EAmJlB;AACpB,QAAIrC,OAAO,IAAX;;AACA,QAAIqC,KAAKjB,MAAL,GAAc,CAAlB,EAAqB;AACnB,aAAO;AAAE5D,mBAAWwC,KAAK5B;AAAlB,OAAP;AACD,KAFD,MAEO;AACLmE,YAAMF,KAAK,CAAL,CAAN,EAAeG,MAAMC,QAAN,CAAeD,MAAME,eAAN,CAAsB;AAClDxB,gBAAQsB,MAAMC,QAAN,CAAeD,MAAMG,KAAN,CAAY9C,MAAZ,EAAoBvC,SAApB,CAAf,CAD0C;AAElDsF,cAAMJ,MAAMC,QAAN,CAAeD,MAAMG,KAAN,CAAY9C,MAAZ,EAAoBgD,KAApB,EAA2BC,QAA3B,EAAqCxF,SAArC,CAAf,CAF4C;AAGlDyF,eAAOP,MAAMC,QAAN,CAAeD,MAAMG,KAAN,CAAYK,MAAZ,EAAoB1F,SAApB,CAAf,CAH2C;AAIlD2F,cAAMT,MAAMC,QAAN,CAAeD,MAAMG,KAAN,CAAYK,MAAZ,EAAoB1F,SAApB,CAAf;AAJ4C,OAAtB,CAAf,CAAf;AAOA;AACEE,mBAAWwC,KAAK5B;AADlB,SAEKiE,KAAK,CAAL,CAFL;AAID;AACF,GApKuC;;AAsKxC;;;;;;;;;;;;;;;;;;;;;AAqBA1C,MA3LwC,cA2L1B;AAAA,sCAAN0C,IAAM;AAANA,UAAM;AAAA;;AACZ;AACA;AACA;AACA,WAAO,KAAKvD,WAAL,CAAiBa,IAAjB,CACL,KAAKyC,gBAAL,CAAsBC,IAAtB,CADK,EAEL,KAAKC,eAAL,CAAqBD,IAArB,CAFK,CAAP;AAID,GAnMuC;;AAqMxC;;;;;;;;;;;;;;;AAeAvB,SApNwC,cAoNvB;AAAA,uCAANuB,IAAM;AAANA,UAAM;AAAA;;AACf,WAAO,KAAKvD,WAAL,CAAiBgC,OAAjB,CACL,KAAKsB,gBAAL,CAAsBC,IAAtB,CADK,EAEL,KAAKC,eAAL,CAAqBD,IAArB,CAFK,CAAP;AAID;AAzNuC,CAA1C;AA4NAxC,OAAOC,MAAP,CAAclD,MAAMC,UAApB,EAAgC;AAC9BqG,gBAD8B,YACfC,MADe,EACPC,GADO,EACFC,UADE,EACU;AACtC,QAAIC,gBAAgBH,OAAOI,cAAP,CAAsB;AACxCC,aAAO,UAAUrF,EAAV,EAAc+C,MAAd,EAAsB;AAC3BkC,YAAII,KAAJ,CAAUH,UAAV,EAAsBlF,EAAtB,EAA0B+C,MAA1B;AACD,OAHuC;AAIxCuC,eAAS,UAAUtF,EAAV,EAAc+C,MAAd,EAAsB;AAC7BkC,YAAIK,OAAJ,CAAYJ,UAAZ,EAAwBlF,EAAxB,EAA4B+C,MAA5B;AACD,OANuC;AAOxCwC,eAAS,UAAUvF,EAAV,EAAc;AACrBiF,YAAIM,OAAJ,CAAYL,UAAZ,EAAwBlF,EAAxB;AACD;AATuC,KAAtB,CAApB,CADsC,CAatC;AACA;AAEA;;AACAiF,QAAIO,MAAJ,CAAW,YAAY;AACrBL,oBAAcM,IAAd;AACD,KAFD,EAjBsC,CAqBtC;;AACA,WAAON,aAAP;AACD,GAxB6B;AA0B9B;AACA;AACA;AACA;AACA;AACAO,kBA/B8B,YA+BbC,QA/Ba,EA+BkB;AAAA,oFAAJ,EAAI;AAAA,QAAnBC,UAAmB,SAAnBA,UAAmB;;AAC9C;AACA,QAAI1F,gBAAgB2F,aAAhB,CAA8BF,QAA9B,CAAJ,EACEA,WAAW;AAAC7C,WAAK6C;AAAN,KAAX;;AAEF,QAAIjB,MAAMoB,OAAN,CAAcH,QAAd,CAAJ,EAA6B;AAC3B;AACA;AACA,YAAM,IAAI5G,KAAJ,CAAU,mCAAV,CAAN;AACD;;AAED,QAAI,CAAC4G,QAAD,IAAe,SAASA,QAAV,IAAuB,CAACA,SAAS7C,GAAnD,EAAyD;AACvD;AACA,aAAO;AAAEA,aAAK8C,cAAchG,OAAOI,EAAP;AAArB,OAAP;AACD;;AAED,WAAO2F,QAAP;AACD;AAhD6B,CAAhC;AAmDAjE,OAAOC,MAAP,CAAclD,MAAMC,UAAN,CAAiBkD,SAA/B,EAA0C;AACxC;AACA;AACA;AACA;AACA;AACA;AACA;AACA;AACA;AACA;AACA;AACA;AACA;AACA;AACA;AACA;AACA;AACA;AACA;AACA;AACA;AACA;AACA;AACA;AACA;AACA;AACA;AACA;AACA;;AAEA;;;;;;;;;AASAiB,QAxCwC,YAwCjCH,GAxCiC,EAwC5BqD,QAxC4B,EAwClB;AACpB;AACA,QAAI,CAACrD,GAAL,EAAU;AACR,YAAM,IAAI3D,KAAJ,CAAU,6BAAV,CAAN;AACD,KAJmB,CAMpB;;;AACA2D,UAAMhB,OAAOsE,MAAP,CACJtE,OAAOuE,cAAP,CAAsBvD,GAAtB,CADI,EAEJhB,OAAOwE,yBAAP,CAAiCxD,GAAjC,CAFI,CAAN;;AAKA,QAAI,SAASA,GAAb,EAAkB;AAChB,UAAI,CAAEA,IAAII,GAAN,IACA,EAAG,OAAOJ,IAAII,GAAX,KAAmB,QAAnB,IACAJ,IAAII,GAAJ,YAAmBrE,MAAMqB,QAD5B,CADJ,EAE2C;AACzC,cAAM,IAAIf,KAAJ,CACJ,0EADI,CAAN;AAED;AACF,KAPD,MAOO;AACL,UAAIoH,aAAa,IAAjB,CADK,CAGL;AACA;AACA;;AACA,UAAI,KAAKC,mBAAL,EAAJ,EAAgC;AAC9B,YAAMC,YAAY3G,IAAI4G,wBAAJ,CAA6BC,GAA7B,EAAlB;;AACA,YAAI,CAACF,SAAL,EAAgB;AACdF,uBAAa,KAAb;AACD;AACF;;AAED,UAAIA,UAAJ,EAAgB;AACdzD,YAAII,GAAJ,GAAU,KAAKtD,UAAL,EAAV;AACD;AACF,KAnCmB,CAqCpB;AACA;;;AACA,QAAIgH,wCAAwC,UAAUC,MAAV,EAAkB;AAC5D,UAAI/D,IAAII,GAAR,EAAa;AACX,eAAOJ,IAAII,GAAX;AACD,OAH2D,CAK5D;AACA;AACA;;;AACAJ,UAAII,GAAJ,GAAU2D,MAAV;AAEA,aAAOA,MAAP;AACD,KAXD;;AAaA,QAAMC,kBAAkBC,aACtBZ,QADsB,EACZS,qCADY,CAAxB;;AAGA,QAAI,KAAKJ,mBAAL,EAAJ,EAAgC;AAC9B,UAAMK,SAAS,KAAKG,kBAAL,CAAwB,QAAxB,EAAkC,CAAClE,GAAD,CAAlC,EAAyCgE,eAAzC,CAAf;;AACA,aAAOF,sCAAsCC,MAAtC,CAAP;AACD,KA1DmB,CA4DpB;AACA;;;AACA,QAAI;AACF;AACA;AACA;AACA,UAAMA,UAAS,KAAK9F,WAAL,CAAiBkC,MAAjB,CAAwBH,GAAxB,EAA6BgE,eAA7B,CAAf;;AACA,aAAOF,sCAAsCC,OAAtC,CAAP;AACD,KAND,CAME,OAAOI,CAAP,EAAU;AACV,UAAId,QAAJ,EAAc;AACZA,iBAASc,CAAT;AACA,eAAO,IAAP;AACD;;AACD,YAAMA,CAAN;AACD;AACF,GAnHuC;;AAqHxC;;;;;;;;;;;;;AAaAxE,QAlIwC,YAkIjCsD,QAlIiC,EAkIvBzC,QAlIuB,EAkIU;AAAA,uCAApB4D,kBAAoB;AAApBA,wBAAoB;AAAA;;AAChD,QAAMf,WAAWgB,oBAAoBD,kBAApB,CAAjB,CADgD,CAGhD;AACA;;AACA,QAAMlI,0CAAgBkI,mBAAmB,CAAnB,KAAyB,IAAzC,CAAN;AACA,QAAIE,UAAJ;;AACA,QAAIpI,WAAWA,QAAQqI,MAAvB,EAA+B;AAC7B;AACA,UAAIrI,QAAQoI,UAAZ,EAAwB;AACtB,YAAI,EAAE,OAAOpI,QAAQoI,UAAf,KAA8B,QAA9B,IAA0CpI,QAAQoI,UAAR,YAA8BvI,MAAMqB,QAAhF,CAAJ,EACE,MAAM,IAAIf,KAAJ,CAAU,uCAAV,CAAN;AACFiI,qBAAapI,QAAQoI,UAArB;AACD,OAJD,MAIO,IAAI,CAACrB,QAAD,IAAa,CAACA,SAAS7C,GAA3B,EAAgC;AACrCkE,qBAAa,KAAKxH,UAAL,EAAb;AACAZ,gBAAQsI,WAAR,GAAsB,IAAtB;AACAtI,gBAAQoI,UAAR,GAAqBA,UAArB;AACD;AACF;;AAEDrB,eACElH,MAAMC,UAAN,CAAiBgH,gBAAjB,CAAkCC,QAAlC,EAA4C;AAAEC,kBAAYoB;AAAd,KAA5C,CADF;AAGA,QAAMN,kBAAkBC,aAAaZ,QAAb,CAAxB;;AAEA,QAAI,KAAKK,mBAAL,EAAJ,EAAgC;AAC9B,UAAMlC,OAAO,CACXyB,QADW,EAEXzC,QAFW,EAGXtE,OAHW,CAAb;AAMA,aAAO,KAAKgI,kBAAL,CAAwB,QAAxB,EAAkC1C,IAAlC,EAAwCwC,eAAxC,CAAP;AACD,KAjC+C,CAmChD;AACA;;;AACA,QAAI;AACF;AACA;AACA;AACA,aAAO,KAAK/F,WAAL,CAAiB0B,MAAjB,CACLsD,QADK,EACKzC,QADL,EACetE,OADf,EACwB8H,eADxB,CAAP;AAED,KAND,CAME,OAAOG,CAAP,EAAU;AACV,UAAId,QAAJ,EAAc;AACZA,iBAASc,CAAT;AACA,eAAO,IAAP;AACD;;AACD,YAAMA,CAAN;AACD;AACF,GApLuC;;AAsLxC;;;;;;;;;AASAzE,QA/LwC,YA+LjCuD,QA/LiC,EA+LvBI,QA/LuB,EA+Lb;AACzBJ,eAAWlH,MAAMC,UAAN,CAAiBgH,gBAAjB,CAAkCC,QAAlC,CAAX;AAEA,QAAMe,kBAAkBC,aAAaZ,QAAb,CAAxB;;AAEA,QAAI,KAAKK,mBAAL,EAAJ,EAAgC;AAC9B,aAAO,KAAKQ,kBAAL,CAAwB,QAAxB,EAAkC,CAACjB,QAAD,CAAlC,EAA8Ce,eAA9C,CAAP;AACD,KAPwB,CASzB;AACA;;;AACA,QAAI;AACF;AACA;AACA;AACA,aAAO,KAAK/F,WAAL,CAAiByB,MAAjB,CAAwBuD,QAAxB,EAAkCe,eAAlC,CAAP;AACD,KALD,CAKE,OAAOG,CAAP,EAAU;AACV,UAAId,QAAJ,EAAc;AACZA,iBAASc,CAAT;AACA,eAAO,IAAP;AACD;;AACD,YAAMA,CAAN;AACD;AACF,GAtNuC;AAwNxC;AACA;AACAT,qBA1NwC,cA0NlB;AACpB;AACA,WAAO,KAAKhG,WAAL,IAAoB,KAAKA,WAAL,KAAqBvB,OAAOyB,MAAvD;AACD,GA7NuC;;AA+NxC;;;;;;;;;;;;AAYA2G,QA3OwC,YA2OjCtB,QA3OiC,EA2OvBzC,QA3OuB,EA2ObtE,OA3Oa,EA2OJmH,QA3OI,EA2OM;AAC5C,QAAI,CAAEA,QAAF,IAAc,OAAOnH,OAAP,KAAmB,UAArC,EAAiD;AAC/CmH,iBAAWnH,OAAX;AACAA,gBAAU,EAAV;AACD;;AAED,WAAO,KAAKyD,MAAL,CAAYsD,QAAZ,EAAsBzC,QAAtB,kCACFtE,OADE;AAELuI,qBAAe,IAFV;AAGLF,cAAQ;AAHH,QAIJlB,QAJI,CAAP;AAKD,GAtPuC;AAwPxC;AACA;AACAqB,cA1PwC,YA0P3BC,KA1P2B,EA0PpBzI,OA1PoB,EA0PX;AAC3B,QAAIiD,OAAO,IAAX;AACA,QAAI,CAACA,KAAKlB,WAAL,CAAiByG,YAAtB,EACE,MAAM,IAAIrI,KAAJ,CAAU,kDAAV,CAAN;;AACF8C,SAAKlB,WAAL,CAAiByG,YAAjB,CAA8BC,KAA9B,EAAqCzI,OAArC;AACD,GA/PuC;AAiQxC0I,YAjQwC,YAiQ7BD,KAjQ6B,EAiQtB;AAChB,QAAIxF,OAAO,IAAX;AACA,QAAI,CAACA,KAAKlB,WAAL,CAAiB2G,UAAtB,EACE,MAAM,IAAIvI,KAAJ,CAAU,gDAAV,CAAN;;AACF8C,SAAKlB,WAAL,CAAiB2G,UAAjB,CAA4BD,KAA5B;AACD,GAtQuC;AAwQxCE,iBAxQwC,cAwQtB;AAChB,QAAI1F,OAAO,IAAX;AACA,QAAI,CAACA,KAAKlB,WAAL,CAAiB6G,cAAtB,EACE,MAAM,IAAIzI,KAAJ,CAAU,qDAAV,CAAN;;AACF8C,SAAKlB,WAAL,CAAiB6G,cAAjB;AACD,GA7QuC;AA+QxCC,yBA/QwC,YA+QhBC,QA/QgB,EA+QNC,YA/QM,EA+QQ;AAC9C,QAAI9F,OAAO,IAAX;AACA,QAAI,CAACA,KAAKlB,WAAL,CAAiB8G,uBAAtB,EACE,MAAM,IAAI1I,KAAJ,CAAU,6DAAV,CAAN;;AACF8C,SAAKlB,WAAL,CAAiB8G,uBAAjB,CAAyCC,QAAzC,EAAmDC,YAAnD;AACD,GApRuC;;AAsRxC;;;;AAIAC,eA1RwC,cA0RxB;AACd,QAAI/F,OAAO,IAAX;;AACA,QAAI,CAAEA,KAAKlB,WAAL,CAAiBiH,aAAvB,EAAsC;AACpC,YAAM,IAAI7I,KAAJ,CAAU,mDAAV,CAAN;AACD;;AACD,WAAO8C,KAAKlB,WAAL,CAAiBiH,aAAjB,EAAP;AACD,GAhSuC;;AAkSxC;;;;AAIAC,aAtSwC,cAsS1B;AACZ,QAAIhG,OAAO,IAAX;;AACA,QAAI,EAAGA,KAAKvC,OAAL,CAAawI,KAAb,IAAsBjG,KAAKvC,OAAL,CAAawI,KAAb,CAAmBC,EAA5C,CAAJ,EAAqD;AACnD,YAAM,IAAIhJ,KAAJ,CAAU,iDAAV,CAAN;AACD;;AACD,WAAO8C,KAAKvC,OAAL,CAAawI,KAAb,CAAmBC,EAA1B;AACD;AA5SuC,CAA1C,E,CA+SA;;AACA,SAASpB,YAAT,CAAsBZ,QAAtB,EAAgCiC,aAAhC,EAA+C;AAC7C,SAAOjC,YAAY,UAAU5E,KAAV,EAAiBsF,MAAjB,EAAyB;AAC1C,QAAItF,KAAJ,EAAW;AACT4E,eAAS5E,KAAT;AACD,KAFD,MAEO,IAAI,OAAO6G,aAAP,KAAyB,UAA7B,EAAyC;AAC9CjC,eAAS,IAAT,EAAeiC,cAAcvB,MAAd,CAAf;AACD,KAFM,MAEA;AACLV,eAAS,IAAT,EAAeU,MAAf;AACD;AACF,GARD;AASD;AAED;;;;;;;;AAMAhI,MAAMqB,QAAN,GAAiB0C,QAAQ1C,QAAzB;AAEA;;;;;;AAKArB,MAAMwJ,MAAN,GAAe/H,gBAAgB+H,MAA/B;AAEA;;;;AAGAxJ,MAAMC,UAAN,CAAiBuJ,MAAjB,GAA0BxJ,MAAMwJ,MAAhC;AAEA;;;;AAGAxJ,MAAMC,UAAN,CAAiBoB,QAAjB,GAA4BrB,MAAMqB,QAAlC;AAEA;;;;AAGAjB,OAAOH,UAAP,GAAoBD,MAAMC,UAA1B,C,CAEA;;AACAgD,OAAOC,MAAP,CACE9C,OAAOH,UAAP,CAAkBkD,SADpB,EAEEsG,UAAUC,mBAFZ;;AAKA,SAASpB,mBAAT,CAA6B7C,IAA7B,EAAmC;AACjC;AACA;AACA,MAAIA,KAAKjB,MAAL,KACCiB,KAAKA,KAAKjB,MAAL,GAAc,CAAnB,MAA0B9D,SAA1B,IACA+E,KAAKA,KAAKjB,MAAL,GAAc,CAAnB,aAAiC0B,QAFlC,CAAJ,EAEiD;AAC/C,WAAOT,KAAKkE,GAAL,EAAP;AACD;AACF","sourcesContent":["// options.connection, if given, is a LivedataClient or LivedataServer\n// XXX presently there is no way to destroy/clean up a Collection\n\n/**\n * @summary Namespace for MongoDB-related items\n * @namespace\n */\nMongo = {};\n\n/**\n * @summary Constructor for a Collection\n * @locus Anywhere\n * @instancename collection\n * @class\n * @param {String} name The name of the collection.  If null, creates an unmanaged (unsynchronized) local collection.\n * @param {Object} [options]\n * @param {Object} options.connection The server connection that will manage this collection. Uses the default connection if not specified.  Pass the return value of calling [`DDP.connect`](#ddp_connect) to specify a different server. Pass `null` to specify no connection. Unmanaged (`name` is null) collections cannot specify a connection.\n * @param {String} options.idGeneration The method of generating the `_id` fields of new documents in this collection.  Possible values:\n\n - **`'STRING'`**: random strings\n - **`'MONGO'`**:  random [`Mongo.ObjectID`](#mongo_object_id) values\n\nThe default id generation technique is `'STRING'`.\n * @param {Function} options.transform An optional transformation function. Documents will be passed through this function before being returned from `fetch` or `findOne`, and before being passed to callbacks of `observe`, `map`, `forEach`, `allow`, and `deny`. Transforms are *not* applied for the callbacks of `observeChanges` or to cursors returned from publish functions.\n * @param {Boolean} options.defineMutationMethods Set to `false` to skip setting up the mutation methods that enable insert/update/remove from client code. Default `true`.\n */\nMongo.Collection = function Collection(name, options) {\n  if (!name && (name !== null)) {\n    Meteor._debug(\"Warning: creating anonymous collection. It will not be \" +\n                  \"saved or synchronized over the network. (Pass null for \" +\n                  \"the collection name to turn off this warning.)\");\n    name = null;\n  }\n\n  if (name !== null && typeof name !== \"string\") {\n    throw new Error(\n      \"First argument to new Mongo.Collection must be a string or null\");\n  }\n\n  if (options && options.methods) {\n    // Backwards compatibility hack with original signature (which passed\n    // \"connection\" directly instead of in options. (Connections must have a \"methods\"\n    // method.)\n    // XXX remove before 1.0\n    options = {connection: options};\n  }\n  // Backwards compatibility: \"connection\" used to be called \"manager\".\n  if (options && options.manager && !options.connection) {\n    options.connection = options.manager;\n  }\n\n  options = {\n    connection: undefined,\n    idGeneration: 'STRING',\n    transform: null,\n    _driver: undefined,\n    _preventAutopublish: false,\n      ...options,\n  };\n\n  switch (options.idGeneration) {\n  case 'MONGO':\n    this._makeNewID = function () {\n      var src = name ? DDP.randomStream('/collection/' + name) : Random.insecure;\n      return new Mongo.ObjectID(src.hexString(24));\n    };\n    break;\n  case 'STRING':\n  default:\n    this._makeNewID = function () {\n      var src = name ? DDP.randomStream('/collection/' + name) : Random.insecure;\n      return src.id();\n    };\n    break;\n  }\n\n  this._transform = LocalCollection.wrapTransform(options.transform);\n\n  if (! name || options.connection === null)\n    // note: nameless collections never have a connection\n    this._connection = null;\n  else if (options.connection)\n    this._connection = options.connection;\n  else if (Meteor.isClient)\n    this._connection = Meteor.connection;\n  else\n    this._connection = Meteor.server;\n\n  if (!options._driver) {\n    // XXX This check assumes that webapp is loaded so that Meteor.server !==\n    // null. We should fully support the case of \"want to use a Mongo-backed\n    // collection from Node code without webapp\", but we don't yet.\n    // #MeteorServerNull\n    if (name && this._connection === Meteor.server &&\n        typeof MongoInternals !== \"undefined\" &&\n        MongoInternals.defaultRemoteCollectionDriver) {\n      options._driver = MongoInternals.defaultRemoteCollectionDriver();\n    } else {\n      const { LocalCollectionDriver } =\n        require(\"./local_collection_driver.js\");\n      options._driver = LocalCollectionDriver;\n    }\n  }\n\n  this._collection = options._driver.open(name, this._connection);\n  this._name = name;\n  this._driver = options._driver;\n\n  this._maybeSetUpReplication(name, options);\n\n  // XXX don't define these until allow or deny is actually used for this\n  // collection. Could be hard if the security rules are only defined on the\n  // server.\n  if (options.defineMutationMethods !== false) {\n    try {\n      this._defineMutationMethods({\n        useExisting: options._suppressSameNameError === true\n      });\n    } catch (error) {\n      // Throw a more understandable error on the server for same collection name\n      if (error.message === `A method named '/${name}/insert' is already defined`)\n        throw new Error(`There is already a collection named \"${name}\"`);\n      throw error;\n    }\n  }\n\n  // autopublish\n  if (Package.autopublish &&\n      ! options._preventAutopublish &&\n      this._connection &&\n      this._connection.publish) {\n    this._connection.publish(null, () => this.find(), {\n      is_auto: true,\n    });\n  }\n};\n\nObject.assign(Mongo.Collection.prototype, {\n  _maybeSetUpReplication(name, {\n    _suppressSameNameError = false\n  }) {\n    const self = this;\n    if (! (self._connection &&\n           self._connection.registerStore)) {\n      return;\n    }\n\n    // OK, we're going to be a slave, replicating some remote\n    // database, except possibly with some temporary divergence while\n    // we have unacknowledged RPC's.\n    const ok = self._connection.registerStore(name, {\n      // Called at the beginning of a batch of updates. batchSize is the number\n      // of update calls to expect.\n      //\n      // XXX This interface is pretty janky. reset probably ought to go back to\n      // being its own function, and callers shouldn't have to calculate\n      // batchSize. The optimization of not calling pause/remove should be\n      // delayed until later: the first call to update() should buffer its\n      // message, and then we can either directly apply it at endUpdate time if\n      // it was the only update, or do pauseObservers/apply/apply at the next\n      // update() if there's another one.\n      beginUpdate(batchSize, reset) {\n        // pause observers so users don't see flicker when updating several\n        // objects at once (including the post-reconnect reset-and-reapply\n        // stage), and so that a re-sorting of a query can take advantage of the\n        // full _diffQuery moved calculation instead of applying change one at a\n        // time.\n        if (batchSize > 1 || reset)\n          self._collection.pauseObservers();\n\n        if (reset)\n          self._collection.remove({});\n      },\n\n      // Apply an update.\n      // XXX better specify this interface (not in terms of a wire message)?\n      update(msg) {\n        var mongoId = MongoID.idParse(msg.id);\n        var doc = self._collection.findOne(mongoId);\n\n        // Is this a \"replace the whole doc\" message coming from the quiescence\n        // of method writes to an object? (Note that 'undefined' is a valid\n        // value meaning \"remove it\".)\n        if (msg.msg === 'replace') {\n          var replace = msg.replace;\n          if (!replace) {\n            if (doc)\n              self._collection.remove(mongoId);\n          } else if (!doc) {\n            self._collection.insert(replace);\n          } else {\n            // XXX check that replace has no $ ops\n            self._collection.update(mongoId, replace);\n          }\n          return;\n        } else if (msg.msg === 'added') {\n          if (doc) {\n            throw new Error(\"Expected not to find a document already present for an add\");\n          }\n          self._collection.insert({ _id: mongoId, ...msg.fields });\n        } else if (msg.msg === 'removed') {\n          if (!doc)\n            throw new Error(\"Expected to find a document already present for removed\");\n          self._collection.remove(mongoId);\n        } else if (msg.msg === 'changed') {\n          if (!doc)\n            throw new Error(\"Expected to find a document to change\");\n          const keys = Object.keys(msg.fields);\n          if (keys.length > 0) {\n            var modifier = {};\n            keys.forEach(key => {\n              const value = msg.fields[key];\n              if (typeof value === \"undefined\") {\n                if (!modifier.$unset) {\n                  modifier.$unset = {};\n                }\n                modifier.$unset[key] = 1;\n              } else {\n                if (!modifier.$set) {\n                  modifier.$set = {};\n                }\n                modifier.$set[key] = value;\n              }\n            });\n            self._collection.update(mongoId, modifier);\n          }\n        } else {\n          throw new Error(\"I don't know how to deal with this message\");\n        }\n      },\n\n      // Called at the end of a batch of updates.\n      endUpdate() {\n        self._collection.resumeObservers();\n      },\n\n      // Called around method stub invocations to capture the original versions\n      // of modified documents.\n      saveOriginals() {\n        self._collection.saveOriginals();\n      },\n      retrieveOriginals() {\n        return self._collection.retrieveOriginals();\n      },\n\n      // Used to preserve current versions of documents across a store reset.\n      getDoc(id) {\n        return self.findOne(id);\n      },\n\n      // To be able to get back to the collection from the store.\n      _getCollection() {\n        return self;\n      }\n    });\n\n    if (! ok) {\n      const message = `There is already a collection named \"${name}\"`;\n      if (_suppressSameNameError === true) {\n        // XXX In theory we do not have to throw when `ok` is falsy. The\n        // store is already defined for this collection name, but this\n        // will simply be another reference to it and everything should\n        // work. However, we have historically thrown an error here, so\n        // for now we will skip the error only when _suppressSameNameError\n        // is `true`, allowing people to opt in and give this some real\n        // world testing.\n        console.warn ? console.warn(message) : console.log(message);\n      } else {\n        throw new Error(message);\n      }\n    }\n  },\n\n  ///\n  /// Main collection API\n  ///\n\n  _getFindSelector(args) {\n    if (args.length == 0)\n      return {};\n    else\n      return args[0];\n  },\n\n  _getFindOptions(args) {\n    var self = this;\n    if (args.length < 2) {\n      return { transform: self._transform };\n    } else {\n      check(args[1], Match.Optional(Match.ObjectIncluding({\n        fields: Match.Optional(Match.OneOf(Object, undefined)),\n        sort: Match.Optional(Match.OneOf(Object, Array, Function, undefined)),\n        limit: Match.Optional(Match.OneOf(Number, undefined)),\n        skip: Match.Optional(Match.OneOf(Number, undefined))\n      })));\n\n      return {\n        transform: self._transform,\n        ...args[1],\n      };\n    }\n  },\n\n  /**\n   * @summary Find the documents in a collection that match the selector.\n   * @locus Anywhere\n   * @method find\n   * @memberof Mongo.Collection\n   * @instance\n   * @param {MongoSelector} [selector] A query describing the documents to find\n   * @param {Object} [options]\n   * @param {MongoSortSpecifier} options.sort Sort order (default: natural order)\n   * @param {Number} options.skip Number of results to skip at the beginning\n   * @param {Number} options.limit Maximum number of results to return\n   * @param {MongoFieldSpecifier} options.fields Dictionary of fields to return or exclude.\n   * @param {Boolean} options.reactive (Client only) Default `true`; pass `false` to disable reactivity\n   * @param {Function} options.transform Overrides `transform` on the  [`Collection`](#collections) for this cursor.  Pass `null` to disable transformation.\n   * @param {Boolean} options.disableOplog (Server only) Pass true to disable oplog-tailing on this query. This affects the way server processes calls to `observe` on this query. Disabling the oplog can be useful when working with data that updates in large batches.\n   * @param {Number} options.pollingIntervalMs (Server only) When oplog is disabled (through the use of `disableOplog` or when otherwise not available), the frequency (in milliseconds) of how often to poll this query when observing on the server. Defaults to 10000ms (10 seconds).\n   * @param {Number} options.pollingThrottleMs (Server only) When oplog is disabled (through the use of `disableOplog` or when otherwise not available), the minimum time (in milliseconds) to allow between re-polling when observing on the server. Increasing this will save CPU and mongo load at the expense of slower updates to users. Decreasing this is not recommended. Defaults to 50ms.\n   * @param {Number} options.maxTimeMs (Server only) If set, instructs MongoDB to set a time limit for this cursor's operations. If the operation reaches the specified time limit (in milliseconds) without the having been completed, an exception will be thrown. Useful to prevent an (accidental or malicious) unoptimized query from causing a full collection scan that would disrupt other database users, at the expense of needing to handle the resulting error.\n   * @param {String|Object} options.hint (Server only) Overrides MongoDB's default index selection and query optimization process. Specify an index to force its use, either by its name or index specification. You can also specify `{ $natural : 1 }` to force a forwards collection scan, or `{ $natural : -1 }` for a reverse collection scan. Setting this is only recommended for advanced users.\n   * @returns {Mongo.Cursor}\n   */\n  find(...args) {\n    // Collection.find() (return all docs) behaves differently\n    // from Collection.find(undefined) (return 0 docs).  so be\n    // careful about the length of arguments.\n    return this._collection.find(\n      this._getFindSelector(args),\n      this._getFindOptions(args)\n    );\n  },\n\n  /**\n   * @summary Finds the first document that matches the selector, as ordered by sort and skip options. Returns `undefined` if no matching document is found.\n   * @locus Anywhere\n   * @method findOne\n   * @memberof Mongo.Collection\n   * @instance\n   * @param {MongoSelector} [selector] A query describing the documents to find\n   * @param {Object} [options]\n   * @param {MongoSortSpecifier} options.sort Sort order (default: natural order)\n   * @param {Number} options.skip Number of results to skip at the beginning\n   * @param {MongoFieldSpecifier} options.fields Dictionary of fields to return or exclude.\n   * @param {Boolean} options.reactive (Client only) Default true; pass false to disable reactivity\n   * @param {Function} options.transform Overrides `transform` on the [`Collection`](#collections) for this cursor.  Pass `null` to disable transformation.\n   * @returns {Object}\n   */\n  findOne(...args) {\n    return this._collection.findOne(\n      this._getFindSelector(args),\n      this._getFindOptions(args)\n    );\n  }\n});\n\nObject.assign(Mongo.Collection, {\n  _publishCursor(cursor, sub, collection) {\n    var observeHandle = cursor.observeChanges({\n      added: function (id, fields) {\n        sub.added(collection, id, fields);\n      },\n      changed: function (id, fields) {\n        sub.changed(collection, id, fields);\n      },\n      removed: function (id) {\n        sub.removed(collection, id);\n      }\n    });\n\n    // We don't call sub.ready() here: it gets called in livedata_server, after\n    // possibly calling _publishCursor on multiple returned cursors.\n\n    // register stop callback (expects lambda w/ no args).\n    sub.onStop(function () {\n      observeHandle.stop();\n    });\n\n    // return the observeHandle in case it needs to be stopped early\n    return observeHandle;\n  },\n\n  // protect against dangerous selectors.  falsey and {_id: falsey} are both\n  // likely programmer error, and not what you want, particularly for destructive\n  // operations. If a falsey _id is sent in, a new string _id will be\n  // generated and returned; if a fallbackId is provided, it will be returned\n  // instead.\n  _rewriteSelector(selector, { fallbackId } = {}) {\n    // shorthand -- scalars match _id\n    if (LocalCollection._selectorIsId(selector))\n      selector = {_id: selector};\n\n    if (Array.isArray(selector)) {\n      // This is consistent with the Mongo console itself; if we don't do this\n      // check passing an empty array ends up selecting all items\n      throw new Error(\"Mongo selector can't be an array.\");\n    }\n\n    if (!selector || (('_id' in selector) && !selector._id)) {\n      // can't match anything\n      return { _id: fallbackId || Random.id() };\n    }\n\n    return selector;\n  }\n});\n\nObject.assign(Mongo.Collection.prototype, {\n  // 'insert' immediately returns the inserted document's new _id.\n  // The others return values immediately if you are in a stub, an in-memory\n  // unmanaged collection, or a mongo-backed collection and you don't pass a\n  // callback. 'update' and 'remove' return the number of affected\n  // documents. 'upsert' returns an object with keys 'numberAffected' and, if an\n  // insert happened, 'insertedId'.\n  //\n  // Otherwise, the semantics are exactly like other methods: they take\n  // a callback as an optional last argument; if no callback is\n  // provided, they block until the operation is complete, and throw an\n  // exception if it fails; if a callback is provided, then they don't\n  // necessarily block, and they call the callback when they finish with error and\n  // result arguments.  (The insert method provides the document ID as its result;\n  // update and remove provide the number of affected docs as the result; upsert\n  // provides an object with numberAffected and maybe insertedId.)\n  //\n  // On the client, blocking is impossible, so if a callback\n  // isn't provided, they just return immediately and any error\n  // information is lost.\n  //\n  // There's one more tweak. On the client, if you don't provide a\n  // callback, then if there is an error, a message will be logged with\n  // Meteor._debug.\n  //\n  // The intent (though this is actually determined by the underlying\n  // drivers) is that the operations should be done synchronously, not\n  // generating their result until the database has acknowledged\n  // them. In the future maybe we should provide a flag to turn this\n  // off.\n\n  /**\n   * @summary Insert a document in the collection.  Returns its unique _id.\n   * @locus Anywhere\n   * @method  insert\n   * @memberof Mongo.Collection\n   * @instance\n   * @param {Object} doc The document to insert. May not yet have an _id attribute, in which case Meteor will generate one for you.\n   * @param {Function} [callback] Optional.  If present, called with an error object as the first argument and, if no error, the _id as the second.\n   */\n  insert(doc, callback) {\n    // Make sure we were passed a document to insert\n    if (!doc) {\n      throw new Error(\"insert requires an argument\");\n    }\n\n    // Make a shallow clone of the document, preserving its prototype.\n    doc = Object.create(\n      Object.getPrototypeOf(doc),\n      Object.getOwnPropertyDescriptors(doc)\n    );\n\n    if ('_id' in doc) {\n      if (! doc._id ||\n          ! (typeof doc._id === 'string' ||\n             doc._id instanceof Mongo.ObjectID)) {\n        throw new Error(\n          \"Meteor requires document _id fields to be non-empty strings or ObjectIDs\");\n      }\n    } else {\n      let generateId = true;\n\n      // Don't generate the id if we're the client and the 'outermost' call\n      // This optimization saves us passing both the randomSeed and the id\n      // Passing both is redundant.\n      if (this._isRemoteCollection()) {\n        const enclosing = DDP._CurrentMethodInvocation.get();\n        if (!enclosing) {\n          generateId = false;\n        }\n      }\n\n      if (generateId) {\n        doc._id = this._makeNewID();\n      }\n    }\n\n    // On inserts, always return the id that we generated; on all other\n    // operations, just return the result from the collection.\n    var chooseReturnValueFromCollectionResult = function (result) {\n      if (doc._id) {\n        return doc._id;\n      }\n\n      // XXX what is this for??\n      // It's some iteraction between the callback to _callMutatorMethod and\n      // the return value conversion\n      doc._id = result;\n\n      return result;\n    };\n\n    const wrappedCallback = wrapCallback(\n      callback, chooseReturnValueFromCollectionResult);\n\n    if (this._isRemoteCollection()) {\n      const result = this._callMutatorMethod(\"insert\", [doc], wrappedCallback);\n      return chooseReturnValueFromCollectionResult(result);\n    }\n\n    // it's my collection.  descend into the collection object\n    // and propagate any exception.\n    try {\n      // If the user provided a callback and the collection implements this\n      // operation asynchronously, then queryRet will be undefined, and the\n      // result will be returned through the callback instead.\n      const result = this._collection.insert(doc, wrappedCallback);\n      return chooseReturnValueFromCollectionResult(result);\n    } catch (e) {\n      if (callback) {\n        callback(e);\n        return null;\n      }\n      throw e;\n    }\n  },\n\n  /**\n   * @summary Modify one or more documents in the collection. Returns the number of matched documents.\n   * @locus Anywhere\n   * @method update\n   * @memberof Mongo.Collection\n   * @instance\n   * @param {MongoSelector} selector Specifies which documents to modify\n   * @param {MongoModifier} modifier Specifies how to modify the documents\n   * @param {Object} [options]\n   * @param {Boolean} options.multi True to modify all matching documents; false to only modify one of the matching documents (the default).\n   * @param {Boolean} options.upsert True to insert a document if no matching documents are found.\n   * @param {Function} [callback] Optional.  If present, called with an error object as the first argument and, if no error, the number of affected documents as the second.\n   */\n  update(selector, modifier, ...optionsAndCallback) {\n    const callback = popCallbackFromArgs(optionsAndCallback);\n\n    // We've already popped off the callback, so we are left with an array\n    // of one or zero items\n    const options = { ...(optionsAndCallback[0] || null) };\n    let insertedId;\n    if (options && options.upsert) {\n      // set `insertedId` if absent.  `insertedId` is a Meteor extension.\n      if (options.insertedId) {\n        if (!(typeof options.insertedId === 'string' || options.insertedId instanceof Mongo.ObjectID))\n          throw new Error(\"insertedId must be string or ObjectID\");\n        insertedId = options.insertedId;\n      } else if (!selector || !selector._id) {\n        insertedId = this._makeNewID();\n        options.generatedId = true;\n        options.insertedId = insertedId;\n      }\n    }\n\n    selector =\n      Mongo.Collection._rewriteSelector(selector, { fallbackId: insertedId });\n\n    const wrappedCallback = wrapCallback(callback);\n\n    if (this._isRemoteCollection()) {\n      const args = [\n        selector,\n        modifier,\n        options\n      ];\n\n      return this._callMutatorMethod(\"update\", args, wrappedCallback);\n    }\n\n    // it's my collection.  descend into the collection object\n    // and propagate any exception.\n    try {\n      // If the user provided a callback and the collection implements this\n      // operation asynchronously, then queryRet will be undefined, and the\n      // result will be returned through the callback instead.\n      return this._collection.update(\n        selector, modifier, options, wrappedCallback);\n    } catch (e) {\n      if (callback) {\n        callback(e);\n        return null;\n      }\n      throw e;\n    }\n  },\n\n  /**\n   * @summary Remove documents from the collection\n   * @locus Anywhere\n   * @method remove\n   * @memberof Mongo.Collection\n   * @instance\n   * @param {MongoSelector} selector Specifies which documents to remove\n   * @param {Function} [callback] Optional.  If present, called with an error object as its argument.\n   */\n  remove(selector, callback) {\n    selector = Mongo.Collection._rewriteSelector(selector);\n\n    const wrappedCallback = wrapCallback(callback);\n\n    if (this._isRemoteCollection()) {\n      return this._callMutatorMethod(\"remove\", [selector], wrappedCallback);\n    }\n\n    // it's my collection.  descend into the collection object\n    // and propagate any exception.\n    try {\n      // If the user provided a callback and the collection implements this\n      // operation asynchronously, then queryRet will be undefined, and the\n      // result will be returned through the callback instead.\n      return this._collection.remove(selector, wrappedCallback);\n    } catch (e) {\n      if (callback) {\n        callback(e);\n        return null;\n      }\n      throw e;\n    }\n  },\n\n  // Determine if this collection is simply a minimongo representation of a real\n  // database on another server\n  _isRemoteCollection() {\n    // XXX see #MeteorServerNull\n    return this._connection && this._connection !== Meteor.server;\n  },\n\n  /**\n   * @summary Modify one or more documents in the collection, or insert one if no matching documents were found. Returns an object with keys `numberAffected` (the number of documents modified)  and `insertedId` (the unique _id of the document that was inserted, if any).\n   * @locus Anywhere\n   * @method upsert\n   * @memberof Mongo.Collection\n   * @instance\n   * @param {MongoSelector} selector Specifies which documents to modify\n   * @param {MongoModifier} modifier Specifies how to modify the documents\n   * @param {Object} [options]\n   * @param {Boolean} options.multi True to modify all matching documents; false to only modify one of the matching documents (the default).\n   * @param {Function} [callback] Optional.  If present, called with an error object as the first argument and, if no error, the number of affected documents as the second.\n   */\n  upsert(selector, modifier, options, callback) {\n    if (! callback && typeof options === \"function\") {\n      callback = options;\n      options = {};\n    }\n\n    return this.update(selector, modifier, {\n      ...options,\n      _returnObject: true,\n      upsert: true,\n    }, callback);\n  },\n\n  // We'll actually design an index API later. For now, we just pass through to\n  // Mongo's, but make it synchronous.\n  _ensureIndex(index, options) {\n    var self = this;\n    if (!self._collection._ensureIndex)\n      throw new Error(\"Can only call _ensureIndex on server collections\");\n    self._collection._ensureIndex(index, options);\n  },\n\n  _dropIndex(index) {\n    var self = this;\n    if (!self._collection._dropIndex)\n      throw new Error(\"Can only call _dropIndex on server collections\");\n    self._collection._dropIndex(index);\n  },\n\n  _dropCollection() {\n    var self = this;\n    if (!self._collection.dropCollection)\n      throw new Error(\"Can only call _dropCollection on server collections\");\n    self._collection.dropCollection();\n  },\n\n  _createCappedCollection(byteSize, maxDocuments) {\n    var self = this;\n    if (!self._collection._createCappedCollection)\n      throw new Error(\"Can only call _createCappedCollection on server collections\");\n    self._collection._createCappedCollection(byteSize, maxDocuments);\n  },\n\n  /**\n   * @summary Returns the [`Collection`](http://mongodb.github.io/node-mongodb-native/2.2/api/Collection.html) object corresponding to this collection from the [npm `mongodb` driver module](https://www.npmjs.com/package/mongodb) which is wrapped by `Mongo.Collection`.\n   * @locus Server\n   */\n  rawCollection() {\n    var self = this;\n    if (! self._collection.rawCollection) {\n      throw new Error(\"Can only call rawCollection on server collections\");\n    }\n    return self._collection.rawCollection();\n  },\n\n  /**\n   * @summary Returns the [`Db`](http://mongodb.github.io/node-mongodb-native/2.2/api/Db.html) object corresponding to this collection's database connection from the [npm `mongodb` driver module](https://www.npmjs.com/package/mongodb) which is wrapped by `Mongo.Collection`.\n   * @locus Server\n   */\n  rawDatabase() {\n    var self = this;\n    if (! (self._driver.mongo && self._driver.mongo.db)) {\n      throw new Error(\"Can only call rawDatabase on server collections\");\n    }\n    return self._driver.mongo.db;\n  }\n});\n\n// Convert the callback to not return a result if there is an error\nfunction wrapCallback(callback, convertResult) {\n  return callback && function (error, result) {\n    if (error) {\n      callback(error);\n    } else if (typeof convertResult === \"function\") {\n      callback(null, convertResult(result));\n    } else {\n      callback(null, result);\n    }\n  };\n}\n\n/**\n * @summary Create a Mongo-style `ObjectID`.  If you don't specify a `hexString`, the `ObjectID` will generated randomly (not using MongoDB's ID construction rules).\n * @locus Anywhere\n * @class\n * @param {String} [hexString] Optional.  The 24-character hexadecimal contents of the ObjectID to create\n */\nMongo.ObjectID = MongoID.ObjectID;\n\n/**\n * @summary To create a cursor, use find. To access the documents in a cursor, use forEach, map, or fetch.\n * @class\n * @instanceName cursor\n */\nMongo.Cursor = LocalCollection.Cursor;\n\n/**\n * @deprecated in 0.9.1\n */\nMongo.Collection.Cursor = Mongo.Cursor;\n\n/**\n * @deprecated in 0.9.1\n */\nMongo.Collection.ObjectID = Mongo.ObjectID;\n\n/**\n * @deprecated in 0.9.1\n */\nMeteor.Collection = Mongo.Collection;\n\n// Allow deny stuff is now in the allow-deny package\nObject.assign(\n  Meteor.Collection.prototype,\n  AllowDeny.CollectionPrototype\n);\n\nfunction popCallbackFromArgs(args) {\n  // Pull off any callback (or perhaps a 'callback' variable that was passed\n  // in undefined, like how 'upsert' does it).\n  if (args.length &&\n      (args[args.length - 1] === undefined ||\n       args[args.length - 1] instanceof Function)) {\n    return args.pop();\n  }\n}\n"]},"sourceType":"script","hash":"9ecdadcfefa7221f06d2ce058b02596d2c316d7c"}
