{"metadata":{},"options":{"plugins":[{"key":"base$0$0","visitor":{"Program":{"enter":[null]},"_exploded":true,"_verified":true},"options":{"generateLetDeclarations":true,"enforceStrictMode":false}},{"key":"transform-meteor-dynamic-import","visitor":{"_exploded":{},"_verified":{},"CallExpression":{"enter":[null]}},"options":{}},{"key":"base$0$2","visitor":{"CallExpression":{"enter":[null]},"BinaryExpression":{"enter":[null]},"MemberExpression":{"enter":[null],"exit":[null]},"_exploded":true,"_verified":true,"Identifier":{"enter":[null]},"JSXIdentifier":{"enter":[null]}},"options":{"polyfill":false,"useBuiltIns":false}},{"key":"base$0$3","visitor":{"_exploded":{},"_verified":{},"ClassDeclaration":{"enter":[null]},"ClassExpression":{"enter":[null]}},"options":{"loose":true}},{"key":"base$0$4","visitor":{"FunctionExpression":{"exit":[null]},"_exploded":true,"_verified":true},"options":{}},{"key":"base$0$5","visitor":{"ForInStatement":{"enter":[null]},"_exploded":true,"_verified":true},"options":{}},{"key":"base$0$6","visitor":{"Program":{"exit":[null]},"_exploded":true,"_verified":true},"options":{"allowTopLevelThis":true,"strictMode":false,"loose":true}},{"key":"base$0$1$0","visitor":{"_exploded":{},"_verified":{},"JSXNamespacedName":{"enter":[null]},"JSXElement":{"exit":[null]},"JSXFragment":{"exit":[null]},"Program":{"enter":[null],"exit":[null]},"JSXAttribute":{"enter":[null]}},"options":{"pragma":"React.createElement","pragmaFrag":"React.Fragment","throwIfNamespace":true,"useBuiltIns":false}},{"key":"base$0$1$1","visitor":{"_exploded":true,"_verified":true},"options":{}},{"key":"base$0$1$2","visitor":{"ExportDefaultDeclaration":{"enter":[null]},"CallExpression":{"enter":[null]},"_exploded":true,"_verified":true},"options":{}},{"key":"base$0$0$0","visitor":{"_exploded":true,"_verified":true},"options":{}},{"key":"base$0$0$1","visitor":{"_exploded":true,"_verified":true},"options":{}},{"key":"base$0$0$2","visitor":{"ArrowFunctionExpression":{"enter":[null]},"_exploded":true,"_verified":true},"options":{}},{"key":"base$0$0$3","visitor":{"BlockStatement":{"enter":[null]},"SwitchCase":{"enter":[null]},"_exploded":true,"_verified":true},"options":{}},{"key":"base$0$0$4","visitor":{"VariableDeclaration":{"enter":[null]},"CatchClause":{"enter":[null]},"_exploded":true,"BlockStatement":{"enter":[null]},"SwitchStatement":{"enter":[null]},"Program":{"enter":[null]},"_verified":true,"DoWhileStatement":{"enter":[null]},"ForInStatement":{"enter":[null]},"ForStatement":{"enter":[null]},"WhileStatement":{"enter":[null]},"ForOfStatement":{"enter":[null]}},"options":{}},{"key":"base$0$0$5","visitor":{"ExportDefaultDeclaration":{"enter":[null]},"ClassDeclaration":{"enter":[null]},"ClassExpression":{"enter":[null]},"_exploded":true,"_verified":true},"options":{"loose":true}},{"key":"base$0$0$6","visitor":{"ObjectExpression":{"exit":[null]},"_exploded":true,"_verified":true},"options":{"loose":true}},{"key":"base$0$0$7","visitor":{"ExportNamedDeclaration":{"enter":[null]},"CatchClause":{"enter":[null]},"AssignmentExpression":{"enter":[null]},"VariableDeclaration":{"enter":[null]},"_exploded":true,"_verified":true,"ForInStatement":{"enter":[null]},"ForOfStatement":{"enter":[null]}},"options":{}},{"key":"base$0$0$8","visitor":{"ForOfStatement":{"enter":[null]},"_exploded":true,"_verified":true},"options":{"loose":true}},{"key":"base$0$0$9","visitor":{"NumericLiteral":{"enter":[null]},"StringLiteral":{"enter":[null]},"_exploded":true,"_verified":true},"options":{}},{"key":"base$0$0$10","visitor":{"ObjectExpression":{"enter":[null]},"_exploded":true,"_verified":true},"options":{}},{"key":"base$0$0$11","visitor":{"_exploded":true,"_verified":true,"FunctionDeclaration":{"enter":[null]},"FunctionExpression":{"enter":[null]},"ObjectMethod":{"enter":[null]},"ArrowFunctionExpression":{"enter":[null]},"ClassMethod":{"enter":[null]}},"options":{}},{"key":"base$0$0$12","visitor":{"ObjectMethod":{"enter":[null]},"ObjectProperty":{"enter":[null]},"_exploded":true,"_verified":true},"options":{}},{"key":"base$0$0$13","visitor":{"ArrayExpression":{"enter":[null]},"CallExpression":{"enter":[null]},"NewExpression":{"enter":[null]},"_exploded":true,"_verified":true},"options":{}},{"key":"base$0$0$14","visitor":{"RegExpLiteral":{"enter":[null]},"_exploded":true,"_verified":true},"options":{}},{"key":"base$0$0$15","visitor":{"TaggedTemplateExpression":{"enter":[null]},"TemplateLiteral":{"enter":[null]},"_exploded":true,"_verified":true},"options":{"loose":true}},{"key":"base$0$0$16","visitor":{"UnaryExpression":{"enter":[null]},"_exploded":true,"_verified":true,"BlockStatement":{"enter":[null]},"CatchClause":{"enter":[null]},"DoWhileStatement":{"enter":[null]},"ForInStatement":{"enter":[null]},"ForStatement":{"enter":[null]},"FunctionDeclaration":{"enter":[null]},"FunctionExpression":{"enter":[null]},"Program":{"enter":[null]},"ObjectMethod":{"enter":[null]},"SwitchStatement":{"enter":[null]},"WhileStatement":{"enter":[null]},"ArrowFunctionExpression":{"enter":[null]},"ClassDeclaration":{"enter":[null]},"ClassExpression":{"enter":[null]},"ForOfStatement":{"enter":[null]},"ClassMethod":{"enter":[null]}},"options":{}},{"key":"base$0$0$17","visitor":{"RegExpLiteral":{"enter":[null]},"_exploded":true,"_verified":true},"options":{}},{"key":"base$0$0$18","visitor":{"_exploded":true,"_verified":true},"options":{}},{"key":"base$0$0$19","visitor":{"_exploded":{},"_verified":{},"VariableDeclarator":{"enter":[null]},"ExportNamedDeclaration":{"enter":[null]},"CatchClause":{"enter":[null]},"AssignmentExpression":{"enter":[null]},"ObjectExpression":{"enter":[null]},"FunctionDeclaration":{"enter":[null]},"FunctionExpression":{"enter":[null]},"ObjectMethod":{"enter":[null]},"ArrowFunctionExpression":{"enter":[null]},"ClassMethod":{"enter":[null]},"ForInStatement":{"enter":[null]},"ForOfStatement":{"enter":[null]}},"options":{}},{"key":"base$0$0$20","visitor":{"ObjectProperty":{"exit":[null]},"_exploded":true,"_verified":true},"options":{}},{"key":"base$0$0$21","visitor":{"_exploded":{},"_verified":{},"Program":{"enter":[null]},"ImportDeclaration":{"enter":[null,null]},"ClassProperty":{"enter":[null]},"AssignmentPattern":{"enter":[null]},"TypeCastExpression":{"enter":[null,null]},"ImportSpecifier":{"enter":[null]},"ClassDeclaration":{"enter":[null]},"ClassExpression":{"enter":[null]},"FunctionDeclaration":{"enter":[null]},"FunctionExpression":{"enter":[null]},"ObjectMethod":{"enter":[null]},"ArrowFunctionExpression":{"enter":[null]},"ClassMethod":{"enter":[null]},"AnyTypeAnnotation":{"enter":[null]},"ArrayTypeAnnotation":{"enter":[null]},"BooleanTypeAnnotation":{"enter":[null]},"BooleanLiteralTypeAnnotation":{"enter":[null]},"NullLiteralTypeAnnotation":{"enter":[null]},"ClassImplements":{"enter":[null]},"DeclareClass":{"enter":[null]},"DeclareFunction":{"enter":[null]},"DeclareInterface":{"enter":[null]},"DeclareModule":{"enter":[null]},"DeclareModuleExports":{"enter":[null]},"DeclareTypeAlias":{"enter":[null]},"DeclareOpaqueType":{"enter":[null]},"DeclareVariable":{"enter":[null]},"DeclareExportDeclaration":{"enter":[null]},"DeclareExportAllDeclaration":{"enter":[null]},"DeclaredPredicate":{"enter":[null]},"ExistsTypeAnnotation":{"enter":[null]},"FunctionTypeAnnotation":{"enter":[null]},"FunctionTypeParam":{"enter":[null]},"GenericTypeAnnotation":{"enter":[null]},"InferredPredicate":{"enter":[null]},"InterfaceExtends":{"enter":[null]},"InterfaceDeclaration":{"enter":[null]},"IntersectionTypeAnnotation":{"enter":[null]},"MixedTypeAnnotation":{"enter":[null]},"EmptyTypeAnnotation":{"enter":[null]},"NullableTypeAnnotation":{"enter":[null]},"NumberLiteralTypeAnnotation":{"enter":[null]},"NumberTypeAnnotation":{"enter":[null]},"ObjectTypeAnnotation":{"enter":[null]},"ObjectTypeCallProperty":{"enter":[null]},"ObjectTypeIndexer":{"enter":[null]},"ObjectTypeProperty":{"enter":[null]},"ObjectTypeSpreadProperty":{"enter":[null]},"OpaqueType":{"enter":[null]},"QualifiedTypeIdentifier":{"enter":[null]},"StringLiteralTypeAnnotation":{"enter":[null]},"StringTypeAnnotation":{"enter":[null]},"ThisTypeAnnotation":{"enter":[null]},"TupleTypeAnnotation":{"enter":[null]},"TypeofTypeAnnotation":{"enter":[null]},"TypeAlias":{"enter":[null]},"TypeAnnotation":{"enter":[null]},"TypeParameter":{"enter":[null]},"TypeParameterDeclaration":{"enter":[null]},"TypeParameterInstantiation":{"enter":[null]},"UnionTypeAnnotation":{"enter":[null]},"Variance":{"enter":[null]},"VoidTypeAnnotation":{"enter":[null]},"ExportAllDeclaration":{"enter":[null]},"ExportDefaultDeclaration":{"enter":[null]},"ExportNamedDeclaration":{"enter":[null]}},"options":{}},{"key":"base$0$0$22","visitor":{"AssignmentExpression":{"enter":[null]},"BinaryExpression":{"enter":[null]},"_exploded":true,"_verified":true},"options":{}},{"key":"base$0$0$23","visitor":{"_exploded":{},"_verified":{},"Program":{"enter":[null]}},"options":{}},{"key":"regenerator-transform","visitor":{"_exploded":true,"_verified":true,"FunctionDeclaration":{"exit":[null]},"FunctionExpression":{"exit":[null]},"ObjectMethod":{"exit":[null]},"ArrowFunctionExpression":{"exit":[null]},"ClassMethod":{"exit":[null]}},"options":{}}],"presets":[],"compact":false,"ast":true,"babelrc":false,"sourceFileName":"packages/webapp/socket_file.js","filename":"packages/webapp/socket_file.js","sourceMaps":true,"envName":"development","cwd":"/Users/linjoe/MEGA/7code/web/taxiapp/client/compatibility","passPerPreset":false,"parserOpts":{"sourceType":"module","sourceFileName":"packages/webapp/socket_file.js","plugins":["dynamicImport","classProperties","jsx","jsx","flow","asyncGenerators","objectRestSpread","objectRestSpread","flow","asyncGenerators"]},"generatorOpts":{"filename":"packages/webapp/socket_file.js","comments":true,"compact":false,"sourceMaps":true,"sourceFileName":"packages/webapp/socket_file.js"}},"code":"module.export({\n  removeExistingSocketFile: function () {\n    return removeExistingSocketFile;\n  },\n  registerSocketFileCleanup: function () {\n    return registerSocketFileCleanup;\n  }\n});\nvar statSync, unlinkSync, existsSync;\nmodule.watch(require(\"fs\"), {\n  statSync: function (v) {\n    statSync = v;\n  },\n  unlinkSync: function (v) {\n    unlinkSync = v;\n  },\n  existsSync: function (v) {\n    existsSync = v;\n  }\n}, 0);\n\nvar removeExistingSocketFile = function (socketPath) {\n  try {\n    if (statSync(socketPath).isSocket()) {\n      // Since a new socket file will be created, remove the existing\n      // file.\n      unlinkSync(socketPath);\n    } else {\n      throw new Error(\"An existing file was found at \\\"\" + socketPath + \"\\\" and it is not \" + 'a socket file. Please confirm PORT is pointing to valid and ' + 'un-used socket file path.');\n    }\n  } catch (error) {\n    // If there is no existing socket file to cleanup, great, we'll\n    // continue normally. If the caught exception represents any other\n    // issue, re-throw.\n    if (error.code !== 'ENOENT') {\n      throw error;\n    }\n  }\n};\n\nvar registerSocketFileCleanup = function (socketPath) {\n  var eventEmitter = arguments.length > 1 && arguments[1] !== undefined ? arguments[1] : process;\n  ['exit', 'SIGINT', 'SIGHUP', 'SIGTERM'].forEach(function (signal) {\n    eventEmitter.on(signal, Meteor.bindEnvironment(function () {\n      if (existsSync(socketPath)) {\n        unlinkSync(socketPath);\n      }\n    }));\n  });\n};","map":{"version":3,"sources":["packages/webapp/socket_file.js"],"names":["module","export","removeExistingSocketFile","registerSocketFileCleanup","statSync","unlinkSync","existsSync","watch","require","v","socketPath","isSocket","Error","error","code","eventEmitter","process","forEach","on","signal","Meteor","bindEnvironment"],"mappings":"AAAAA,OAAOC,MAAP,CAAc;AAACC,4BAAyB;AAAA,WAAIA,wBAAJ;AAAA,GAA1B;AAAuDC,6BAA0B;AAAA,WAAIA,yBAAJ;AAAA;AAAjF,CAAd;AAA+H,IAAIC,QAAJ,EAAaC,UAAb,EAAwBC,UAAxB;AAAmCN,OAAOO,KAAP,CAAaC,QAAQ,IAAR,CAAb,EAA2B;AAACJ,UAAD,YAAUK,CAAV,EAAY;AAACL,eAASK,CAAT;AAAW,GAAxB;AAAyBJ,YAAzB,YAAoCI,CAApC,EAAsC;AAACJ,iBAAWI,CAAX;AAAa,GAApD;AAAqDH,YAArD,YAAgEG,CAAhE,EAAkE;AAACH,iBAAWG,CAAX;AAAa;AAAhF,CAA3B,EAA6G,CAA7G;;AAyB3J,IAAMP,2BAA2B,UAACQ,UAAD,EAAgB;AACtD,MAAI;AACF,QAAIN,SAASM,UAAT,EAAqBC,QAArB,EAAJ,EAAqC;AACnC;AACA;AACAN,iBAAWK,UAAX;AACD,KAJD,MAIO;AACL,YAAM,IAAIE,KAAJ,CACJ,qCAAkCF,UAAlC,yBACA,8DADA,GAEA,2BAHI,CAAN;AAKD;AACF,GAZD,CAYE,OAAOG,KAAP,EAAc;AACd;AACA;AACA;AACA,QAAIA,MAAMC,IAAN,KAAe,QAAnB,EAA6B;AAC3B,YAAMD,KAAN;AACD;AACF;AACF,CArBM;;AA0BA,IAAMV,4BACX,UAACO,UAAD,EAAwC;AAAA,MAA3BK,YAA2B,uEAAZC,OAAY;AACtC,GAAC,MAAD,EAAS,QAAT,EAAmB,QAAnB,EAA6B,SAA7B,EAAwCC,OAAxC,CAAgD,kBAAU;AACxDF,iBAAaG,EAAb,CAAgBC,MAAhB,EAAwBC,OAAOC,eAAP,CAAuB,YAAM;AACnD,UAAIf,WAAWI,UAAX,CAAJ,EAA4B;AAC1BL,mBAAWK,UAAX;AACD;AACF,KAJuB,CAAxB;AAKD,GAND;AAOD,CATI","sourcesContent":["import { statSync, unlinkSync, existsSync } from 'fs';\n\n// Since a new socket file will be created when the HTTP server\n// starts up, if found remove the existing file.\n//\n// WARNING:\n// This will remove the configured socket file without warning. If\n// the configured socket file is already in use by another application,\n// it will still be removed. Node does not provide a reliable way to\n// differentiate between a socket file that is already in use by\n// another application or a stale socket file that has been\n// left over after a SIGKILL. Since we have no reliable way to\n// differentiate between these two scenarios, the best course of\n// action during startup is to remove any existing socket file. This\n// is not the safest course of action as removing the existing socket\n// file could impact an application using it, but this approach helps\n// ensure the HTTP server can startup without manual\n// intervention (e.g. asking for the verification and cleanup of socket\n// files before allowing the HTTP server to be started).\n//\n// The above being said, as long as the socket file path is\n// configured carefully when the application is deployed (and extra\n// care is taken to make sure the configured path is unique and doesn't\n// conflict with another socket file path), then there should not be\n// any issues with this approach.\nexport const removeExistingSocketFile = (socketPath) => {\n  try {\n    if (statSync(socketPath).isSocket()) {\n      // Since a new socket file will be created, remove the existing\n      // file.\n      unlinkSync(socketPath);\n    } else {\n      throw new Error(\n        `An existing file was found at \"${socketPath}\" and it is not ` +\n        'a socket file. Please confirm PORT is pointing to valid and ' +\n        'un-used socket file path.'\n      );\n    }\n  } catch (error) {\n    // If there is no existing socket file to cleanup, great, we'll\n    // continue normally. If the caught exception represents any other\n    // issue, re-throw.\n    if (error.code !== 'ENOENT') {\n      throw error;\n    }\n  }\n};\n\n// Remove the socket file when done to avoid leaving behind a stale one.\n// Note - a stale socket file is still left behind if the running node\n// process is killed via signal 9 - SIGKILL.\nexport const registerSocketFileCleanup =\n  (socketPath, eventEmitter = process) => {\n    ['exit', 'SIGINT', 'SIGHUP', 'SIGTERM'].forEach(signal => {\n      eventEmitter.on(signal, Meteor.bindEnvironment(() => {\n        if (existsSync(socketPath)) {\n          unlinkSync(socketPath);\n        }\n      }));\n    });\n  };\n"]},"sourceType":"script","hash":"a00b8ed75aa65a23cacfa72b15bfca1eddeb0169"}
