{"metadata":{},"options":{"plugins":[{"key":"base$1$0","visitor":{"_exploded":{},"_verified":{},"JSXNamespacedName":{"enter":[null]},"JSXElement":{"exit":[null]},"JSXFragment":{"exit":[null]},"Program":{"enter":[null],"exit":[null]},"JSXAttribute":{"enter":[null]}},"options":{"pragma":"React.createElement","pragmaFrag":"React.Fragment","throwIfNamespace":true,"useBuiltIns":false}},{"key":"base$1$1","visitor":{"_exploded":true,"_verified":true},"options":{}},{"key":"base$1$2","visitor":{"ExportDefaultDeclaration":{"enter":[null]},"CallExpression":{"enter":[null]},"_exploded":true,"_verified":true},"options":{}},{"key":"base$0$0","visitor":{"Program":{"enter":[null]},"_exploded":true,"_verified":true},"options":{"generateLetDeclarations":true,"enforceStrictMode":false}},{"key":"base$0$1","visitor":{"_exploded":true,"_verified":true},"options":{}},{"key":"base$0$2","visitor":{"_exploded":{},"_verified":{},"Program":{"enter":[null]},"ImportDeclaration":{"enter":[null,null]},"ClassProperty":{"enter":[null]},"AssignmentPattern":{"enter":[null]},"TypeCastExpression":{"enter":[null,null]},"ImportSpecifier":{"enter":[null]},"ClassDeclaration":{"enter":[null]},"ClassExpression":{"enter":[null]},"FunctionDeclaration":{"enter":[null]},"FunctionExpression":{"enter":[null]},"ObjectMethod":{"enter":[null]},"ArrowFunctionExpression":{"enter":[null]},"ClassMethod":{"enter":[null]},"AnyTypeAnnotation":{"enter":[null]},"ArrayTypeAnnotation":{"enter":[null]},"BooleanTypeAnnotation":{"enter":[null]},"BooleanLiteralTypeAnnotation":{"enter":[null]},"NullLiteralTypeAnnotation":{"enter":[null]},"ClassImplements":{"enter":[null]},"DeclareClass":{"enter":[null]},"DeclareFunction":{"enter":[null]},"DeclareInterface":{"enter":[null]},"DeclareModule":{"enter":[null]},"DeclareModuleExports":{"enter":[null]},"DeclareTypeAlias":{"enter":[null]},"DeclareOpaqueType":{"enter":[null]},"DeclareVariable":{"enter":[null]},"DeclareExportDeclaration":{"enter":[null]},"DeclareExportAllDeclaration":{"enter":[null]},"DeclaredPredicate":{"enter":[null]},"ExistsTypeAnnotation":{"enter":[null]},"FunctionTypeAnnotation":{"enter":[null]},"FunctionTypeParam":{"enter":[null]},"GenericTypeAnnotation":{"enter":[null]},"InferredPredicate":{"enter":[null]},"InterfaceExtends":{"enter":[null]},"InterfaceDeclaration":{"enter":[null]},"IntersectionTypeAnnotation":{"enter":[null]},"MixedTypeAnnotation":{"enter":[null]},"EmptyTypeAnnotation":{"enter":[null]},"NullableTypeAnnotation":{"enter":[null]},"NumberLiteralTypeAnnotation":{"enter":[null]},"NumberTypeAnnotation":{"enter":[null]},"ObjectTypeAnnotation":{"enter":[null]},"ObjectTypeCallProperty":{"enter":[null]},"ObjectTypeIndexer":{"enter":[null]},"ObjectTypeProperty":{"enter":[null]},"ObjectTypeSpreadProperty":{"enter":[null]},"OpaqueType":{"enter":[null]},"QualifiedTypeIdentifier":{"enter":[null]},"StringLiteralTypeAnnotation":{"enter":[null]},"StringTypeAnnotation":{"enter":[null]},"ThisTypeAnnotation":{"enter":[null]},"TupleTypeAnnotation":{"enter":[null]},"TypeofTypeAnnotation":{"enter":[null]},"TypeAlias":{"enter":[null]},"TypeAnnotation":{"enter":[null]},"TypeParameter":{"enter":[null]},"TypeParameterDeclaration":{"enter":[null]},"TypeParameterInstantiation":{"enter":[null]},"UnionTypeAnnotation":{"enter":[null]},"Variance":{"enter":[null]},"VoidTypeAnnotation":{"enter":[null]},"ExportAllDeclaration":{"enter":[null]},"ExportDefaultDeclaration":{"enter":[null]},"ExportNamedDeclaration":{"enter":[null]}},"options":{}},{"key":"base$0$3","visitor":{"CallExpression":{"enter":[null]},"BinaryExpression":{"enter":[null]},"MemberExpression":{"enter":[null],"exit":[null]},"_exploded":true,"_verified":true,"Identifier":{"enter":[null]},"JSXIdentifier":{"enter":[null]}},"options":{"polyfill":false,"useBuiltIns":true}},{"key":"base$0$4","visitor":{"_exploded":true,"_verified":true},"options":{}},{"key":"base$0$5","visitor":{"_exploded":{},"_verified":{},"VariableDeclarator":{"enter":[null]},"ExportNamedDeclaration":{"enter":[null]},"CatchClause":{"enter":[null]},"AssignmentExpression":{"enter":[null]},"ObjectExpression":{"enter":[null]},"FunctionDeclaration":{"enter":[null]},"FunctionExpression":{"enter":[null]},"ObjectMethod":{"enter":[null]},"ArrowFunctionExpression":{"enter":[null]},"ClassMethod":{"enter":[null]},"ForInStatement":{"enter":[null]},"ForOfStatement":{"enter":[null]}},"options":{}},{"key":"transform-meteor-async-await","visitor":{"AwaitExpression":{"enter":[null]},"_exploded":true,"_verified":true,"FunctionDeclaration":{"exit":[null]},"FunctionExpression":{"exit":[null]},"ObjectMethod":{"exit":[null]},"ArrowFunctionExpression":{"exit":[null]},"ClassMethod":{"exit":[null]}},"options":{"useNativeAsyncAwait":false}},{"key":"transform-meteor-dynamic-import","visitor":{"_exploded":{},"_verified":{},"CallExpression":{"enter":[null]}},"options":{}},{"key":"base$0$8","visitor":{"_exploded":{},"_verified":{},"Program":{"enter":[null]}},"options":{}},{"key":"base$0$9","visitor":{"Program":{"exit":[null]},"_exploded":true,"_verified":true},"options":{"allowTopLevelThis":true,"strictMode":false,"loose":true}},{"key":"base$0$10","visitor":{"_exploded":{},"_verified":{},"ClassDeclaration":{"enter":[null]},"ClassExpression":{"enter":[null]}},"options":{"loose":true}}],"compact":false,"ast":true,"babelrc":false,"sourceFileName":"packages/webapp/connect.js","filename":"packages/webapp/connect.js","sourceMaps":true,"envName":"development","cwd":"/Users/linjoe/MEGA/7code/web/taxiapp/client/compatibility","passPerPreset":false,"presets":[],"parserOpts":{"sourceType":"module","sourceFileName":"packages/webapp/connect.js","plugins":["jsx","jsx","flow","flow","objectRestSpread","objectRestSpread","dynamicImport","asyncGenerators","classProperties"]},"generatorOpts":{"filename":"packages/webapp/connect.js","comments":true,"compact":false,"sourceMaps":true,"sourceFileName":"packages/webapp/connect.js"}},"code":"module.export({\n  connect: () => connect\n});\nlet npmConnect;\nmodule.watch(require(\"connect\"), {\n  default(v) {\n    npmConnect = v;\n  }\n\n}, 0);\n\nfunction connect(...connectArgs) {\n  const handlers = npmConnect.apply(this, connectArgs);\n  const originalUse = handlers.use; // Wrap the handlers.use method so that any provided handler functions\n  // alway run in a Fiber.\n\n  handlers.use = function use(...useArgs) {\n    const {\n      stack\n    } = this;\n    const originalLength = stack.length;\n    const result = originalUse.apply(this, useArgs); // If we just added anything to the stack, wrap each new entry.handle\n    // with a function that calls Promise.asyncApply to ensure the\n    // original handler runs in a Fiber.\n\n    for (let i = originalLength; i < stack.length; ++i) {\n      const entry = stack[i];\n      const originalHandle = entry.handle;\n\n      if (originalHandle.length >= 4) {\n        // If the original handle had four (or more) parameters, the\n        // wrapper must also have four parameters, since connect uses\n        // handle.length to dermine whether to pass the error as the first\n        // argument to the handle function.\n        entry.handle = function handle(err, req, res, next) {\n          return Promise.asyncApply(originalHandle, this, arguments);\n        };\n      } else {\n        entry.handle = function handle(req, res, next) {\n          return Promise.asyncApply(originalHandle, this, arguments);\n        };\n      }\n    }\n\n    return result;\n  };\n\n  return handlers;\n}","map":{"version":3,"sources":["packages/webapp/connect.js"],"names":["module","export","connect","npmConnect","watch","require","default","v","connectArgs","handlers","apply","originalUse","use","useArgs","stack","originalLength","length","result","i","entry","originalHandle","handle","err","req","res","next","Promise","asyncApply","arguments"],"mappings":"AAAAA,OAAOC,MAAP,CAAc;AAACC,WAAQ,MAAIA;AAAb,CAAd;AAAqC,IAAIC,UAAJ;AAAeH,OAAOI,KAAP,CAAaC,QAAQ,SAAR,CAAb,EAAgC;AAACC,UAAQC,CAAR,EAAU;AAACJ,iBAAWI,CAAX;AAAa;;AAAzB,CAAhC,EAA2D,CAA3D;;AAE7C,SAASL,OAAT,CAAiB,GAAGM,WAApB,EAAiC;AACtC,QAAMC,WAAWN,WAAWO,KAAX,CAAiB,IAAjB,EAAuBF,WAAvB,CAAjB;AACA,QAAMG,cAAcF,SAASG,GAA7B,CAFsC,CAItC;AACA;;AACAH,WAASG,GAAT,GAAe,SAASA,GAAT,CAAa,GAAGC,OAAhB,EAAyB;AACtC,UAAM;AAAEC;AAAF,QAAY,IAAlB;AACA,UAAMC,iBAAiBD,MAAME,MAA7B;AACA,UAAMC,SAASN,YAAYD,KAAZ,CAAkB,IAAlB,EAAwBG,OAAxB,CAAf,CAHsC,CAKtC;AACA;AACA;;AACA,SAAK,IAAIK,IAAIH,cAAb,EAA6BG,IAAIJ,MAAME,MAAvC,EAA+C,EAAEE,CAAjD,EAAoD;AAClD,YAAMC,QAAQL,MAAMI,CAAN,CAAd;AACA,YAAME,iBAAiBD,MAAME,MAA7B;;AAEA,UAAID,eAAeJ,MAAf,IAAyB,CAA7B,EAAgC;AAC9B;AACA;AACA;AACA;AACAG,cAAME,MAAN,GAAe,SAASA,MAAT,CAAgBC,GAAhB,EAAqBC,GAArB,EAA0BC,GAA1B,EAA+BC,IAA/B,EAAqC;AAClD,iBAAOC,QAAQC,UAAR,CAAmBP,cAAnB,EAAmC,IAAnC,EAAyCQ,SAAzC,CAAP;AACD,SAFD;AAGD,OARD,MAQO;AACLT,cAAME,MAAN,GAAe,SAASA,MAAT,CAAgBE,GAAhB,EAAqBC,GAArB,EAA0BC,IAA1B,EAAgC;AAC7C,iBAAOC,QAAQC,UAAR,CAAmBP,cAAnB,EAAmC,IAAnC,EAAyCQ,SAAzC,CAAP;AACD,SAFD;AAGD;AACF;;AAED,WAAOX,MAAP;AACD,GA5BD;;AA8BA,SAAOR,QAAP;AACD","sourcesContent":["import npmConnect from \"connect\";\n\nexport function connect(...connectArgs) {\n  const handlers = npmConnect.apply(this, connectArgs);\n  const originalUse = handlers.use;\n\n  // Wrap the handlers.use method so that any provided handler functions\n  // alway run in a Fiber.\n  handlers.use = function use(...useArgs) {\n    const { stack } = this;\n    const originalLength = stack.length;\n    const result = originalUse.apply(this, useArgs);\n\n    // If we just added anything to the stack, wrap each new entry.handle\n    // with a function that calls Promise.asyncApply to ensure the\n    // original handler runs in a Fiber.\n    for (let i = originalLength; i < stack.length; ++i) {\n      const entry = stack[i];\n      const originalHandle = entry.handle;\n\n      if (originalHandle.length >= 4) {\n        // If the original handle had four (or more) parameters, the\n        // wrapper must also have four parameters, since connect uses\n        // handle.length to dermine whether to pass the error as the first\n        // argument to the handle function.\n        entry.handle = function handle(err, req, res, next) {\n          return Promise.asyncApply(originalHandle, this, arguments);\n        };\n      } else {\n        entry.handle = function handle(req, res, next) {\n          return Promise.asyncApply(originalHandle, this, arguments);\n        };\n      }\n    }\n\n    return result;\n  };\n\n  return handlers;\n}\n"]},"sourceType":"script","hash":"a1ba02b72228f179beb9a6c9ff051cbe39eef5f6"}
