{"metadata":{},"options":{"plugins":[{"key":"base$1$0","visitor":{"_exploded":{},"_verified":{},"JSXNamespacedName":{"enter":[null]},"JSXElement":{"exit":[null]},"JSXFragment":{"exit":[null]},"Program":{"enter":[null],"exit":[null]},"JSXAttribute":{"enter":[null]}},"options":{"pragma":"React.createElement","pragmaFrag":"React.Fragment","throwIfNamespace":true,"useBuiltIns":false}},{"key":"base$1$1","visitor":{"_exploded":true,"_verified":true},"options":{}},{"key":"base$1$2","visitor":{"ExportDefaultDeclaration":{"enter":[null]},"CallExpression":{"enter":[null]},"_exploded":true,"_verified":true},"options":{}},{"key":"base$0$0","visitor":{"Program":{"enter":[null]},"_exploded":true,"_verified":true},"options":{"generateLetDeclarations":true,"enforceStrictMode":false}},{"key":"base$0$1","visitor":{"_exploded":true,"_verified":true},"options":{}},{"key":"base$0$2","visitor":{"_exploded":{},"_verified":{},"Program":{"enter":[null]},"ImportDeclaration":{"enter":[null,null]},"ClassProperty":{"enter":[null]},"AssignmentPattern":{"enter":[null]},"TypeCastExpression":{"enter":[null,null]},"ImportSpecifier":{"enter":[null]},"ClassDeclaration":{"enter":[null]},"ClassExpression":{"enter":[null]},"FunctionDeclaration":{"enter":[null]},"FunctionExpression":{"enter":[null]},"ObjectMethod":{"enter":[null]},"ArrowFunctionExpression":{"enter":[null]},"ClassMethod":{"enter":[null]},"AnyTypeAnnotation":{"enter":[null]},"ArrayTypeAnnotation":{"enter":[null]},"BooleanTypeAnnotation":{"enter":[null]},"BooleanLiteralTypeAnnotation":{"enter":[null]},"NullLiteralTypeAnnotation":{"enter":[null]},"ClassImplements":{"enter":[null]},"DeclareClass":{"enter":[null]},"DeclareFunction":{"enter":[null]},"DeclareInterface":{"enter":[null]},"DeclareModule":{"enter":[null]},"DeclareModuleExports":{"enter":[null]},"DeclareTypeAlias":{"enter":[null]},"DeclareOpaqueType":{"enter":[null]},"DeclareVariable":{"enter":[null]},"DeclareExportDeclaration":{"enter":[null]},"DeclareExportAllDeclaration":{"enter":[null]},"DeclaredPredicate":{"enter":[null]},"ExistsTypeAnnotation":{"enter":[null]},"FunctionTypeAnnotation":{"enter":[null]},"FunctionTypeParam":{"enter":[null]},"GenericTypeAnnotation":{"enter":[null]},"InferredPredicate":{"enter":[null]},"InterfaceExtends":{"enter":[null]},"InterfaceDeclaration":{"enter":[null]},"IntersectionTypeAnnotation":{"enter":[null]},"MixedTypeAnnotation":{"enter":[null]},"EmptyTypeAnnotation":{"enter":[null]},"NullableTypeAnnotation":{"enter":[null]},"NumberLiteralTypeAnnotation":{"enter":[null]},"NumberTypeAnnotation":{"enter":[null]},"ObjectTypeAnnotation":{"enter":[null]},"ObjectTypeCallProperty":{"enter":[null]},"ObjectTypeIndexer":{"enter":[null]},"ObjectTypeProperty":{"enter":[null]},"ObjectTypeSpreadProperty":{"enter":[null]},"OpaqueType":{"enter":[null]},"QualifiedTypeIdentifier":{"enter":[null]},"StringLiteralTypeAnnotation":{"enter":[null]},"StringTypeAnnotation":{"enter":[null]},"ThisTypeAnnotation":{"enter":[null]},"TupleTypeAnnotation":{"enter":[null]},"TypeofTypeAnnotation":{"enter":[null]},"TypeAlias":{"enter":[null]},"TypeAnnotation":{"enter":[null]},"TypeParameter":{"enter":[null]},"TypeParameterDeclaration":{"enter":[null]},"TypeParameterInstantiation":{"enter":[null]},"UnionTypeAnnotation":{"enter":[null]},"Variance":{"enter":[null]},"VoidTypeAnnotation":{"enter":[null]},"ExportAllDeclaration":{"enter":[null]},"ExportDefaultDeclaration":{"enter":[null]},"ExportNamedDeclaration":{"enter":[null]}},"options":{}},{"key":"base$0$3","visitor":{"CallExpression":{"enter":[null]},"BinaryExpression":{"enter":[null]},"MemberExpression":{"enter":[null],"exit":[null]},"_exploded":true,"_verified":true,"Identifier":{"enter":[null]},"JSXIdentifier":{"enter":[null]}},"options":{"polyfill":false,"useBuiltIns":true}},{"key":"base$0$4","visitor":{"_exploded":true,"_verified":true},"options":{}},{"key":"base$0$5","visitor":{"_exploded":{},"_verified":{},"VariableDeclarator":{"enter":[null]},"ExportNamedDeclaration":{"enter":[null]},"CatchClause":{"enter":[null]},"AssignmentExpression":{"enter":[null]},"ObjectExpression":{"enter":[null]},"FunctionDeclaration":{"enter":[null]},"FunctionExpression":{"enter":[null]},"ObjectMethod":{"enter":[null]},"ArrowFunctionExpression":{"enter":[null]},"ClassMethod":{"enter":[null]},"ForInStatement":{"enter":[null]},"ForOfStatement":{"enter":[null]}},"options":{}},{"key":"transform-meteor-async-await","visitor":{"AwaitExpression":{"enter":[null]},"_exploded":true,"_verified":true,"FunctionDeclaration":{"exit":[null]},"FunctionExpression":{"exit":[null]},"ObjectMethod":{"exit":[null]},"ArrowFunctionExpression":{"exit":[null]},"ClassMethod":{"exit":[null]}},"options":{"useNativeAsyncAwait":false}},{"key":"transform-meteor-dynamic-import","visitor":{"_exploded":{},"_verified":{},"CallExpression":{"enter":[null]}},"options":{}},{"key":"base$0$8","visitor":{"_exploded":{},"_verified":{},"Program":{"enter":[null]}},"options":{}},{"key":"base$0$9","visitor":{"Program":{"exit":[null]},"_exploded":true,"_verified":true},"options":{"allowTopLevelThis":true,"strictMode":false,"loose":true}},{"key":"base$0$10","visitor":{"_exploded":{},"_verified":{},"ClassDeclaration":{"enter":[null]},"ClassExpression":{"enter":[null]}},"options":{"loose":true}}],"compact":false,"ast":true,"babelrc":false,"sourceFileName":"packages/socket-stream-client/server-tests.js","filename":"packages/socket-stream-client/server-tests.js","sourceMaps":true,"envName":"development","cwd":"/Users/linjoe/MEGA/7code/web/taxiapp/client/compatibility","passPerPreset":false,"presets":[],"parserOpts":{"sourceType":"module","sourceFileName":"packages/socket-stream-client/server-tests.js","plugins":["jsx","jsx","flow","flow","objectRestSpread","objectRestSpread","dynamicImport","asyncGenerators","classProperties"]},"generatorOpts":{"filename":"packages/socket-stream-client/server-tests.js","comments":true,"compact":false,"sourceMaps":true,"sourceFileName":"packages/socket-stream-client/server-tests.js"}},"code":"let ClientStream;\nmodule.watch(require(\"meteor/socket-stream-client\"), {\n  ClientStream(v) {\n    ClientStream = v;\n  }\n\n}, 0);\nlet Fiber;\nmodule.watch(require(\"fibers\"), {\n  default(v) {\n    Fiber = v;\n  }\n\n}, 1);\ntestAsyncMulti('stream client - callbacks run in a fiber', [function (test, expect) {\n  var stream = new ClientStream(Meteor.absoluteUrl());\n  var messageFired = false;\n  var resetFired = false;\n  stream.on('message', expect(function () {\n    test.isTrue(Fiber.current);\n    if (resetFired) stream.disconnect();\n    messageFired = true;\n  }));\n  stream.on('reset', expect(function () {\n    test.isTrue(Fiber.current);\n    if (messageFired) stream.disconnect();\n    resetFired = true;\n  }));\n}]);","map":{"version":3,"sources":["packages/socket-stream-client/server-tests.js"],"names":["ClientStream","module","watch","require","v","Fiber","default","testAsyncMulti","test","expect","stream","Meteor","absoluteUrl","messageFired","resetFired","on","isTrue","current","disconnect"],"mappings":"AAAA,IAAIA,YAAJ;AAAiBC,OAAOC,KAAP,CAAaC,QAAQ,6BAAR,CAAb,EAAoD;AAACH,eAAaI,CAAb,EAAe;AAACJ,mBAAaI,CAAb;AAAe;;AAAhC,CAApD,EAAsF,CAAtF;AAAyF,IAAIC,KAAJ;AAAUJ,OAAOC,KAAP,CAAaC,QAAQ,QAAR,CAAb,EAA+B;AAACG,UAAQF,CAAR,EAAU;AAACC,YAAMD,CAAN;AAAQ;;AAApB,CAA/B,EAAqD,CAArD;AAGpHG,eAAe,0CAAf,EAA2D,CACzD,UAASC,IAAT,EAAeC,MAAf,EAAuB;AACrB,MAAIC,SAAS,IAAIV,YAAJ,CAAiBW,OAAOC,WAAP,EAAjB,CAAb;AAEA,MAAIC,eAAe,KAAnB;AACA,MAAIC,aAAa,KAAjB;AAEAJ,SAAOK,EAAP,CACE,SADF,EAEEN,OAAO,YAAW;AAChBD,SAAKQ,MAAL,CAAYX,MAAMY,OAAlB;AACA,QAAIH,UAAJ,EAAgBJ,OAAOQ,UAAP;AAChBL,mBAAe,IAAf;AACD,GAJD,CAFF;AASAH,SAAOK,EAAP,CACE,OADF,EAEEN,OAAO,YAAW;AAChBD,SAAKQ,MAAL,CAAYX,MAAMY,OAAlB;AACA,QAAIJ,YAAJ,EAAkBH,OAAOQ,UAAP;AAClBJ,iBAAa,IAAb;AACD,GAJD,CAFF;AAQD,CAxBwD,CAA3D","sourcesContent":["import { ClientStream } from \"meteor/socket-stream-client\";\nimport Fiber from \"fibers\";\n\ntestAsyncMulti('stream client - callbacks run in a fiber', [\n  function(test, expect) {\n    var stream = new ClientStream(Meteor.absoluteUrl());\n\n    var messageFired = false;\n    var resetFired = false;\n\n    stream.on(\n      'message',\n      expect(function() {\n        test.isTrue(Fiber.current);\n        if (resetFired) stream.disconnect();\n        messageFired = true;\n      })\n    );\n\n    stream.on(\n      'reset',\n      expect(function() {\n        test.isTrue(Fiber.current);\n        if (messageFired) stream.disconnect();\n        resetFired = true;\n      })\n    );\n  }\n]);\n"]},"sourceType":"script","hash":"af628092b84044bdfb5e7a8cc58682a1ba91082a"}
