{"metadata":{},"options":{"plugins":[{"key":"base$1$0","visitor":{"_exploded":{},"_verified":{},"JSXNamespacedName":{"enter":[null]},"JSXElement":{"exit":[null]},"JSXFragment":{"exit":[null]},"Program":{"enter":[null],"exit":[null]},"JSXAttribute":{"enter":[null]}},"options":{"pragma":"React.createElement","pragmaFrag":"React.Fragment","throwIfNamespace":true,"useBuiltIns":false}},{"key":"base$1$1","visitor":{"_exploded":true,"_verified":true},"options":{}},{"key":"base$1$2","visitor":{"ExportDefaultDeclaration":{"enter":[null]},"CallExpression":{"enter":[null]},"_exploded":true,"_verified":true},"options":{}},{"key":"base$0$0","visitor":{"Program":{"enter":[null]},"_exploded":true,"_verified":true},"options":{"generateLetDeclarations":true,"enforceStrictMode":false}},{"key":"base$0$1","visitor":{"_exploded":true,"_verified":true},"options":{}},{"key":"base$0$2","visitor":{"_exploded":{},"_verified":{},"Program":{"enter":[null]},"ImportDeclaration":{"enter":[null,null]},"ClassProperty":{"enter":[null]},"AssignmentPattern":{"enter":[null]},"TypeCastExpression":{"enter":[null,null]},"ImportSpecifier":{"enter":[null]},"ClassDeclaration":{"enter":[null]},"ClassExpression":{"enter":[null]},"FunctionDeclaration":{"enter":[null]},"FunctionExpression":{"enter":[null]},"ObjectMethod":{"enter":[null]},"ArrowFunctionExpression":{"enter":[null]},"ClassMethod":{"enter":[null]},"AnyTypeAnnotation":{"enter":[null]},"ArrayTypeAnnotation":{"enter":[null]},"BooleanTypeAnnotation":{"enter":[null]},"BooleanLiteralTypeAnnotation":{"enter":[null]},"NullLiteralTypeAnnotation":{"enter":[null]},"ClassImplements":{"enter":[null]},"DeclareClass":{"enter":[null]},"DeclareFunction":{"enter":[null]},"DeclareInterface":{"enter":[null]},"DeclareModule":{"enter":[null]},"DeclareModuleExports":{"enter":[null]},"DeclareTypeAlias":{"enter":[null]},"DeclareOpaqueType":{"enter":[null]},"DeclareVariable":{"enter":[null]},"DeclareExportDeclaration":{"enter":[null]},"DeclareExportAllDeclaration":{"enter":[null]},"DeclaredPredicate":{"enter":[null]},"ExistsTypeAnnotation":{"enter":[null]},"FunctionTypeAnnotation":{"enter":[null]},"FunctionTypeParam":{"enter":[null]},"GenericTypeAnnotation":{"enter":[null]},"InferredPredicate":{"enter":[null]},"InterfaceExtends":{"enter":[null]},"InterfaceDeclaration":{"enter":[null]},"IntersectionTypeAnnotation":{"enter":[null]},"MixedTypeAnnotation":{"enter":[null]},"EmptyTypeAnnotation":{"enter":[null]},"NullableTypeAnnotation":{"enter":[null]},"NumberLiteralTypeAnnotation":{"enter":[null]},"NumberTypeAnnotation":{"enter":[null]},"ObjectTypeAnnotation":{"enter":[null]},"ObjectTypeCallProperty":{"enter":[null]},"ObjectTypeIndexer":{"enter":[null]},"ObjectTypeProperty":{"enter":[null]},"ObjectTypeSpreadProperty":{"enter":[null]},"OpaqueType":{"enter":[null]},"QualifiedTypeIdentifier":{"enter":[null]},"StringLiteralTypeAnnotation":{"enter":[null]},"StringTypeAnnotation":{"enter":[null]},"ThisTypeAnnotation":{"enter":[null]},"TupleTypeAnnotation":{"enter":[null]},"TypeofTypeAnnotation":{"enter":[null]},"TypeAlias":{"enter":[null]},"TypeAnnotation":{"enter":[null]},"TypeParameter":{"enter":[null]},"TypeParameterDeclaration":{"enter":[null]},"TypeParameterInstantiation":{"enter":[null]},"UnionTypeAnnotation":{"enter":[null]},"Variance":{"enter":[null]},"VoidTypeAnnotation":{"enter":[null]},"ExportAllDeclaration":{"enter":[null]},"ExportDefaultDeclaration":{"enter":[null]},"ExportNamedDeclaration":{"enter":[null]}},"options":{}},{"key":"base$0$3","visitor":{"CallExpression":{"enter":[null]},"BinaryExpression":{"enter":[null]},"MemberExpression":{"enter":[null],"exit":[null]},"_exploded":true,"_verified":true,"Identifier":{"enter":[null]},"JSXIdentifier":{"enter":[null]}},"options":{"polyfill":false,"useBuiltIns":true}},{"key":"base$0$4","visitor":{"_exploded":true,"_verified":true},"options":{}},{"key":"base$0$5","visitor":{"_exploded":{},"_verified":{},"VariableDeclarator":{"enter":[null]},"ExportNamedDeclaration":{"enter":[null]},"CatchClause":{"enter":[null]},"AssignmentExpression":{"enter":[null]},"ObjectExpression":{"enter":[null]},"FunctionDeclaration":{"enter":[null]},"FunctionExpression":{"enter":[null]},"ObjectMethod":{"enter":[null]},"ArrowFunctionExpression":{"enter":[null]},"ClassMethod":{"enter":[null]},"ForInStatement":{"enter":[null]},"ForOfStatement":{"enter":[null]}},"options":{}},{"key":"transform-meteor-async-await","visitor":{"AwaitExpression":{"enter":[null]},"_exploded":true,"_verified":true,"FunctionDeclaration":{"exit":[null]},"FunctionExpression":{"exit":[null]},"ObjectMethod":{"exit":[null]},"ArrowFunctionExpression":{"exit":[null]},"ClassMethod":{"exit":[null]}},"options":{"useNativeAsyncAwait":false}},{"key":"transform-meteor-dynamic-import","visitor":{"_exploded":{},"_verified":{},"CallExpression":{"enter":[null]}},"options":{}},{"key":"base$0$8","visitor":{"_exploded":{},"_verified":{},"Program":{"enter":[null]}},"options":{}},{"key":"base$0$9","visitor":{"Program":{"exit":[null]},"_exploded":true,"_verified":true},"options":{"allowTopLevelThis":true,"strictMode":false,"loose":true}},{"key":"base$0$10","visitor":{"_exploded":{},"_verified":{},"ClassDeclaration":{"enter":[null]},"ClassExpression":{"enter":[null]}},"options":{"loose":true}}],"compact":false,"ast":true,"babelrc":false,"sourceFileName":"imports/ui/clienteditor.js","filename":"imports/ui/clienteditor.js","sourceMaps":true,"envName":"development","cwd":"/Users/linjoe/MEGA/7code/web/taxiapp","passPerPreset":false,"presets":[],"parserOpts":{"sourceType":"module","sourceFileName":"imports/ui/clienteditor.js","plugins":["jsx","jsx","flow","flow","objectRestSpread","objectRestSpread","dynamicImport","asyncGenerators","classProperties"]},"generatorOpts":{"filename":"imports/ui/clienteditor.js","comments":true,"compact":false,"sourceMaps":true,"sourceFileName":"imports/ui/clienteditor.js"}},"code":"let React;\nmodule.watch(require(\"react\"), {\n  default(v) {\n    React = v;\n  }\n\n}, 0);\nlet Clients;\nmodule.watch(require(\"./../api/clients\"), {\n  Clients(v) {\n    Clients = v;\n  }\n\n}, 1);\nconst clientsList = Clients.find().fetch();\nconst currencies = ['USD', 'GBP', 'EUR'];\n\nclass ClientEditor extends React.Component {\n  constructor(props) {\n    super(props);\n    this.updateData = this.updateData.bind(this);\n    this.state = {\n      amount: props.defaultValue.amount,\n      currency: props.defaultValue.currency\n    };\n  }\n\n  focus() {\n    this.refs.inputRef.focus();\n  }\n\n  updateData() {\n    this.props.onUpdate({\n      amount: this.state.amount,\n      currency: this.state.currency\n    });\n  }\n\n  render() {\n    return React.createElement(\"span\", null, React.createElement(\"input\", {\n      ref: \"inputRef\",\n      className: (this.props.editorClass || '') + ' form-control editor edit-text',\n      style: {\n        display: 'inline',\n        width: '50%'\n      },\n      type: \"text\",\n      value: this.state.amount,\n      onKeyDown: this.props.onKeyDown,\n      onChange: ev => {\n        this.setState({\n          amount: parseInt(ev.currentTarget.value, 10)\n        });\n      }\n    }), React.createElement(\"select\", {\n      value: this.state.currency,\n      onKeyDown: this.props.onKeyDown,\n      onChange: ev => {\n        this.setState({\n          currency: ev.currentTarget.value\n        });\n      }\n    }, currencies.map(currency => React.createElement(\"option\", {\n      key: currency,\n      value: currency\n    }, currency))), React.createElement(\"button\", {\n      className: \"btn btn-info btn-xs textarea-save-btn\",\n      onClick: this.updateData\n    }, \"save\"));\n  }\n\n}","map":{"version":3,"sources":["imports/ui/clienteditor.js"],"names":["React","module","watch","require","default","v","Clients","clientsList","find","fetch","currencies","ClientEditor","Component","constructor","props","updateData","bind","state","amount","defaultValue","currency","focus","refs","inputRef","onUpdate","render","editorClass","display","width","onKeyDown","ev","setState","parseInt","currentTarget","value","map"],"mappings":"AAAA,IAAIA,KAAJ;AAAUC,OAAOC,KAAP,CAAaC,QAAQ,OAAR,CAAb,EAA8B;AAACC,UAAQC,CAAR,EAAU;AAACL,YAAMK,CAAN;AAAQ;;AAApB,CAA9B,EAAoD,CAApD;AAAuD,IAAIC,OAAJ;AAAYL,OAAOC,KAAP,CAAaC,QAAQ,kBAAR,CAAb,EAAyC;AAACG,UAAQD,CAAR,EAAU;AAACC,cAAQD,CAAR;AAAU;;AAAtB,CAAzC,EAAiE,CAAjE;AAG7E,MAAME,cAAcD,QAAQE,IAAR,GAAeC,KAAf,EAApB;AACA,MAAMC,aAAa,CAAE,KAAF,EAAS,KAAT,EAAgB,KAAhB,CAAnB;;AAEA,MAAMC,YAAN,SAA2BX,MAAMY,SAAjC,CAA2C;AACzCC,cAAYC,KAAZ,EAAmB;AACjB,UAAMA,KAAN;AACA,SAAKC,UAAL,GAAkB,KAAKA,UAAL,CAAgBC,IAAhB,CAAqB,IAArB,CAAlB;AACA,SAAKC,KAAL,GAAa;AAAEC,cAAQJ,MAAMK,YAAN,CAAmBD,MAA7B;AAAqCE,gBAAUN,MAAMK,YAAN,CAAmBC;AAAlE,KAAb;AACD;;AACDC,UAAQ;AACN,SAAKC,IAAL,CAAUC,QAAV,CAAmBF,KAAnB;AACD;;AACDN,eAAa;AACX,SAAKD,KAAL,CAAWU,QAAX,CAAoB;AAAEN,cAAQ,KAAKD,KAAL,CAAWC,MAArB;AAA6BE,gBAAU,KAAKH,KAAL,CAAWG;AAAlD,KAApB;AACD;;AACDK,WAAS;AACP,WACE,kCACE;AACE,WAAI,UADN;AAEE,iBAAY,CAAE,KAAKX,KAAL,CAAWY,WAAX,IAA0B,EAA5B,IAAkC,gCAFhD;AAGE,aAAQ;AAAEC,iBAAS,QAAX;AAAqBC,eAAO;AAA5B,OAHV;AAIE,YAAK,MAJP;AAKE,aAAQ,KAAKX,KAAL,CAAWC,MALrB;AAME,iBAAY,KAAKJ,KAAL,CAAWe,SANzB;AAOE,gBAAYC,EAAD,IAAQ;AAAE,aAAKC,QAAL,CAAc;AAAEb,kBAAQc,SAASF,GAAGG,aAAH,CAAiBC,KAA1B,EAAiC,EAAjC;AAAV,SAAd;AAAkE;AAPzF,MADF,EASE;AACE,aAAQ,KAAKjB,KAAL,CAAWG,QADrB;AAEE,iBAAY,KAAKN,KAAL,CAAWe,SAFzB;AAGE,gBAAYC,EAAD,IAAQ;AAAE,aAAKC,QAAL,CAAc;AAAEX,oBAAUU,GAAGG,aAAH,CAAiBC;AAA7B,SAAd;AAAsD;AAH7E,OAIIxB,WAAWyB,GAAX,CAAef,YAAa;AAAQ,WAAMA,QAAd;AAAyB,aAAQA;AAAjC,OAA8CA,QAA9C,CAA5B,CAJJ,CATF,EAeE;AACE,iBAAU,uCADZ;AAEE,eAAU,KAAKL;AAFjB,cAfF,CADF;AAuBD;;AApCwC","sourcesContent":["import React from 'react';\nimport { Clients } from './../api/clients'\n\nconst clientsList = Clients.find().fetch()\nconst currencies = [ 'USD', 'GBP', 'EUR' ];\n\nclass ClientEditor extends React.Component {\n  constructor(props) {\n    super(props);\n    this.updateData = this.updateData.bind(this);\n    this.state = { amount: props.defaultValue.amount, currency: props.defaultValue.currency };\n  }\n  focus() {\n    this.refs.inputRef.focus();\n  }\n  updateData() {\n    this.props.onUpdate({ amount: this.state.amount, currency: this.state.currency });\n  }\n  render() {\n    return (\n      <span>\n        <input\n          ref='inputRef'\n          className={ ( this.props.editorClass || '') + ' form-control editor edit-text' }\n          style={ { display: 'inline', width: '50%' } }\n          type='text'\n          value={ this.state.amount }\n          onKeyDown={ this.props.onKeyDown }\n          onChange={ (ev) => { this.setState({ amount: parseInt(ev.currentTarget.value, 10) }); } } />\n        <select\n          value={ this.state.currency }\n          onKeyDown={ this.props.onKeyDown }\n          onChange={ (ev) => { this.setState({ currency: ev.currentTarget.value }); } } >\n          { currencies.map(currency => (<option key={ currency } value={ currency }>{ currency }</option>)) }\n        </select>\n        <button\n          className='btn btn-info btn-xs textarea-save-btn'\n          onClick={ this.updateData }>\n          save\n        </button>\n      </span>\n    );\n  }\n}"]},"sourceType":"script","hash":"b2b42556d2ebd9ed62bb2af7ca97ba0b5ee49c18"}
