{"metadata":{},"options":{"plugins":[{"key":"base$0$0","visitor":{"Program":{"enter":[null]},"_exploded":true,"_verified":true},"options":{"generateLetDeclarations":true,"enforceStrictMode":false}},{"key":"transform-meteor-dynamic-import","visitor":{"_exploded":{},"_verified":{},"CallExpression":{"enter":[null]}},"options":{}},{"key":"base$0$2","visitor":{"CallExpression":{"enter":[null]},"BinaryExpression":{"enter":[null]},"MemberExpression":{"enter":[null],"exit":[null]},"_exploded":true,"_verified":true,"Identifier":{"enter":[null]},"JSXIdentifier":{"enter":[null]}},"options":{"polyfill":false,"useBuiltIns":false}},{"key":"base$0$3","visitor":{"_exploded":{},"_verified":{},"ClassDeclaration":{"enter":[null]},"ClassExpression":{"enter":[null]}},"options":{"loose":true}},{"key":"base$0$4","visitor":{"FunctionExpression":{"exit":[null]},"_exploded":true,"_verified":true},"options":{}},{"key":"base$0$5","visitor":{"ForInStatement":{"enter":[null]},"_exploded":true,"_verified":true},"options":{}},{"key":"base$0$6","visitor":{"Program":{"exit":[null]},"_exploded":true,"_verified":true},"options":{"allowTopLevelThis":true,"strictMode":false,"loose":true}},{"key":"base$0$1$0","visitor":{"_exploded":{},"_verified":{},"JSXNamespacedName":{"enter":[null]},"JSXElement":{"exit":[null]},"JSXFragment":{"exit":[null]},"Program":{"enter":[null],"exit":[null]},"JSXAttribute":{"enter":[null]}},"options":{"pragma":"React.createElement","pragmaFrag":"React.Fragment","throwIfNamespace":true,"useBuiltIns":false}},{"key":"base$0$1$1","visitor":{"_exploded":true,"_verified":true},"options":{}},{"key":"base$0$1$2","visitor":{"ExportDefaultDeclaration":{"enter":[null]},"CallExpression":{"enter":[null]},"_exploded":true,"_verified":true},"options":{}},{"key":"base$0$0$0","visitor":{"_exploded":true,"_verified":true},"options":{}},{"key":"base$0$0$1","visitor":{"_exploded":true,"_verified":true},"options":{}},{"key":"base$0$0$2","visitor":{"ArrowFunctionExpression":{"enter":[null]},"_exploded":true,"_verified":true},"options":{}},{"key":"base$0$0$3","visitor":{"BlockStatement":{"enter":[null]},"SwitchCase":{"enter":[null]},"_exploded":true,"_verified":true},"options":{}},{"key":"base$0$0$4","visitor":{"VariableDeclaration":{"enter":[null]},"CatchClause":{"enter":[null]},"_exploded":true,"BlockStatement":{"enter":[null]},"SwitchStatement":{"enter":[null]},"Program":{"enter":[null]},"_verified":true,"DoWhileStatement":{"enter":[null]},"ForInStatement":{"enter":[null]},"ForStatement":{"enter":[null]},"WhileStatement":{"enter":[null]},"ForOfStatement":{"enter":[null]}},"options":{}},{"key":"base$0$0$5","visitor":{"ExportDefaultDeclaration":{"enter":[null]},"ClassDeclaration":{"enter":[null]},"ClassExpression":{"enter":[null]},"_exploded":true,"_verified":true},"options":{"loose":true}},{"key":"base$0$0$6","visitor":{"ObjectExpression":{"exit":[null]},"_exploded":true,"_verified":true},"options":{"loose":true}},{"key":"base$0$0$7","visitor":{"ExportNamedDeclaration":{"enter":[null]},"CatchClause":{"enter":[null]},"AssignmentExpression":{"enter":[null]},"VariableDeclaration":{"enter":[null]},"_exploded":true,"_verified":true,"ForInStatement":{"enter":[null]},"ForOfStatement":{"enter":[null]}},"options":{}},{"key":"base$0$0$8","visitor":{"ForOfStatement":{"enter":[null]},"_exploded":true,"_verified":true},"options":{"loose":true}},{"key":"base$0$0$9","visitor":{"NumericLiteral":{"enter":[null]},"StringLiteral":{"enter":[null]},"_exploded":true,"_verified":true},"options":{}},{"key":"base$0$0$10","visitor":{"ObjectExpression":{"enter":[null]},"_exploded":true,"_verified":true},"options":{}},{"key":"base$0$0$11","visitor":{"_exploded":true,"_verified":true,"FunctionDeclaration":{"enter":[null]},"FunctionExpression":{"enter":[null]},"ObjectMethod":{"enter":[null]},"ArrowFunctionExpression":{"enter":[null]},"ClassMethod":{"enter":[null]}},"options":{}},{"key":"base$0$0$12","visitor":{"ObjectMethod":{"enter":[null]},"ObjectProperty":{"enter":[null]},"_exploded":true,"_verified":true},"options":{}},{"key":"base$0$0$13","visitor":{"ArrayExpression":{"enter":[null]},"CallExpression":{"enter":[null]},"NewExpression":{"enter":[null]},"_exploded":true,"_verified":true},"options":{}},{"key":"base$0$0$14","visitor":{"RegExpLiteral":{"enter":[null]},"_exploded":true,"_verified":true},"options":{}},{"key":"base$0$0$15","visitor":{"TaggedTemplateExpression":{"enter":[null]},"TemplateLiteral":{"enter":[null]},"_exploded":true,"_verified":true},"options":{"loose":true}},{"key":"base$0$0$16","visitor":{"UnaryExpression":{"enter":[null]},"_exploded":true,"_verified":true,"BlockStatement":{"enter":[null]},"CatchClause":{"enter":[null]},"DoWhileStatement":{"enter":[null]},"ForInStatement":{"enter":[null]},"ForStatement":{"enter":[null]},"FunctionDeclaration":{"enter":[null]},"FunctionExpression":{"enter":[null]},"Program":{"enter":[null]},"ObjectMethod":{"enter":[null]},"SwitchStatement":{"enter":[null]},"WhileStatement":{"enter":[null]},"ArrowFunctionExpression":{"enter":[null]},"ClassDeclaration":{"enter":[null]},"ClassExpression":{"enter":[null]},"ForOfStatement":{"enter":[null]},"ClassMethod":{"enter":[null]}},"options":{}},{"key":"base$0$0$17","visitor":{"RegExpLiteral":{"enter":[null]},"_exploded":true,"_verified":true},"options":{}},{"key":"base$0$0$18","visitor":{"_exploded":true,"_verified":true},"options":{}},{"key":"base$0$0$19","visitor":{"_exploded":{},"_verified":{},"VariableDeclarator":{"enter":[null]},"ExportNamedDeclaration":{"enter":[null]},"CatchClause":{"enter":[null]},"AssignmentExpression":{"enter":[null]},"ObjectExpression":{"enter":[null]},"FunctionDeclaration":{"enter":[null]},"FunctionExpression":{"enter":[null]},"ObjectMethod":{"enter":[null]},"ArrowFunctionExpression":{"enter":[null]},"ClassMethod":{"enter":[null]},"ForInStatement":{"enter":[null]},"ForOfStatement":{"enter":[null]}},"options":{}},{"key":"base$0$0$20","visitor":{"ObjectProperty":{"exit":[null]},"_exploded":true,"_verified":true},"options":{}},{"key":"base$0$0$21","visitor":{"_exploded":{},"_verified":{},"Program":{"enter":[null]},"ImportDeclaration":{"enter":[null,null]},"ClassProperty":{"enter":[null]},"AssignmentPattern":{"enter":[null]},"TypeCastExpression":{"enter":[null,null]},"ImportSpecifier":{"enter":[null]},"ClassDeclaration":{"enter":[null]},"ClassExpression":{"enter":[null]},"FunctionDeclaration":{"enter":[null]},"FunctionExpression":{"enter":[null]},"ObjectMethod":{"enter":[null]},"ArrowFunctionExpression":{"enter":[null]},"ClassMethod":{"enter":[null]},"AnyTypeAnnotation":{"enter":[null]},"ArrayTypeAnnotation":{"enter":[null]},"BooleanTypeAnnotation":{"enter":[null]},"BooleanLiteralTypeAnnotation":{"enter":[null]},"NullLiteralTypeAnnotation":{"enter":[null]},"ClassImplements":{"enter":[null]},"DeclareClass":{"enter":[null]},"DeclareFunction":{"enter":[null]},"DeclareInterface":{"enter":[null]},"DeclareModule":{"enter":[null]},"DeclareModuleExports":{"enter":[null]},"DeclareTypeAlias":{"enter":[null]},"DeclareOpaqueType":{"enter":[null]},"DeclareVariable":{"enter":[null]},"DeclareExportDeclaration":{"enter":[null]},"DeclareExportAllDeclaration":{"enter":[null]},"DeclaredPredicate":{"enter":[null]},"ExistsTypeAnnotation":{"enter":[null]},"FunctionTypeAnnotation":{"enter":[null]},"FunctionTypeParam":{"enter":[null]},"GenericTypeAnnotation":{"enter":[null]},"InferredPredicate":{"enter":[null]},"InterfaceExtends":{"enter":[null]},"InterfaceDeclaration":{"enter":[null]},"IntersectionTypeAnnotation":{"enter":[null]},"MixedTypeAnnotation":{"enter":[null]},"EmptyTypeAnnotation":{"enter":[null]},"NullableTypeAnnotation":{"enter":[null]},"NumberLiteralTypeAnnotation":{"enter":[null]},"NumberTypeAnnotation":{"enter":[null]},"ObjectTypeAnnotation":{"enter":[null]},"ObjectTypeCallProperty":{"enter":[null]},"ObjectTypeIndexer":{"enter":[null]},"ObjectTypeProperty":{"enter":[null]},"ObjectTypeSpreadProperty":{"enter":[null]},"OpaqueType":{"enter":[null]},"QualifiedTypeIdentifier":{"enter":[null]},"StringLiteralTypeAnnotation":{"enter":[null]},"StringTypeAnnotation":{"enter":[null]},"ThisTypeAnnotation":{"enter":[null]},"TupleTypeAnnotation":{"enter":[null]},"TypeofTypeAnnotation":{"enter":[null]},"TypeAlias":{"enter":[null]},"TypeAnnotation":{"enter":[null]},"TypeParameter":{"enter":[null]},"TypeParameterDeclaration":{"enter":[null]},"TypeParameterInstantiation":{"enter":[null]},"UnionTypeAnnotation":{"enter":[null]},"Variance":{"enter":[null]},"VoidTypeAnnotation":{"enter":[null]},"ExportAllDeclaration":{"enter":[null]},"ExportDefaultDeclaration":{"enter":[null]},"ExportNamedDeclaration":{"enter":[null]}},"options":{}},{"key":"base$0$0$22","visitor":{"AssignmentExpression":{"enter":[null]},"BinaryExpression":{"enter":[null]},"_exploded":true,"_verified":true},"options":{}},{"key":"base$0$0$23","visitor":{"_exploded":{},"_verified":{},"Program":{"enter":[null]}},"options":{}},{"key":"regenerator-transform","visitor":{"_exploded":true,"_verified":true,"FunctionDeclaration":{"exit":[null]},"FunctionExpression":{"exit":[null]},"ObjectMethod":{"exit":[null]},"ArrowFunctionExpression":{"exit":[null]},"ClassMethod":{"exit":[null]}},"options":{}}],"presets":[],"compact":false,"ast":true,"babelrc":false,"sourceFileName":"packages/accounts-base/url_client.js","filename":"packages/accounts-base/url_client.js","sourceMaps":true,"envName":"development","cwd":"/Users/linjoe/MEGA/7code/web/taxiapp/client/compatibility","passPerPreset":false,"parserOpts":{"sourceType":"module","sourceFileName":"packages/accounts-base/url_client.js","plugins":["dynamicImport","classProperties","jsx","jsx","flow","asyncGenerators","objectRestSpread","objectRestSpread","flow","asyncGenerators"]},"generatorOpts":{"filename":"packages/accounts-base/url_client.js","comments":true,"compact":false,"sourceMaps":true,"sourceFileName":"packages/accounts-base/url_client.js"}},"code":"module.export({\n  AccountsTest: function () {\n    return AccountsTest;\n  }\n});\nvar AccountsClient;\nmodule.watch(require(\"./accounts_client.js\"), {\n  AccountsClient: function (v) {\n    AccountsClient = v;\n  }\n}, 0);\nvar Ap = AccountsClient.prototype; // All of the special hash URLs we support for accounts interactions\n\nvar accountsPaths = [\"reset-password\", \"verify-email\", \"enroll-account\"];\nvar savedHash = window.location.hash;\n\nAp._initUrlMatching = function () {\n  // By default, allow the autologin process to happen.\n  this._autoLoginEnabled = true; // We only support one callback per URL.\n\n  this._accountsCallbacks = {}; // Try to match the saved value of window.location.hash.\n\n  this._attemptToMatchHash();\n}; // Separate out this functionality for testing\n\n\nAp._attemptToMatchHash = function () {\n  attemptToMatchHash(this, savedHash, defaultSuccessHandler);\n}; // Note that both arguments are optional and are currently only passed by\n// accounts_url_tests.js.\n\n\nfunction attemptToMatchHash(accounts, hash, success) {\n  _.each(accountsPaths, function (urlPart) {\n    var token;\n    var tokenRegex = new RegExp(\"^\\\\#\\\\/\" + urlPart + \"\\\\/(.*)$\");\n    var match = hash.match(tokenRegex);\n\n    if (match) {\n      token = match[1]; // XXX COMPAT WITH 0.9.3\n\n      if (urlPart === \"reset-password\") {\n        accounts._resetPasswordToken = token;\n      } else if (urlPart === \"verify-email\") {\n        accounts._verifyEmailToken = token;\n      } else if (urlPart === \"enroll-account\") {\n        accounts._enrollAccountToken = token;\n      }\n    } else {\n      return;\n    } // If no handlers match the hash, then maybe it's meant to be consumed\n    // by some entirely different code, so we only clear it the first time\n    // a handler successfully matches. Note that later handlers reuse the\n    // savedHash, so clearing window.location.hash here will not interfere\n    // with their needs.\n\n\n    window.location.hash = \"\"; // Do some stuff with the token we matched\n\n    success.call(accounts, token, urlPart);\n  });\n}\n\nfunction defaultSuccessHandler(token, urlPart) {\n  var self = this; // put login in a suspended state to wait for the interaction to finish\n\n  self._autoLoginEnabled = false; // wait for other packages to register callbacks\n\n  Meteor.startup(function () {\n    // if a callback has been registered for this kind of token, call it\n    if (self._accountsCallbacks[urlPart]) {\n      self._accountsCallbacks[urlPart](token, function () {\n        self._enableAutoLogin();\n      });\n    }\n  });\n} // Export for testing\n\n\nvar AccountsTest = {\n  attemptToMatchHash: function (hash, success) {\n    return attemptToMatchHash(Accounts, hash, success);\n  }\n};\n\n// XXX these should be moved to accounts-password eventually. Right now\n// this is prevented by the need to set autoLoginEnabled=false, but in\n// some bright future we won't need to do that anymore.\n\n/**\n * @summary Register a function to call when a reset password link is clicked\n * in an email sent by\n * [`Accounts.sendResetPasswordEmail`](#accounts_sendresetpasswordemail).\n * This function should be called in top-level code, not inside\n * `Meteor.startup()`.\n * @memberof! Accounts\n * @name onResetPasswordLink\n * @param  {Function} callback The function to call. It is given two arguments:\n *\n * 1. `token`: A password reset token that can be passed to\n * [`Accounts.resetPassword`](#accounts_resetpassword).\n * 2. `done`: A function to call when the password reset UI flow is complete. The normal\n * login process is suspended until this function is called, so that the\n * password for user A can be reset even if user B was logged in.\n * @locus Client\n */\nAp.onResetPasswordLink = function (callback) {\n  if (this._accountsCallbacks[\"reset-password\"]) {\n    Meteor._debug(\"Accounts.onResetPasswordLink was called more than once. \" + \"Only one callback added will be executed.\");\n  }\n\n  this._accountsCallbacks[\"reset-password\"] = callback;\n};\n/**\n * @summary Register a function to call when an email verification link is\n * clicked in an email sent by\n * [`Accounts.sendVerificationEmail`](#accounts_sendverificationemail).\n * This function should be called in top-level code, not inside\n * `Meteor.startup()`.\n * @memberof! Accounts\n * @name onEmailVerificationLink\n * @param  {Function} callback The function to call. It is given two arguments:\n *\n * 1. `token`: An email verification token that can be passed to\n * [`Accounts.verifyEmail`](#accounts_verifyemail).\n * 2. `done`: A function to call when the email verification UI flow is complete.\n * The normal login process is suspended until this function is called, so\n * that the user can be notified that they are verifying their email before\n * being logged in.\n * @locus Client\n */\n\n\nAp.onEmailVerificationLink = function (callback) {\n  if (this._accountsCallbacks[\"verify-email\"]) {\n    Meteor._debug(\"Accounts.onEmailVerificationLink was called more than once. \" + \"Only one callback added will be executed.\");\n  }\n\n  this._accountsCallbacks[\"verify-email\"] = callback;\n};\n/**\n * @summary Register a function to call when an account enrollment link is\n * clicked in an email sent by\n * [`Accounts.sendEnrollmentEmail`](#accounts_sendenrollmentemail).\n * This function should be called in top-level code, not inside\n * `Meteor.startup()`.\n * @memberof! Accounts\n * @name onEnrollmentLink\n * @param  {Function} callback The function to call. It is given two arguments:\n *\n * 1. `token`: A password reset token that can be passed to\n * [`Accounts.resetPassword`](#accounts_resetpassword) to give the newly\n * enrolled account a password.\n * 2. `done`: A function to call when the enrollment UI flow is complete.\n * The normal login process is suspended until this function is called, so that\n * user A can be enrolled even if user B was logged in.\n * @locus Client\n */\n\n\nAp.onEnrollmentLink = function (callback) {\n  if (this._accountsCallbacks[\"enroll-account\"]) {\n    Meteor._debug(\"Accounts.onEnrollmentLink was called more than once. \" + \"Only one callback added will be executed.\");\n  }\n\n  this._accountsCallbacks[\"enroll-account\"] = callback;\n};","map":{"version":3,"sources":["packages/accounts-base/url_client.js"],"names":["module","export","AccountsTest","AccountsClient","watch","require","v","Ap","prototype","accountsPaths","savedHash","window","location","hash","_initUrlMatching","_autoLoginEnabled","_accountsCallbacks","_attemptToMatchHash","attemptToMatchHash","defaultSuccessHandler","accounts","success","_","each","urlPart","token","tokenRegex","RegExp","match","_resetPasswordToken","_verifyEmailToken","_enrollAccountToken","call","self","Meteor","startup","_enableAutoLogin","Accounts","onResetPasswordLink","callback","_debug","onEmailVerificationLink","onEnrollmentLink"],"mappings":"AAAAA,OAAOC,MAAP,CAAc;AAACC,gBAAa;AAAA,WAAIA,YAAJ;AAAA;AAAd,CAAd;AAA+C,IAAIC,cAAJ;AAAmBH,OAAOI,KAAP,CAAaC,QAAQ,sBAAR,CAAb,EAA6C;AAACF,gBAAD,YAAgBG,CAAhB,EAAkB;AAACH,qBAAeG,CAAf;AAAiB;AAApC,CAA7C,EAAmF,CAAnF;AAElE,IAAIC,KAAKJ,eAAeK,SAAxB,C,CAEA;;AACA,IAAIC,gBAAgB,CAAC,gBAAD,EAAmB,cAAnB,EAAmC,gBAAnC,CAApB;AAEA,IAAIC,YAAYC,OAAOC,QAAP,CAAgBC,IAAhC;;AAEAN,GAAGO,gBAAH,GAAsB,YAAY;AAChC;AACA,OAAKC,iBAAL,GAAyB,IAAzB,CAFgC,CAIhC;;AACA,OAAKC,kBAAL,GAA0B,EAA1B,CALgC,CAOhC;;AACA,OAAKC,mBAAL;AACD,CATD,C,CAWA;;;AAEAV,GAAGU,mBAAH,GAAyB,YAAY;AACnCC,qBAAmB,IAAnB,EAAyBR,SAAzB,EAAoCS,qBAApC;AACD,CAFD,C,CAIA;AACA;;;AACA,SAASD,kBAAT,CAA4BE,QAA5B,EAAsCP,IAAtC,EAA4CQ,OAA5C,EAAqD;AACnDC,IAAEC,IAAF,CAAOd,aAAP,EAAsB,UAAUe,OAAV,EAAmB;AACvC,QAAIC,KAAJ;AAEA,QAAIC,aAAa,IAAIC,MAAJ,CAAW,YAAYH,OAAZ,GAAsB,UAAjC,CAAjB;AACA,QAAII,QAAQf,KAAKe,KAAL,CAAWF,UAAX,CAAZ;;AAEA,QAAIE,KAAJ,EAAW;AACTH,cAAQG,MAAM,CAAN,CAAR,CADS,CAGT;;AACA,UAAIJ,YAAY,gBAAhB,EAAkC;AAChCJ,iBAASS,mBAAT,GAA+BJ,KAA/B;AACD,OAFD,MAEO,IAAID,YAAY,cAAhB,EAAgC;AACrCJ,iBAASU,iBAAT,GAA6BL,KAA7B;AACD,OAFM,MAEA,IAAID,YAAY,gBAAhB,EAAkC;AACvCJ,iBAASW,mBAAT,GAA+BN,KAA/B;AACD;AACF,KAXD,MAWO;AACL;AACD,KAnBsC,CAqBvC;AACA;AACA;AACA;AACA;;;AACAd,WAAOC,QAAP,CAAgBC,IAAhB,GAAuB,EAAvB,CA1BuC,CA4BvC;;AACAQ,YAAQW,IAAR,CAAaZ,QAAb,EAAuBK,KAAvB,EAA8BD,OAA9B;AACD,GA9BD;AA+BD;;AAED,SAASL,qBAAT,CAA+BM,KAA/B,EAAsCD,OAAtC,EAA+C;AAC7C,MAAIS,OAAO,IAAX,CAD6C,CAG7C;;AACAA,OAAKlB,iBAAL,GAAyB,KAAzB,CAJ6C,CAM7C;;AACAmB,SAAOC,OAAP,CAAe,YAAY;AACzB;AACA,QAAIF,KAAKjB,kBAAL,CAAwBQ,OAAxB,CAAJ,EAAsC;AACpCS,WAAKjB,kBAAL,CAAwBQ,OAAxB,EAAiCC,KAAjC,EAAwC,YAAY;AAClDQ,aAAKG,gBAAL;AACD,OAFD;AAGD;AACF,GAPD;AAQD,C,CAED;;;AACO,IAAIlC,eAAe;AACxBgB,sBAAoB,UAAUL,IAAV,EAAgBQ,OAAhB,EAAyB;AAC3C,WAAOH,mBAAmBmB,QAAnB,EAA6BxB,IAA7B,EAAmCQ,OAAnC,CAAP;AACD;AAHuB,CAAnB;;AAMP;AACA;AACA;;AAEA;;;;;;;;;;;;;;;;;AAiBAd,GAAG+B,mBAAH,GAAyB,UAAUC,QAAV,EAAoB;AAC3C,MAAI,KAAKvB,kBAAL,CAAwB,gBAAxB,CAAJ,EAA+C;AAC7CkB,WAAOM,MAAP,CAAc,6DACZ,2CADF;AAED;;AAED,OAAKxB,kBAAL,CAAwB,gBAAxB,IAA4CuB,QAA5C;AACD,CAPD;AASA;;;;;;;;;;;;;;;;;;;;AAkBAhC,GAAGkC,uBAAH,GAA6B,UAAUF,QAAV,EAAoB;AAC/C,MAAI,KAAKvB,kBAAL,CAAwB,cAAxB,CAAJ,EAA6C;AAC3CkB,WAAOM,MAAP,CAAc,iEACZ,2CADF;AAED;;AAED,OAAKxB,kBAAL,CAAwB,cAAxB,IAA0CuB,QAA1C;AACD,CAPD;AASA;;;;;;;;;;;;;;;;;;;;AAkBAhC,GAAGmC,gBAAH,GAAsB,UAAUH,QAAV,EAAoB;AACxC,MAAI,KAAKvB,kBAAL,CAAwB,gBAAxB,CAAJ,EAA+C;AAC7CkB,WAAOM,MAAP,CAAc,0DACZ,2CADF;AAED;;AAED,OAAKxB,kBAAL,CAAwB,gBAAxB,IAA4CuB,QAA5C;AACD,CAPD","sourcesContent":["import {AccountsClient} from \"./accounts_client.js\";\n\nvar Ap = AccountsClient.prototype;\n\n// All of the special hash URLs we support for accounts interactions\nvar accountsPaths = [\"reset-password\", \"verify-email\", \"enroll-account\"];\n\nvar savedHash = window.location.hash;\n\nAp._initUrlMatching = function () {\n  // By default, allow the autologin process to happen.\n  this._autoLoginEnabled = true;\n\n  // We only support one callback per URL.\n  this._accountsCallbacks = {};\n\n  // Try to match the saved value of window.location.hash.\n  this._attemptToMatchHash();\n};\n\n// Separate out this functionality for testing\n\nAp._attemptToMatchHash = function () {\n  attemptToMatchHash(this, savedHash, defaultSuccessHandler);\n};\n\n// Note that both arguments are optional and are currently only passed by\n// accounts_url_tests.js.\nfunction attemptToMatchHash(accounts, hash, success) {\n  _.each(accountsPaths, function (urlPart) {\n    var token;\n\n    var tokenRegex = new RegExp(\"^\\\\#\\\\/\" + urlPart + \"\\\\/(.*)$\");\n    var match = hash.match(tokenRegex);\n\n    if (match) {\n      token = match[1];\n\n      // XXX COMPAT WITH 0.9.3\n      if (urlPart === \"reset-password\") {\n        accounts._resetPasswordToken = token;\n      } else if (urlPart === \"verify-email\") {\n        accounts._verifyEmailToken = token;\n      } else if (urlPart === \"enroll-account\") {\n        accounts._enrollAccountToken = token;\n      }\n    } else {\n      return;\n    }\n\n    // If no handlers match the hash, then maybe it's meant to be consumed\n    // by some entirely different code, so we only clear it the first time\n    // a handler successfully matches. Note that later handlers reuse the\n    // savedHash, so clearing window.location.hash here will not interfere\n    // with their needs.\n    window.location.hash = \"\";\n\n    // Do some stuff with the token we matched\n    success.call(accounts, token, urlPart);\n  });\n}\n\nfunction defaultSuccessHandler(token, urlPart) {\n  var self = this;\n\n  // put login in a suspended state to wait for the interaction to finish\n  self._autoLoginEnabled = false;\n\n  // wait for other packages to register callbacks\n  Meteor.startup(function () {\n    // if a callback has been registered for this kind of token, call it\n    if (self._accountsCallbacks[urlPart]) {\n      self._accountsCallbacks[urlPart](token, function () {\n        self._enableAutoLogin();\n      });\n    }\n  });\n}\n\n// Export for testing\nexport var AccountsTest = {\n  attemptToMatchHash: function (hash, success) {\n    return attemptToMatchHash(Accounts, hash, success);\n  }\n};\n\n// XXX these should be moved to accounts-password eventually. Right now\n// this is prevented by the need to set autoLoginEnabled=false, but in\n// some bright future we won't need to do that anymore.\n\n/**\n * @summary Register a function to call when a reset password link is clicked\n * in an email sent by\n * [`Accounts.sendResetPasswordEmail`](#accounts_sendresetpasswordemail).\n * This function should be called in top-level code, not inside\n * `Meteor.startup()`.\n * @memberof! Accounts\n * @name onResetPasswordLink\n * @param  {Function} callback The function to call. It is given two arguments:\n *\n * 1. `token`: A password reset token that can be passed to\n * [`Accounts.resetPassword`](#accounts_resetpassword).\n * 2. `done`: A function to call when the password reset UI flow is complete. The normal\n * login process is suspended until this function is called, so that the\n * password for user A can be reset even if user B was logged in.\n * @locus Client\n */\nAp.onResetPasswordLink = function (callback) {\n  if (this._accountsCallbacks[\"reset-password\"]) {\n    Meteor._debug(\"Accounts.onResetPasswordLink was called more than once. \" +\n      \"Only one callback added will be executed.\");\n  }\n\n  this._accountsCallbacks[\"reset-password\"] = callback;\n};\n\n/**\n * @summary Register a function to call when an email verification link is\n * clicked in an email sent by\n * [`Accounts.sendVerificationEmail`](#accounts_sendverificationemail).\n * This function should be called in top-level code, not inside\n * `Meteor.startup()`.\n * @memberof! Accounts\n * @name onEmailVerificationLink\n * @param  {Function} callback The function to call. It is given two arguments:\n *\n * 1. `token`: An email verification token that can be passed to\n * [`Accounts.verifyEmail`](#accounts_verifyemail).\n * 2. `done`: A function to call when the email verification UI flow is complete.\n * The normal login process is suspended until this function is called, so\n * that the user can be notified that they are verifying their email before\n * being logged in.\n * @locus Client\n */\nAp.onEmailVerificationLink = function (callback) {\n  if (this._accountsCallbacks[\"verify-email\"]) {\n    Meteor._debug(\"Accounts.onEmailVerificationLink was called more than once. \" +\n      \"Only one callback added will be executed.\");\n  }\n\n  this._accountsCallbacks[\"verify-email\"] = callback;\n};\n\n/**\n * @summary Register a function to call when an account enrollment link is\n * clicked in an email sent by\n * [`Accounts.sendEnrollmentEmail`](#accounts_sendenrollmentemail).\n * This function should be called in top-level code, not inside\n * `Meteor.startup()`.\n * @memberof! Accounts\n * @name onEnrollmentLink\n * @param  {Function} callback The function to call. It is given two arguments:\n *\n * 1. `token`: A password reset token that can be passed to\n * [`Accounts.resetPassword`](#accounts_resetpassword) to give the newly\n * enrolled account a password.\n * 2. `done`: A function to call when the enrollment UI flow is complete.\n * The normal login process is suspended until this function is called, so that\n * user A can be enrolled even if user B was logged in.\n * @locus Client\n */\nAp.onEnrollmentLink = function (callback) {\n  if (this._accountsCallbacks[\"enroll-account\"]) {\n    Meteor._debug(\"Accounts.onEnrollmentLink was called more than once. \" +\n      \"Only one callback added will be executed.\");\n  }\n\n  this._accountsCallbacks[\"enroll-account\"] = callback;\n};\n"]},"sourceType":"script","hash":"bd73583ce04a56791bf945b6c9e9fe9c964b29c0"}
